super_region_id,region_id,national_id,location_id,lam_intercept,lam_trend,gprior_sd_intercept,gprior_sd_trend,age_scale,gamma_age,gamma_year,nugget,lam,lam_ridge,lam_uncertainty,anchor,kernel_year_short,kernel_year_const,kernel_year_linear,modify_recent_years
31.0,32.0,33,33,50.0,,1.0,1.0,0.1,8.0,12.0,1e-06,20.0,0.0,5.0,30.0,0.1,5.0,0.2,False
31.0,32.0,34,34,50.0,,1.0,1.0,0.1,8.0,12.0,1e-06,20.0,0.0,5.0,30.0,0.1,5.0,0.2,False
31.0,32.0,35,35,50.0,,1.0,1.0,0.1,8.0,12.0,1e-06,20.0,0.0,5.0,30.0,0.1,5.0,0.2,False
31.0,32.0,36,36,50.0,,1.0,1.0,0.1,8.0,12.0,1e-06,20.0,0.0,5.0,30.0,0.1,5.0,0.2,False
31.0,32.0,37,37,50.0,,1.0,1.0,0.1,8.0,12.0,1e-06,20.0,0.0,5.0,30.0,0.1,5.0,0.2,False
31.0,32.0,38,38,50.0,,1.0,1.0,0.1,8.0,12.0,1e-06,20.0,0.0,5.0,30.0,0.1,5.0,0.2,False
31.0,32.0,39,39,50.0,,1.0,1.0,0.1,8.0,12.0,1e-06,20.0,0.0,5.0,30.0,0.1,5.0,0.2,False
31.0,32.0,40,40,50.0,,1.0,1.0,0.1,8.0,12.0,1e-06,20.0,0.0,5.0,30.0,0.1,5.0,0.2,False
31.0,32.0,41,41,50.0,,1.0,1.0,0.1,8.0,12.0,1e-06,20.0,0.0,5.0,30.0,0.1,5.0,0.2,False
31.0,42.0,43,43,50.0,,1.0,1.0,0.1,8.0,12.0,1e-06,20.0,0.0,5.0,30.0,0.1,5.0,0.2,False
31.0,42.0,44,44,50.0,,1.0,1.0,0.1,8.0,12.0,1e-06,20.0,0.0,5.0,30.0,0.1,5.0,0.2,False
31.0,42.0,45,45,50.0,,1.0,1.0,0.1,8.0,12.0,1e-06,20.0,0.0,5.0,30.0,0.1,5.0,0.2,False
31.0,42.0,46,46,50.0,,1.0,1.0,0.1,8.0,12.0,1e-06,20.0,0.0,5.0,30.0,0.1,5.0,0.2,False
31.0,42.0,47,47,50.0,,1.0,1.0,0.1,8.0,12.0,1e-06,20.0,0.0,5.0,30.0,0.1,5.0,0.2,False
31.0,42.0,48,48,50.0,,1.0,1.0,0.1,8.0,12.0,1e-06,20.0,0.0,5.0,30.0,0.1,5.0,0.2,False
31.0,42.0,50,50,50.0,,1.0,1.0,0.1,8.0,12.0,1e-06,20.0,0.0,5.0,30.0,0.1,5.0,0.2,False
31.0,42.0,49,49,50.0,,1.0,1.0,0.1,8.0,12.0,1e-06,20.0,0.0,5.0,30.0,0.1,5.0,0.2,False
31.0,42.0,51,51,50.0,,1.0,1.0,0.1,8.0,12.0,1e-06,20.0,0.0,5.0,30.0,0.1,5.0,0.2,False
31.0,42.0,51,53660,50.0,,1.0,1.0,0.1,8.0,12.0,1e-06,20.0,0.0,5.0,30.0,0.1,5.0,0.2,False
31.0,42.0,51,53661,50.0,,1.0,1.0,0.1,8.0,12.0,1e-06,20.0,0.0,5.0,30.0,0.1,5.0,0.2,False
31.0,42.0,51,53662,50.0,,1.0,1.0,0.1,8.0,12.0,1e-06,20.0,0.0,5.0,30.0,0.1,5.0,0.2,False
31.0,42.0,51,53663,50.0,,1.0,1.0,0.1,8.0,12.0,1e-06,20.0,0.0,5.0,30.0,0.1,5.0,0.2,False
31.0,42.0,51,53664,50.0,,1.0,1.0,0.1,8.0,12.0,1e-06,20.0,0.0,5.0,30.0,0.1,5.0,0.2,False
31.0,42.0,51,53665,50.0,,1.0,1.0,0.1,8.0,12.0,1e-06,20.0,0.0,5.0,30.0,0.1,5.0,0.2,False
31.0,42.0,51,53666,50.0,,1.0,1.0,0.1,8.0,12.0,1e-06,20.0,0.0,5.0,30.0,0.1,5.0,0.2,False
31.0,42.0,51,53667,50.0,,1.0,1.0,0.1,8.0,12.0,1e-06,20.0,0.0,5.0,30.0,0.1,5.0,0.2,False
31.0,42.0,51,53668,50.0,,1.0,1.0,0.1,8.0,12.0,1e-06,20.0,0.0,5.0,30.0,0.1,5.0,0.2,False
31.0,42.0,51,53669,50.0,,1.0,1.0,0.1,8.0,12.0,1e-06,20.0,0.0,5.0,30.0,0.1,5.0,0.2,False
31.0,42.0,51,53670,50.0,,1.0,1.0,0.1,8.0,12.0,1e-06,20.0,0.0,5.0,30.0,0.1,5.0,0.2,False
31.0,42.0,51,53671,50.0,,1.0,1.0,0.1,8.0,12.0,1e-06,20.0,0.0,5.0,30.0,0.1,5.0,0.2,False
31.0,42.0,51,53672,50.0,,1.0,1.0,0.1,8.0,12.0,1e-06,20.0,0.0,5.0,30.0,0.1,5.0,0.2,False
31.0,42.0,51,53673,50.0,,1.0,1.0,0.1,8.0,12.0,1e-06,20.0,0.0,5.0,30.0,0.1,5.0,0.2,False
31.0,42.0,51,53674,50.0,,1.0,1.0,0.1,8.0,12.0,1e-06,20.0,0.0,5.0,30.0,0.1,5.0,0.2,False
31.0,42.0,51,53675,50.0,,1.0,1.0,0.1,8.0,12.0,1e-06,20.0,0.0,5.0,30.0,0.1,5.0,0.2,False
31.0,42.0,52,52,50.0,,1.0,1.0,0.1,8.0,12.0,1e-06,20.0,0.0,5.0,30.0,0.1,5.0,0.2,False
31.0,42.0,53,53,50.0,,1.0,1.0,0.1,8.0,12.0,1e-06,20.0,0.0,5.0,30.0,0.1,5.0,0.2,False
31.0,42.0,54,54,50.0,,1.0,1.0,0.1,8.0,12.0,1e-06,20.0,0.0,5.0,30.0,0.1,5.0,0.2,False
31.0,42.0,55,55,50.0,,1.0,1.0,0.1,8.0,12.0,1e-06,20.0,0.0,5.0,30.0,0.1,5.0,0.2,False
31.0,56.0,57,57,50.0,,1.0,1.0,0.1,8.0,12.0,1e-06,20.0,0.0,5.0,30.0,0.1,5.0,0.2,False
31.0,56.0,58,58,50.0,,1.0,1.0,0.1,8.0,12.0,1e-06,20.0,0.0,5.0,30.0,0.1,5.0,0.2,False
31.0,56.0,59,59,50.0,,1.0,1.0,0.1,8.0,12.0,1e-06,20.0,0.0,5.0,30.0,0.1,5.0,0.2,False
31.0,56.0,60,60,50.0,,1.0,1.0,0.1,8.0,12.0,1e-06,20.0,0.0,5.0,30.0,0.1,5.0,0.2,False
31.0,56.0,61,61,50.0,,1.0,1.0,0.1,8.0,12.0,1e-06,20.0,0.0,5.0,30.0,0.1,5.0,0.2,False
31.0,56.0,62,62,50.0,,1.0,1.0,0.1,8.0,12.0,1e-06,20.0,0.0,5.0,30.0,0.1,5.0,0.2,False
31.0,56.0,62,44971,50.0,,1.0,1.0,0.1,8.0,12.0,1e-06,20.0,0.0,5.0,30.0,0.1,5.0,0.2,False
31.0,56.0,62,44983,50.0,,1.0,1.0,0.1,8.0,12.0,1e-06,20.0,0.0,5.0,30.0,0.1,5.0,0.2,False
31.0,56.0,62,44924,50.0,,1.0,1.0,0.1,8.0,12.0,1e-06,20.0,0.0,5.0,30.0,0.1,5.0,0.2,False
31.0,56.0,62,44936,50.0,,1.0,1.0,0.1,8.0,12.0,1e-06,20.0,0.0,5.0,30.0,0.1,5.0,0.2,False
31.0,56.0,62,44903,50.0,,1.0,1.0,0.1,8.0,12.0,1e-06,20.0,0.0,5.0,30.0,0.1,5.0,0.2,False
31.0,56.0,62,44904,50.0,,1.0,1.0,0.1,8.0,12.0,1e-06,20.0,0.0,5.0,30.0,0.1,5.0,0.2,False
31.0,56.0,62,44945,50.0,,1.0,1.0,0.1,8.0,12.0,1e-06,20.0,0.0,5.0,30.0,0.1,5.0,0.2,False
31.0,56.0,62,44966,50.0,,1.0,1.0,0.1,8.0,12.0,1e-06,20.0,0.0,5.0,30.0,0.1,5.0,0.2,False
31.0,56.0,62,44987,50.0,,1.0,1.0,0.1,8.0,12.0,1e-06,20.0,0.0,5.0,30.0,0.1,5.0,0.2,False
31.0,56.0,62,44952,50.0,,1.0,1.0,0.1,8.0,12.0,1e-06,20.0,0.0,5.0,30.0,0.1,5.0,0.2,False
31.0,56.0,62,44974,50.0,,1.0,1.0,0.1,8.0,12.0,1e-06,20.0,0.0,5.0,30.0,0.1,5.0,0.2,False
31.0,56.0,62,44907,50.0,,1.0,1.0,0.1,8.0,12.0,1e-06,20.0,0.0,5.0,30.0,0.1,5.0,0.2,False
31.0,56.0,62,44986,50.0,,1.0,1.0,0.1,8.0,12.0,1e-06,20.0,0.0,5.0,30.0,0.1,5.0,0.2,False
31.0,56.0,62,44942,50.0,,1.0,1.0,0.1,8.0,12.0,1e-06,20.0,0.0,5.0,30.0,0.1,5.0,0.2,False
31.0,56.0,62,44926,50.0,,1.0,1.0,0.1,8.0,12.0,1e-06,20.0,0.0,5.0,30.0,0.1,5.0,0.2,False
31.0,56.0,62,44908,50.0,,1.0,1.0,0.1,8.0,12.0,1e-06,20.0,0.0,5.0,30.0,0.1,5.0,0.2,False
31.0,56.0,62,44980,50.0,,1.0,1.0,0.1,8.0,12.0,1e-06,20.0,0.0,5.0,30.0,0.1,5.0,0.2,False
31.0,56.0,62,44943,50.0,,1.0,1.0,0.1,8.0,12.0,1e-06,20.0,0.0,5.0,30.0,0.1,5.0,0.2,False
31.0,56.0,62,44975,50.0,,1.0,1.0,0.1,8.0,12.0,1e-06,20.0,0.0,5.0,30.0,0.1,5.0,0.2,False
31.0,56.0,62,44982,50.0,,1.0,1.0,0.1,8.0,12.0,1e-06,20.0,0.0,5.0,30.0,0.1,5.0,0.2,False
31.0,56.0,62,44963,50.0,,1.0,1.0,0.1,8.0,12.0,1e-06,20.0,0.0,5.0,30.0,0.1,5.0,0.2,False
31.0,56.0,62,44954,50.0,,1.0,1.0,0.1,8.0,12.0,1e-06,20.0,0.0,5.0,30.0,0.1,5.0,0.2,False
31.0,56.0,62,44922,50.0,,1.0,1.0,0.1,8.0,12.0,1e-06,20.0,0.0,5.0,30.0,0.1,5.0,0.2,False
31.0,56.0,62,44909,50.0,,1.0,1.0,0.1,8.0,12.0,1e-06,20.0,0.0,5.0,30.0,0.1,5.0,0.2,False
31.0,56.0,62,44935,50.0,,1.0,1.0,0.1,8.0,12.0,1e-06,20.0,0.0,5.0,30.0,0.1,5.0,0.2,False
31.0,56.0,62,44973,50.0,,1.0,1.0,0.1,8.0,12.0,1e-06,20.0,0.0,5.0,30.0,0.1,5.0,0.2,False
31.0,56.0,62,44961,50.0,,1.0,1.0,0.1,8.0,12.0,1e-06,20.0,0.0,5.0,30.0,0.1,5.0,0.2,False
31.0,56.0,62,44910,50.0,,1.0,1.0,0.1,8.0,12.0,1e-06,20.0,0.0,5.0,30.0,0.1,5.0,0.2,False
31.0,56.0,62,44927,50.0,,1.0,1.0,0.1,8.0,12.0,1e-06,20.0,0.0,5.0,30.0,0.1,5.0,0.2,False
31.0,56.0,62,44911,50.0,,1.0,1.0,0.1,8.0,12.0,1e-06,20.0,0.0,5.0,30.0,0.1,5.0,0.2,False
31.0,56.0,62,44984,50.0,,1.0,1.0,0.1,8.0,12.0,1e-06,20.0,0.0,5.0,30.0,0.1,5.0,0.2,False
31.0,56.0,62,44920,50.0,,1.0,1.0,0.1,8.0,12.0,1e-06,20.0,0.0,5.0,30.0,0.1,5.0,0.2,False
31.0,56.0,62,44912,50.0,,1.0,1.0,0.1,8.0,12.0,1e-06,20.0,0.0,5.0,30.0,0.1,5.0,0.2,False
31.0,56.0,62,44928,50.0,,1.0,1.0,0.1,8.0,12.0,1e-06,20.0,0.0,5.0,30.0,0.1,5.0,0.2,False
31.0,56.0,62,44923,50.0,,1.0,1.0,0.1,8.0,12.0,1e-06,20.0,0.0,5.0,30.0,0.1,5.0,0.2,False
31.0,56.0,62,44955,50.0,,1.0,1.0,0.1,8.0,12.0,1e-06,20.0,0.0,5.0,30.0,0.1,5.0,0.2,False
31.0,56.0,62,44929,50.0,,1.0,1.0,0.1,8.0,12.0,1e-06,20.0,0.0,5.0,30.0,0.1,5.0,0.2,False
31.0,56.0,62,44976,50.0,,1.0,1.0,0.1,8.0,12.0,1e-06,20.0,0.0,5.0,30.0,0.1,5.0,0.2,False
31.0,56.0,62,44977,50.0,,1.0,1.0,0.1,8.0,12.0,1e-06,20.0,0.0,5.0,30.0,0.1,5.0,0.2,False
31.0,56.0,62,44956,50.0,,1.0,1.0,0.1,8.0,12.0,1e-06,20.0,0.0,5.0,30.0,0.1,5.0,0.2,False
31.0,56.0,62,44913,50.0,,1.0,1.0,0.1,8.0,12.0,1e-06,20.0,0.0,5.0,30.0,0.1,5.0,0.2,False
31.0,56.0,62,44957,50.0,,1.0,1.0,0.1,8.0,12.0,1e-06,20.0,0.0,5.0,30.0,0.1,5.0,0.2,False
31.0,56.0,62,44953,50.0,,1.0,1.0,0.1,8.0,12.0,1e-06,20.0,0.0,5.0,30.0,0.1,5.0,0.2,False
31.0,56.0,62,44981,50.0,,1.0,1.0,0.1,8.0,12.0,1e-06,20.0,0.0,5.0,30.0,0.1,5.0,0.2,False
31.0,56.0,62,44930,50.0,,1.0,1.0,0.1,8.0,12.0,1e-06,20.0,0.0,5.0,30.0,0.1,5.0,0.2,False
31.0,56.0,62,44932,50.0,,1.0,1.0,0.1,8.0,12.0,1e-06,20.0,0.0,5.0,30.0,0.1,5.0,0.2,False
31.0,56.0,62,44967,50.0,,1.0,1.0,0.1,8.0,12.0,1e-06,20.0,0.0,5.0,30.0,0.1,5.0,0.2,False
31.0,56.0,62,44947,50.0,,1.0,1.0,0.1,8.0,12.0,1e-06,20.0,0.0,5.0,30.0,0.1,5.0,0.2,False
31.0,56.0,62,44968,50.0,,1.0,1.0,0.1,8.0,12.0,1e-06,20.0,0.0,5.0,30.0,0.1,5.0,0.2,False
31.0,56.0,62,44940,50.0,,1.0,1.0,0.1,8.0,12.0,1e-06,20.0,0.0,5.0,30.0,0.1,5.0,0.2,False
31.0,56.0,62,44941,50.0,,1.0,1.0,0.1,8.0,12.0,1e-06,20.0,0.0,5.0,30.0,0.1,5.0,0.2,False
31.0,56.0,62,44933,50.0,,1.0,1.0,0.1,8.0,12.0,1e-06,20.0,0.0,5.0,30.0,0.1,5.0,0.2,False
31.0,56.0,62,44921,50.0,,1.0,1.0,0.1,8.0,12.0,1e-06,20.0,0.0,5.0,30.0,0.1,5.0,0.2,False
31.0,56.0,62,44970,50.0,,1.0,1.0,0.1,8.0,12.0,1e-06,20.0,0.0,5.0,30.0,0.1,5.0,0.2,False
31.0,56.0,62,44948,50.0,,1.0,1.0,0.1,8.0,12.0,1e-06,20.0,0.0,5.0,30.0,0.1,5.0,0.2,False
31.0,56.0,62,44949,50.0,,1.0,1.0,0.1,8.0,12.0,1e-06,20.0,0.0,5.0,30.0,0.1,5.0,0.2,False
31.0,56.0,62,44944,50.0,,1.0,1.0,0.1,8.0,12.0,1e-06,20.0,0.0,5.0,30.0,0.1,5.0,0.2,False
31.0,56.0,62,44979,50.0,,1.0,1.0,0.1,8.0,12.0,1e-06,20.0,0.0,5.0,30.0,0.1,5.0,0.2,False
31.0,56.0,62,44950,50.0,,1.0,1.0,0.1,8.0,12.0,1e-06,20.0,0.0,5.0,30.0,0.1,5.0,0.2,False
31.0,56.0,62,44969,50.0,,1.0,1.0,0.1,8.0,12.0,1e-06,20.0,0.0,5.0,30.0,0.1,5.0,0.2,False
31.0,56.0,62,44938,50.0,,1.0,1.0,0.1,8.0,12.0,1e-06,20.0,0.0,5.0,30.0,0.1,5.0,0.2,False
31.0,56.0,62,44914,50.0,,1.0,1.0,0.1,8.0,12.0,1e-06,20.0,0.0,5.0,30.0,0.1,5.0,0.2,False
31.0,56.0,62,44931,50.0,,1.0,1.0,0.1,8.0,12.0,1e-06,20.0,0.0,5.0,30.0,0.1,5.0,0.2,False
31.0,56.0,62,44985,50.0,,1.0,1.0,0.1,8.0,12.0,1e-06,20.0,0.0,5.0,30.0,0.1,5.0,0.2,False
31.0,56.0,62,44958,50.0,,1.0,1.0,0.1,8.0,12.0,1e-06,20.0,0.0,5.0,30.0,0.1,5.0,0.2,False
31.0,56.0,62,44959,50.0,,1.0,1.0,0.1,8.0,12.0,1e-06,20.0,0.0,5.0,30.0,0.1,5.0,0.2,False
31.0,56.0,62,44915,50.0,,1.0,1.0,0.1,8.0,12.0,1e-06,20.0,0.0,5.0,30.0,0.1,5.0,0.2,False
31.0,56.0,62,44946,50.0,,1.0,1.0,0.1,8.0,12.0,1e-06,20.0,0.0,5.0,30.0,0.1,5.0,0.2,False
31.0,56.0,62,44962,50.0,,1.0,1.0,0.1,8.0,12.0,1e-06,20.0,0.0,5.0,30.0,0.1,5.0,0.2,False
31.0,56.0,62,44916,50.0,,1.0,1.0,0.1,8.0,12.0,1e-06,20.0,0.0,5.0,30.0,0.1,5.0,0.2,False
31.0,56.0,62,44978,50.0,,1.0,1.0,0.1,8.0,12.0,1e-06,20.0,0.0,5.0,30.0,0.1,5.0,0.2,False
31.0,56.0,62,44918,50.0,,1.0,1.0,0.1,8.0,12.0,1e-06,20.0,0.0,5.0,30.0,0.1,5.0,0.2,False
31.0,56.0,62,44917,50.0,,1.0,1.0,0.1,8.0,12.0,1e-06,20.0,0.0,5.0,30.0,0.1,5.0,0.2,False
31.0,56.0,62,44965,50.0,,1.0,1.0,0.1,8.0,12.0,1e-06,20.0,0.0,5.0,30.0,0.1,5.0,0.2,False
31.0,56.0,62,44951,50.0,,1.0,1.0,0.1,8.0,12.0,1e-06,20.0,0.0,5.0,30.0,0.1,5.0,0.2,False
31.0,56.0,62,44960,50.0,,1.0,1.0,0.1,8.0,12.0,1e-06,20.0,0.0,5.0,30.0,0.1,5.0,0.2,False
31.0,56.0,62,44905,50.0,,1.0,1.0,0.1,8.0,12.0,1e-06,20.0,0.0,5.0,30.0,0.1,5.0,0.2,False
31.0,56.0,62,44937,50.0,,1.0,1.0,0.1,8.0,12.0,1e-06,20.0,0.0,5.0,30.0,0.1,5.0,0.2,False
31.0,56.0,62,44925,50.0,,1.0,1.0,0.1,8.0,12.0,1e-06,20.0,0.0,5.0,30.0,0.1,5.0,0.2,False
31.0,56.0,62,44906,50.0,,1.0,1.0,0.1,8.0,12.0,1e-06,20.0,0.0,5.0,30.0,0.1,5.0,0.2,False
31.0,56.0,62,44964,50.0,,1.0,1.0,0.1,8.0,12.0,1e-06,20.0,0.0,5.0,30.0,0.1,5.0,0.2,False
31.0,56.0,62,44919,50.0,,1.0,1.0,0.1,8.0,12.0,1e-06,20.0,0.0,5.0,30.0,0.1,5.0,0.2,False
31.0,56.0,62,44972,50.0,,1.0,1.0,0.1,8.0,12.0,1e-06,20.0,0.0,5.0,30.0,0.1,5.0,0.2,False
31.0,56.0,63,63,50.0,,1.0,1.0,0.1,8.0,12.0,1e-06,20.0,0.0,5.0,30.0,0.1,5.0,0.2,False
31.0,56.0,63,44934,50.0,,1.0,1.0,0.1,8.0,12.0,1e-06,20.0,0.0,5.0,30.0,0.1,5.0,0.2,False
31.0,56.0,63,44939,50.0,,1.0,1.0,0.1,8.0,12.0,1e-06,20.0,0.0,5.0,30.0,0.1,5.0,0.2,False
31.0,56.0,63,50559,50.0,,1.0,1.0,0.1,8.0,12.0,1e-06,20.0,0.0,5.0,30.0,0.1,5.0,0.2,False
64.0,70.0,71,71,50.0,,1.0,1.0,0.1,8.0,12.0,1e-06,5.0,0.0,5.0,30.0,0.1,5.0,0.2,False
64.0,70.0,72,72,50.0,,1.0,1.0,0.1,8.0,12.0,1e-06,5.0,0.0,5.0,30.0,0.1,5.0,0.2,False
64.0,70.0,72,44850,50.0,,1.0,1.0,0.1,8.0,12.0,1e-06,5.0,0.0,5.0,30.0,0.1,5.0,0.2,False
64.0,70.0,72,44851,50.0,,1.0,1.0,0.1,8.0,12.0,1e-06,5.0,0.0,5.0,30.0,0.1,5.0,0.2,False
64.0,65.0,66,66,50.0,,1.0,1.0,0.1,8.0,100.0,1e-06,5.0,0.0,5.0,30.0,0.1,5.0,0.2,False
64.0,65.0,67,67,50.0,,1.0,1.0,0.1,8.0,12.0,1e-06,5.0,0.0,5.0,30.0,0.1,5.0,0.2,False
64.0,65.0,67,35446,50.0,,1.0,1.0,0.1,8.0,12.0,1e-06,5.0,0.0,5.0,30.0,0.1,5.0,0.2,False
64.0,65.0,67,35428,50.0,,1.0,1.0,0.1,8.0,12.0,1e-06,5.0,0.0,5.0,30.0,0.1,5.0,0.2,False
64.0,65.0,67,35425,50.0,,1.0,1.0,0.1,8.0,12.0,1e-06,5.0,0.0,5.0,30.0,0.1,5.0,0.2,False
64.0,65.0,67,35435,50.0,,1.0,1.0,0.1,8.0,12.0,1e-06,5.0,0.0,5.0,30.0,0.1,5.0,0.2,False
64.0,65.0,67,35461,50.0,,1.0,1.0,0.1,8.0,12.0,1e-06,5.0,0.0,5.0,30.0,0.1,5.0,0.2,False
64.0,65.0,67,35441,50.0,,1.0,1.0,0.1,8.0,12.0,1e-06,5.0,0.0,5.0,30.0,0.1,5.0,0.2,False
64.0,65.0,67,35463,50.0,,1.0,1.0,0.1,8.0,12.0,1e-06,5.0,0.0,5.0,30.0,0.1,5.0,0.2,False
64.0,65.0,67,35430,50.0,,1.0,1.0,0.1,8.0,12.0,1e-06,5.0,0.0,5.0,30.0,0.1,5.0,0.2,False
64.0,65.0,67,35444,50.0,,1.0,1.0,0.1,8.0,12.0,1e-06,5.0,0.0,5.0,30.0,0.1,5.0,0.2,False
64.0,65.0,67,35433,50.0,,1.0,1.0,0.1,8.0,12.0,1e-06,5.0,0.0,5.0,30.0,0.1,5.0,0.2,False
64.0,65.0,67,35457,50.0,,1.0,1.0,0.1,8.0,12.0,1e-06,5.0,0.0,5.0,30.0,0.1,5.0,0.2,False
64.0,65.0,67,35424,50.0,,1.0,1.0,0.1,8.0,12.0,1e-06,5.0,0.0,5.0,30.0,0.1,5.0,0.2,False
64.0,65.0,67,35451,50.0,,1.0,1.0,0.1,8.0,12.0,1e-06,5.0,0.0,5.0,30.0,0.1,5.0,0.2,False
64.0,65.0,67,35431,50.0,,1.0,1.0,0.1,8.0,12.0,1e-06,5.0,0.0,5.0,30.0,0.1,5.0,0.2,False
64.0,65.0,67,35440,50.0,,1.0,1.0,0.1,8.0,12.0,1e-06,5.0,0.0,5.0,30.0,0.1,5.0,0.2,False
64.0,65.0,67,35426,50.0,,1.0,1.0,0.1,8.0,12.0,1e-06,5.0,0.0,5.0,30.0,0.1,5.0,0.2,False
64.0,65.0,67,35460,50.0,,1.0,1.0,0.1,8.0,12.0,1e-06,5.0,0.0,5.0,30.0,0.1,5.0,0.2,False
64.0,65.0,67,35469,50.0,,1.0,1.0,0.1,8.0,12.0,1e-06,5.0,0.0,5.0,30.0,0.1,5.0,0.2,False
64.0,65.0,67,35437,50.0,,1.0,1.0,0.1,8.0,12.0,1e-06,5.0,0.0,5.0,30.0,0.1,5.0,0.2,False
64.0,65.0,67,35462,50.0,,1.0,1.0,0.1,8.0,12.0,1e-06,5.0,0.0,5.0,30.0,0.1,5.0,0.2,False
64.0,65.0,67,35466,50.0,,1.0,1.0,0.1,8.0,12.0,1e-06,5.0,0.0,5.0,30.0,0.1,5.0,0.2,False
64.0,65.0,67,35449,50.0,,1.0,1.0,0.1,8.0,12.0,1e-06,5.0,0.0,5.0,30.0,0.1,5.0,0.2,False
64.0,65.0,67,35447,50.0,,1.0,1.0,0.1,8.0,12.0,1e-06,5.0,0.0,5.0,30.0,0.1,5.0,0.2,False
64.0,65.0,67,35427,50.0,,1.0,1.0,0.1,8.0,12.0,1e-06,5.0,0.0,5.0,30.0,0.1,5.0,0.2,False
64.0,65.0,67,35468,50.0,,1.0,1.0,0.1,8.0,12.0,1e-06,5.0,0.0,5.0,30.0,0.1,5.0,0.2,False
64.0,65.0,67,35443,50.0,,1.0,1.0,0.1,8.0,12.0,1e-06,5.0,0.0,5.0,30.0,0.1,5.0,0.2,False
64.0,65.0,67,35465,50.0,,1.0,1.0,0.1,8.0,12.0,1e-06,5.0,0.0,5.0,30.0,0.1,5.0,0.2,False
64.0,65.0,67,35452,50.0,,1.0,1.0,0.1,8.0,12.0,1e-06,5.0,0.0,5.0,30.0,0.1,5.0,0.2,False
64.0,65.0,67,35438,50.0,,1.0,1.0,0.1,8.0,12.0,1e-06,5.0,0.0,5.0,30.0,0.1,5.0,0.2,False
64.0,65.0,67,35467,50.0,,1.0,1.0,0.1,8.0,12.0,1e-06,5.0,0.0,5.0,30.0,0.1,5.0,0.2,False
64.0,65.0,67,35456,50.0,,1.0,1.0,0.1,8.0,12.0,1e-06,5.0,0.0,5.0,30.0,0.1,5.0,0.2,False
64.0,65.0,67,35470,50.0,,1.0,1.0,0.1,8.0,12.0,1e-06,5.0,0.0,5.0,30.0,0.1,5.0,0.2,False
64.0,65.0,67,35450,50.0,,1.0,1.0,0.1,8.0,12.0,1e-06,5.0,0.0,5.0,30.0,0.1,5.0,0.2,False
64.0,65.0,67,35464,50.0,,1.0,1.0,0.1,8.0,12.0,1e-06,5.0,0.0,5.0,30.0,0.1,5.0,0.2,False
64.0,65.0,67,35434,50.0,,1.0,1.0,0.1,8.0,12.0,1e-06,5.0,0.0,5.0,30.0,0.1,5.0,0.2,False
64.0,65.0,67,35448,50.0,,1.0,1.0,0.1,8.0,12.0,1e-06,5.0,0.0,5.0,30.0,0.1,5.0,0.2,False
64.0,65.0,67,35455,50.0,,1.0,1.0,0.1,8.0,12.0,1e-06,5.0,0.0,5.0,30.0,0.1,5.0,0.2,False
64.0,65.0,67,35445,50.0,,1.0,1.0,0.1,8.0,12.0,1e-06,5.0,0.0,5.0,30.0,0.1,5.0,0.2,False
64.0,65.0,67,35432,50.0,,1.0,1.0,0.1,8.0,12.0,1e-06,5.0,0.0,5.0,30.0,0.1,5.0,0.2,False
64.0,65.0,67,35459,50.0,,1.0,1.0,0.1,8.0,12.0,1e-06,5.0,0.0,5.0,30.0,0.1,5.0,0.2,False
64.0,65.0,67,35436,50.0,,1.0,1.0,0.1,8.0,12.0,1e-06,5.0,0.0,5.0,30.0,0.1,5.0,0.2,False
64.0,65.0,67,35454,50.0,,1.0,1.0,0.1,8.0,12.0,1e-06,5.0,0.0,5.0,30.0,0.1,5.0,0.2,False
64.0,65.0,67,35439,50.0,,1.0,1.0,0.1,8.0,12.0,1e-06,5.0,0.0,5.0,30.0,0.1,5.0,0.2,False
64.0,65.0,67,35453,50.0,,1.0,1.0,0.1,8.0,12.0,1e-06,5.0,0.0,5.0,30.0,0.1,5.0,0.2,False
64.0,65.0,67,35429,50.0,,1.0,1.0,0.1,8.0,12.0,1e-06,5.0,0.0,5.0,30.0,0.1,5.0,0.2,False
64.0,65.0,67,35458,50.0,,1.0,1.0,0.1,8.0,12.0,1e-06,5.0,0.0,5.0,30.0,0.1,5.0,0.2,False
64.0,65.0,67,35442,50.0,,1.0,1.0,0.1,8.0,12.0,1e-06,5.0,0.0,5.0,30.0,0.1,5.0,0.2,False
64.0,65.0,68,68,50.0,,1.0,1.0,0.1,8.0,12.0,1e-06,5.0,0.0,5.0,30.0,0.1,5.0,0.2,False
64.0,65.0,69,69,50.0,,1.0,1.0,0.1,8.0,12.0,1e-06,5.0,0.0,5.0,30.0,0.1,5.0,0.2,False
64.0,100.0,101,101,50.0,,1.0,1.0,0.1,8.0,12.0,1e-06,5.0,0.0,5.0,30.0,0.1,5.0,0.2,False
64.0,100.0,349,349,50.0,,1.0,1.0,0.1,8.0,50.0,1e-06,5.0,0.0,5.0,30.0,0.1,5.0,0.2,False
64.0,100.0,102,102,50.0,,1.0,1.0,0.1,8.0,12.0,1e-06,5.0,0.0,5.0,30.0,0.1,5.0,0.2,False
64.0,100.0,102,523,50.0,,1.0,1.0,0.1,8.0,12.0,1e-06,5.0,0.0,5.0,30.0,0.1,5.0,0.2,False
64.0,100.0,102,524,50.0,,1.0,1.0,0.1,8.0,12.0,1e-06,5.0,0.0,5.0,30.0,0.1,5.0,0.2,False
64.0,100.0,102,525,50.0,,1.0,1.0,0.1,8.0,12.0,1e-06,5.0,0.0,5.0,30.0,0.1,5.0,0.2,False
64.0,100.0,102,526,50.0,,1.0,1.0,0.1,8.0,12.0,1e-06,5.0,0.0,5.0,30.0,0.1,5.0,0.2,False
64.0,100.0,102,527,50.0,,1.0,1.0,0.1,8.0,12.0,1e-06,5.0,0.0,5.0,30.0,0.1,5.0,0.2,False
64.0,100.0,102,528,50.0,,1.0,1.0,0.1,8.0,12.0,1e-06,5.0,0.0,5.0,30.0,0.1,5.0,0.2,False
64.0,100.0,102,529,50.0,,1.0,1.0,0.1,8.0,12.0,1e-06,5.0,0.0,5.0,30.0,0.1,5.0,0.2,False
64.0,100.0,102,530,50.0,,1.0,1.0,0.1,8.0,12.0,1e-06,5.0,0.0,5.0,30.0,0.1,5.0,0.2,False
64.0,100.0,102,531,50.0,,1.0,1.0,0.1,8.0,12.0,1e-06,5.0,0.0,5.0,30.0,0.1,5.0,0.2,False
64.0,100.0,102,532,50.0,,1.0,1.0,0.1,8.0,12.0,1e-06,5.0,0.0,5.0,30.0,0.1,5.0,0.2,False
64.0,100.0,102,533,50.0,,1.0,1.0,0.1,8.0,12.0,1e-06,5.0,0.0,5.0,30.0,0.1,5.0,0.2,False
64.0,100.0,102,534,50.0,,1.0,1.0,0.1,8.0,12.0,1e-06,5.0,0.0,5.0,30.0,0.1,5.0,0.2,False
64.0,100.0,102,535,50.0,,1.0,1.0,0.1,8.0,12.0,1e-06,5.0,0.0,5.0,30.0,0.1,5.0,0.2,False
64.0,100.0,102,536,50.0,,1.0,1.0,0.1,8.0,12.0,1e-06,5.0,0.0,5.0,30.0,0.1,5.0,0.2,False
64.0,100.0,102,537,50.0,,1.0,1.0,0.1,8.0,12.0,1e-06,5.0,0.0,5.0,30.0,0.1,5.0,0.2,False
64.0,100.0,102,538,50.0,,1.0,1.0,0.1,8.0,12.0,1e-06,5.0,0.0,5.0,30.0,0.1,5.0,0.2,False
64.0,100.0,102,539,50.0,,1.0,1.0,0.1,8.0,12.0,1e-06,5.0,0.0,5.0,30.0,0.1,5.0,0.2,False
64.0,100.0,102,540,50.0,,1.0,1.0,0.1,8.0,12.0,1e-06,5.0,0.0,5.0,30.0,0.1,5.0,0.2,False
64.0,100.0,102,541,50.0,,1.0,1.0,0.1,8.0,12.0,1e-06,5.0,0.0,5.0,30.0,0.1,5.0,0.2,False
64.0,100.0,102,542,50.0,,1.0,1.0,0.1,8.0,12.0,1e-06,5.0,0.0,5.0,30.0,0.1,5.0,0.2,False
64.0,100.0,102,543,50.0,,1.0,1.0,0.1,8.0,12.0,1e-06,5.0,0.0,5.0,30.0,0.1,5.0,0.2,False
64.0,100.0,102,544,50.0,,1.0,1.0,0.1,8.0,12.0,1e-06,5.0,0.0,5.0,30.0,0.1,5.0,0.2,False
64.0,100.0,102,545,50.0,,1.0,1.0,0.1,8.0,12.0,1e-06,5.0,0.0,5.0,30.0,0.1,5.0,0.2,False
64.0,100.0,102,546,50.0,,1.0,1.0,0.1,8.0,12.0,1e-06,5.0,0.0,5.0,30.0,0.1,5.0,0.2,False
64.0,100.0,102,547,50.0,,1.0,1.0,0.1,8.0,12.0,1e-06,5.0,0.0,5.0,30.0,0.1,5.0,0.2,False
64.0,100.0,102,548,50.0,,1.0,1.0,0.1,8.0,12.0,1e-06,5.0,0.0,5.0,30.0,0.1,5.0,0.2,False
64.0,100.0,102,549,50.0,,1.0,1.0,0.1,8.0,12.0,1e-06,5.0,0.0,5.0,30.0,0.1,5.0,0.2,False
64.0,100.0,102,550,50.0,,1.0,1.0,0.1,8.0,12.0,1e-06,5.0,0.0,5.0,30.0,0.1,5.0,0.2,False
64.0,100.0,102,551,50.0,,1.0,1.0,0.1,8.0,12.0,1e-06,5.0,0.0,5.0,30.0,0.1,5.0,0.2,False
64.0,100.0,102,552,50.0,,1.0,1.0,0.1,8.0,12.0,1e-06,5.0,0.0,5.0,30.0,0.1,5.0,0.2,False
64.0,100.0,102,553,50.0,,1.0,1.0,0.1,8.0,12.0,1e-06,5.0,0.0,5.0,30.0,0.1,5.0,0.2,False
64.0,100.0,102,554,50.0,,1.0,1.0,0.1,8.0,12.0,1e-06,5.0,0.0,5.0,30.0,0.1,5.0,0.2,False
64.0,100.0,102,555,50.0,,1.0,1.0,0.1,8.0,12.0,1e-06,5.0,0.0,5.0,30.0,0.1,5.0,0.2,False
64.0,100.0,102,556,50.0,,1.0,1.0,0.1,8.0,12.0,1e-06,5.0,0.0,5.0,30.0,0.1,5.0,0.2,False
64.0,100.0,102,557,50.0,,1.0,1.0,0.1,8.0,12.0,1e-06,5.0,0.0,5.0,30.0,0.1,5.0,0.2,False
64.0,100.0,102,558,50.0,,1.0,1.0,0.1,8.0,12.0,1e-06,5.0,0.0,5.0,30.0,0.1,5.0,0.2,False
64.0,100.0,102,559,50.0,,1.0,1.0,0.1,8.0,12.0,1e-06,5.0,0.0,5.0,30.0,0.1,5.0,0.2,False
64.0,100.0,102,560,50.0,,1.0,1.0,0.1,8.0,12.0,1e-06,5.0,0.0,5.0,30.0,0.1,5.0,0.2,False
64.0,100.0,102,561,50.0,,1.0,1.0,0.1,8.0,12.0,1e-06,5.0,0.0,5.0,30.0,0.1,5.0,0.2,False
64.0,100.0,102,562,50.0,,1.0,1.0,0.1,8.0,12.0,1e-06,5.0,0.0,5.0,30.0,0.1,5.0,0.2,False
64.0,100.0,102,563,50.0,,1.0,1.0,0.1,8.0,12.0,1e-06,5.0,0.0,5.0,30.0,0.1,5.0,0.2,False
64.0,100.0,102,564,50.0,,1.0,1.0,0.1,8.0,12.0,1e-06,5.0,0.0,5.0,30.0,0.1,5.0,0.2,False
64.0,100.0,102,565,50.0,,1.0,1.0,0.1,8.0,12.0,1e-06,5.0,0.0,5.0,30.0,0.1,5.0,0.2,False
64.0,100.0,102,566,50.0,,1.0,1.0,0.1,8.0,12.0,1e-06,5.0,0.0,5.0,30.0,0.1,5.0,0.2,False
64.0,100.0,102,567,50.0,,1.0,1.0,0.1,8.0,12.0,1e-06,5.0,0.0,5.0,30.0,0.1,5.0,0.2,False
64.0,100.0,102,568,50.0,,1.0,1.0,0.1,8.0,12.0,1e-06,5.0,0.0,5.0,30.0,0.1,5.0,0.2,False
64.0,100.0,102,569,50.0,,1.0,1.0,0.1,8.0,12.0,1e-06,5.0,0.0,5.0,30.0,0.1,5.0,0.2,False
64.0,100.0,102,570,50.0,,1.0,1.0,0.1,8.0,12.0,1e-06,5.0,0.0,5.0,30.0,0.1,5.0,0.2,False
64.0,100.0,102,571,50.0,,1.0,1.0,0.1,8.0,12.0,1e-06,5.0,0.0,5.0,30.0,0.1,5.0,0.2,False
64.0,100.0,102,572,50.0,,1.0,1.0,0.1,8.0,12.0,1e-06,5.0,0.0,5.0,30.0,0.1,5.0,0.2,False
64.0,100.0,102,573,50.0,,1.0,1.0,0.1,8.0,12.0,1e-06,5.0,0.0,5.0,30.0,0.1,5.0,0.2,False
64.0,96.0,97,97,50.0,,1.0,1.0,0.1,8.0,12.0,1e-06,5.0,0.0,5.0,30.0,0.1,5.0,0.2,True
64.0,96.0,98,98,50.0,,1.0,1.0,0.1,8.0,12.0,1e-06,5.0,0.0,5.0,30.0,0.1,5.0,0.2,False
64.0,96.0,99,99,50.0,,1.0,1.0,0.1,8.0,12.0,1e-06,5.0,0.0,5.0,30.0,0.1,5.0,0.2,False
64.0,73.0,74,74,50.0,,1.0,1.0,0.1,8.0,100.0,1e-06,5.0,0.0,5.0,30.0,0.1,5.0,0.2,False
64.0,73.0,75,75,50.0,,1.0,1.0,0.1,8.0,12.0,1e-06,5.0,0.0,5.0,30.0,0.1,5.0,0.2,False
64.0,73.0,76,76,50.0,,1.0,1.0,0.1,8.0,12.0,1e-06,5.0,0.0,5.0,30.0,0.1,5.0,0.2,False
64.0,73.0,77,77,50.0,,1.0,1.0,0.1,8.0,7.0,1e-06,5.0,2.0,5.0,30.0,0.1,5.0,0.0,False
64.0,73.0,78,78,50.0,,1.0,1.0,0.1,8.0,12.0,1e-06,5.0,0.0,5.0,30.0,0.1,5.0,0.2,False
64.0,73.0,79,79,50.0,,1.0,1.0,0.1,8.0,12.0,1e-06,5.0,0.0,5.0,30.0,0.1,5.0,0.2,False
64.0,73.0,80,80,50.0,,1.0,1.0,0.1,8.0,12.0,1e-06,5.0,0.0,5.0,30.0,0.1,5.0,0.2,False
64.0,73.0,81,81,50.0,,1.0,1.0,0.1,8.0,12.0,1e-06,5.0,0.0,5.0,30.0,0.1,5.0,0.2,False
64.0,73.0,82,82,50.0,,1.0,1.0,0.1,8.0,12.0,1e-06,5.0,0.0,5.0,30.0,0.1,5.0,0.2,False
64.0,73.0,83,83,50.0,,1.0,1.0,0.1,8.0,12.0,1e-06,5.0,0.0,5.0,30.0,0.1,5.0,0.2,False
64.0,73.0,84,84,50.0,,1.0,1.0,0.1,8.0,12.0,1e-06,5.0,0.0,5.0,30.0,0.1,5.0,0.2,False
64.0,73.0,85,85,50.0,,1.0,1.0,0.1,8.0,12.0,1e-06,5.0,0.0,5.0,30.0,0.1,5.0,0.2,False
64.0,73.0,86,86,50.0,,1.0,1.0,0.1,8.0,12.0,1e-06,5.0,0.0,5.0,30.0,0.1,5.0,0.2,False
64.0,73.0,86,35507,50.0,,1.0,1.0,0.1,8.0,12.0,1e-06,5.0,0.0,5.0,30.0,0.1,5.0,0.2,False
64.0,73.0,86,35511,50.0,,1.0,1.0,0.1,8.0,12.0,1e-06,5.0,0.0,5.0,30.0,0.1,5.0,0.2,False
64.0,73.0,86,35512,50.0,,1.0,1.0,0.1,8.0,12.0,1e-06,5.0,0.0,5.0,30.0,0.1,5.0,0.2,False
64.0,73.0,86,35509,50.0,,1.0,1.0,0.1,8.0,12.0,1e-06,5.0,0.0,5.0,30.0,0.1,5.0,0.2,False
64.0,73.0,86,35502,50.0,,1.0,1.0,0.1,8.0,12.0,1e-06,5.0,0.0,5.0,30.0,0.1,5.0,0.2,False
64.0,73.0,86,35501,50.0,,1.0,1.0,0.1,8.0,12.0,1e-06,5.0,0.0,5.0,30.0,0.1,5.0,0.2,False
64.0,73.0,86,35506,50.0,,1.0,1.0,0.1,8.0,12.0,1e-06,5.0,0.0,5.0,30.0,0.1,5.0,0.2,False
64.0,73.0,86,35496,50.0,,1.0,1.0,0.1,8.0,12.0,1e-06,5.0,0.0,5.0,30.0,0.1,5.0,0.2,False
64.0,73.0,86,35497,50.0,,1.0,1.0,0.1,8.0,12.0,1e-06,5.0,0.0,5.0,30.0,0.1,5.0,0.2,False
64.0,73.0,86,35505,50.0,,1.0,1.0,0.1,8.0,12.0,1e-06,5.0,0.0,5.0,30.0,0.1,5.0,0.2,False
64.0,73.0,86,35508,50.0,,1.0,1.0,0.1,8.0,12.0,1e-06,5.0,0.0,5.0,30.0,0.1,5.0,0.2,False
64.0,73.0,86,35494,50.0,,1.0,1.0,0.1,8.0,12.0,1e-06,5.0,0.0,5.0,30.0,0.1,5.0,0.2,False
64.0,73.0,86,35498,50.0,,1.0,1.0,0.1,8.0,12.0,1e-06,5.0,0.0,5.0,30.0,0.1,5.0,0.2,False
64.0,73.0,86,35499,50.0,,1.0,1.0,0.1,8.0,12.0,1e-06,5.0,0.0,5.0,30.0,0.1,5.0,0.2,False
64.0,73.0,86,35510,50.0,,1.0,1.0,0.1,8.0,12.0,1e-06,5.0,0.0,5.0,30.0,0.1,5.0,0.2,False
64.0,73.0,86,35514,50.0,,1.0,1.0,0.1,8.0,12.0,1e-06,5.0,0.0,5.0,30.0,0.1,5.0,0.2,False
64.0,73.0,86,35513,50.0,,1.0,1.0,0.1,8.0,12.0,1e-06,5.0,0.0,5.0,30.0,0.1,5.0,0.2,False
64.0,73.0,86,35503,50.0,,1.0,1.0,0.1,8.0,12.0,1e-06,5.0,0.0,5.0,30.0,0.1,5.0,0.2,False
64.0,73.0,86,35504,50.0,,1.0,1.0,0.1,8.0,12.0,1e-06,5.0,0.0,5.0,30.0,0.1,5.0,0.2,False
64.0,73.0,86,35495,50.0,,1.0,1.0,0.1,8.0,12.0,1e-06,5.0,0.0,5.0,30.0,0.1,5.0,0.2,False
64.0,73.0,86,35500,50.0,,1.0,1.0,0.1,8.0,12.0,1e-06,5.0,0.0,5.0,30.0,0.1,5.0,0.2,False
64.0,73.0,87,87,50.0,,1.0,1.0,0.1,8.0,12.0,1e-06,5.0,0.0,5.0,30.0,0.1,5.0,0.2,False
64.0,73.0,88,88,50.0,,1.0,1.0,0.1,8.0,12.0,1e-06,5.0,0.0,5.0,30.0,0.1,5.0,0.2,False
64.0,73.0,367,367,50.0,,1.0,1.0,0.1,8.0,12.0,1e-06,5.0,0.0,5.0,30.0,0.1,5.0,0.2,False
64.0,73.0,89,89,50.0,,1.0,1.0,0.1,8.0,12.0,1e-06,5.0,0.0,5.0,30.0,0.1,5.0,0.2,False
64.0,73.0,90,90,50.0,,1.0,1.0,0.1,8.0,12.0,1e-06,5.0,0.0,5.0,30.0,0.1,5.0,0.2,False
64.0,73.0,90,60133,50.0,,1.0,1.0,0.1,8.0,12.0,1e-06,5.0,0.0,5.0,30.0,0.1,5.0,0.2,False
64.0,73.0,90,60135,50.0,,1.0,1.0,0.1,8.0,12.0,1e-06,5.0,0.0,5.0,30.0,0.1,5.0,0.2,False
64.0,73.0,90,4923,50.0,,1.0,1.0,0.1,8.0,12.0,1e-06,5.0,0.0,5.0,30.0,0.1,5.0,0.2,False
64.0,73.0,90,4926,50.0,,1.0,1.0,0.1,8.0,12.0,1e-06,5.0,0.0,5.0,30.0,0.1,5.0,0.2,False
64.0,73.0,90,4910,50.0,,1.0,1.0,0.1,8.0,12.0,1e-06,5.0,0.0,5.0,30.0,0.1,5.0,0.2,False
64.0,73.0,90,4920,50.0,,1.0,1.0,0.1,8.0,12.0,1e-06,5.0,0.0,5.0,30.0,0.1,5.0,0.2,False
64.0,73.0,90,60137,50.0,,1.0,1.0,0.1,8.0,12.0,1e-06,5.0,0.0,5.0,30.0,0.1,5.0,0.2,False
64.0,73.0,90,53432,50.0,,1.0,1.0,0.1,8.0,12.0,1e-06,5.0,0.0,5.0,30.0,0.1,5.0,0.2,False
64.0,73.0,90,60134,50.0,,1.0,1.0,0.1,8.0,12.0,1e-06,5.0,0.0,5.0,30.0,0.1,5.0,0.2,False
64.0,73.0,90,60132,50.0,,1.0,1.0,0.1,8.0,12.0,1e-06,5.0,0.0,5.0,30.0,0.1,5.0,0.2,False
64.0,73.0,90,60136,50.0,,1.0,1.0,0.1,8.0,12.0,1e-06,5.0,0.0,5.0,30.0,0.1,5.0,0.2,False
64.0,73.0,91,91,50.0,,1.0,1.0,0.1,8.0,12.0,1e-06,5.0,0.0,5.0,30.0,0.1,5.0,0.2,False
64.0,73.0,396,396,50.0,,1.0,1.0,0.1,8.0,12.0,1e-06,5.0,0.0,5.0,30.0,0.1,5.0,0.2,False
64.0,73.0,92,92,50.0,,1.0,1.0,0.1,8.0,12.0,1e-06,5.0,0.0,5.0,30.0,0.1,5.0,0.2,False
64.0,73.0,93,93,50.0,,1.0,1.0,0.1,8.0,12.0,1e-06,5.0,0.0,5.0,30.0,0.1,5.0,0.2,False
64.0,73.0,94,94,50.0,,1.0,1.0,0.1,8.0,12.0,1e-06,5.0,0.0,5.0,30.0,0.1,5.0,0.2,False
64.0,73.0,95,95,50.0,,1.0,1.0,0.1,8.0,12.0,1e-06,5.0,0.0,5.0,30.0,0.1,5.0,0.2,False
64.0,73.0,95,4749,50.0,,1.0,1.0,0.1,8.0,12.0,1e-06,5.0,0.0,5.0,30.0,0.1,5.0,0.2,False
64.0,73.0,95,4621,50.0,,1.0,1.0,0.1,8.0,12.0,1e-06,5.0,0.0,5.0,30.0,0.1,5.0,0.2,False
64.0,73.0,95,4623,50.0,,1.0,1.0,0.1,8.0,12.0,1e-06,5.0,0.0,5.0,30.0,0.1,5.0,0.2,False
64.0,73.0,95,4624,50.0,,1.0,1.0,0.1,8.0,12.0,1e-06,5.0,0.0,5.0,30.0,0.1,5.0,0.2,False
64.0,73.0,95,4618,50.0,,1.0,1.0,0.1,8.0,12.0,1e-06,5.0,0.0,5.0,30.0,0.1,5.0,0.2,False
64.0,73.0,95,4619,50.0,,1.0,1.0,0.1,8.0,12.0,1e-06,5.0,0.0,5.0,30.0,0.1,5.0,0.2,False
64.0,73.0,95,4625,50.0,,1.0,1.0,0.1,8.0,12.0,1e-06,5.0,0.0,5.0,30.0,0.1,5.0,0.2,False
64.0,73.0,95,4626,50.0,,1.0,1.0,0.1,8.0,12.0,1e-06,5.0,0.0,5.0,30.0,0.1,5.0,0.2,False
64.0,73.0,95,4622,50.0,,1.0,1.0,0.1,8.0,12.0,1e-06,5.0,0.0,5.0,30.0,0.1,5.0,0.2,False
64.0,73.0,95,4620,50.0,,1.0,1.0,0.1,8.0,12.0,1e-06,5.0,0.0,5.0,30.0,0.1,5.0,0.2,False
64.0,73.0,95,433,50.0,,1.0,1.0,0.1,8.0,12.0,1e-06,5.0,0.0,5.0,30.0,0.1,5.0,0.2,False
64.0,73.0,95,434,50.0,,1.0,1.0,0.1,8.0,12.0,1e-06,5.0,0.0,5.0,30.0,0.1,5.0,0.2,False
64.0,73.0,95,4636,50.0,,1.0,1.0,0.1,8.0,12.0,1e-06,5.0,0.0,5.0,30.0,0.1,5.0,0.2,False
103.0,120.0,121,121,50.0,,1.0,1.0,0.1,8.0,100.0,1e-06,20.0,0.0,5.0,30.0,0.1,5.0,0.2,False
103.0,120.0,122,122,50.0,,1.0,1.0,0.1,8.0,12.0,1e-06,20.0,0.0,5.0,30.0,0.1,5.0,0.2,False
103.0,120.0,123,123,50.0,,1.0,1.0,0.1,8.0,12.0,1e-06,20.0,0.0,5.0,30.0,0.1,5.0,0.2,False
103.0,104.0,105,105,50.0,,1.0,1.0,0.1,8.0,12.0,1e-06,20.0,0.0,5.0,30.0,0.1,5.0,0.2,False
103.0,104.0,106,106,50.0,,1.0,1.0,0.1,8.0,100.0,1e-06,20.0,0.0,5.0,30.0,0.1,5.0,0.2,False
103.0,104.0,107,107,50.0,,1.0,1.0,0.1,8.0,12.0,1e-06,20.0,0.0,5.0,30.0,0.1,5.0,0.2,False
103.0,104.0,108,108,50.0,,1.0,1.0,0.1,8.0,12.0,1e-06,20.0,0.0,5.0,30.0,0.1,5.0,0.2,False
103.0,104.0,305,305,50.0,,1.0,1.0,0.1,8.0,12.0,1e-06,20.0,0.0,5.0,30.0,0.1,5.0,0.2,False
103.0,104.0,109,109,50.0,,1.0,1.0,0.1,8.0,12.0,1e-06,20.0,0.0,5.0,30.0,0.1,5.0,0.2,True
103.0,104.0,110,110,50.0,,1.0,1.0,0.1,8.0,12.0,1e-06,20.0,0.0,5.0,30.0,0.1,5.0,0.2,False
103.0,104.0,111,111,50.0,,1.0,1.0,0.1,8.0,100.0,1e-06,20.0,0.0,5.0,30.0,0.1,5.0,0.2,False
103.0,104.0,112,112,50.0,,1.0,1.0,0.1,8.0,12.0,1e-06,20.0,0.0,5.0,30.0,0.1,5.0,0.2,False
103.0,104.0,113,113,50.0,,1.0,1.0,0.1,8.0,12.0,1e-06,20.0,0.0,5.0,30.0,0.1,5.0,0.2,False
103.0,104.0,114,114,50.0,,1.0,1.0,0.1,8.0,12.0,1e-06,50.0,0.0,5.0,30.0,0.1,5.0,0.2,False
103.0,104.0,115,115,50.0,,1.0,1.0,0.1,8.0,12.0,1e-06,20.0,0.0,5.0,30.0,0.1,5.0,0.2,False
103.0,104.0,385,385,50.0,,1.0,1.0,0.1,8.0,12.0,1e-06,20.0,0.0,5.0,30.0,0.1,5.0,0.2,False
103.0,104.0,393,393,50.0,,1.0,1.0,0.1,8.0,12.0,1e-06,20.0,0.0,5.0,30.0,0.1,5.0,0.2,False
103.0,104.0,116,116,50.0,,1.0,1.0,0.1,8.0,12.0,1e-06,20.0,0.0,5.0,30.0,0.1,5.0,0.2,False
103.0,104.0,117,117,50.0,,1.0,1.0,0.1,8.0,12.0,1e-06,20.0,0.0,5.0,30.0,0.1,5.0,0.2,False
103.0,104.0,118,118,50.0,,1.0,1.0,0.1,8.0,100.0,1e-06,20.0,0.0,5.0,30.0,0.1,5.0,0.2,False
103.0,104.0,119,119,50.0,,1.0,1.0,0.1,8.0,12.0,1e-06,20.0,0.0,5.0,30.0,0.1,5.0,0.2,False
103.0,104.0,422,422,50.0,,1.0,1.0,0.1,8.0,12.0,1e-06,20.0,0.0,5.0,30.0,0.1,5.0,0.2,False
103.0,124.0,125,125,50.0,,1.0,1.0,0.1,8.0,12.0,1e-06,20.0,0.0,5.0,30.0,0.1,5.0,0.2,False
103.0,124.0,126,126,50.0,,1.0,1.0,0.1,8.0,12.0,1e-06,20.0,0.0,5.0,30.0,0.1,5.0,0.2,False
103.0,124.0,127,127,50.0,,1.0,1.0,0.1,8.0,12.0,1e-06,20.0,0.0,5.0,30.0,0.1,5.0,0.2,False
103.0,124.0,128,128,50.0,,1.0,1.0,0.1,8.0,12.0,1e-06,20.0,0.0,5.0,30.0,0.1,5.0,0.2,False
103.0,124.0,129,129,50.0,,1.0,1.0,0.1,8.0,100.0,1e-06,20.0,0.0,5.0,30.0,0.1,5.0,0.2,False
103.0,124.0,130,130,50.0,,1.0,1.0,0.1,8.0,12.0,1e-06,20.0,0.0,5.0,30.0,0.1,5.0,0.2,False
103.0,124.0,130,4643,50.0,,1.0,1.0,0.1,8.0,12.0,1e-06,20.0,0.0,5.0,30.0,0.1,5.0,0.2,False
103.0,124.0,130,4644,50.0,,1.0,1.0,0.1,8.0,12.0,1e-06,20.0,0.0,5.0,30.0,0.1,5.0,0.2,False
103.0,124.0,130,4645,50.0,,1.0,1.0,0.1,8.0,12.0,1e-06,20.0,0.0,5.0,30.0,0.1,5.0,0.2,False
103.0,124.0,130,4646,50.0,,1.0,1.0,0.1,8.0,12.0,1e-06,20.0,0.0,5.0,30.0,0.1,5.0,0.2,False
103.0,124.0,130,4649,50.0,,1.0,1.0,0.1,8.0,12.0,1e-06,20.0,0.0,5.0,30.0,0.1,5.0,0.2,False
103.0,124.0,130,4650,50.0,,1.0,1.0,0.1,8.0,12.0,1e-06,20.0,0.0,5.0,30.0,0.1,5.0,0.2,False
103.0,124.0,130,4647,50.0,,1.0,1.0,0.1,8.0,12.0,1e-06,20.0,0.0,5.0,30.0,0.1,5.0,0.2,False
103.0,124.0,130,4648,50.0,,1.0,1.0,0.1,8.0,12.0,1e-06,20.0,0.0,5.0,30.0,0.1,5.0,0.2,False
103.0,124.0,130,4652,50.0,,1.0,1.0,0.1,8.0,12.0,1e-06,20.0,0.0,5.0,30.0,0.1,5.0,0.2,False
103.0,124.0,130,4653,50.0,,1.0,1.0,0.1,8.0,12.0,1e-06,20.0,0.0,5.0,30.0,0.1,5.0,0.2,False
103.0,124.0,130,4654,50.0,,1.0,1.0,0.1,8.0,12.0,1e-06,20.0,0.0,5.0,30.0,0.1,5.0,0.2,False
103.0,124.0,130,4655,50.0,,1.0,1.0,0.1,8.0,12.0,1e-06,20.0,0.0,5.0,30.0,0.1,5.0,0.2,False
103.0,124.0,130,4656,50.0,,1.0,1.0,0.1,8.0,12.0,1e-06,20.0,0.0,5.0,30.0,0.1,5.0,0.2,False
103.0,124.0,130,4657,50.0,,1.0,1.0,0.1,8.0,12.0,1e-06,20.0,0.0,5.0,30.0,0.1,5.0,0.2,False
103.0,124.0,130,4651,50.0,,1.0,1.0,0.1,8.0,12.0,1e-06,20.0,0.0,5.0,30.0,0.1,5.0,0.2,False
103.0,124.0,130,4658,50.0,,1.0,1.0,0.1,8.0,12.0,1e-06,20.0,0.0,5.0,30.0,0.1,5.0,0.2,False
103.0,124.0,130,4659,50.0,,1.0,1.0,0.1,8.0,12.0,1e-06,20.0,0.0,5.0,30.0,0.1,5.0,0.2,False
103.0,124.0,130,4660,50.0,,1.0,1.0,0.1,8.0,12.0,1e-06,20.0,0.0,5.0,30.0,0.1,5.0,0.2,False
103.0,124.0,130,4661,50.0,,1.0,1.0,0.1,8.0,12.0,1e-06,20.0,0.0,5.0,30.0,0.1,5.0,0.2,False
103.0,124.0,130,4662,50.0,,1.0,1.0,0.1,8.0,12.0,1e-06,20.0,0.0,5.0,30.0,0.1,5.0,0.2,False
103.0,124.0,130,4663,50.0,,1.0,1.0,0.1,8.0,12.0,1e-06,20.0,0.0,5.0,30.0,0.1,5.0,0.2,False
103.0,124.0,130,4664,50.0,,1.0,1.0,0.1,8.0,12.0,1e-06,20.0,0.0,5.0,30.0,0.1,5.0,0.2,False
103.0,124.0,130,4665,50.0,,1.0,1.0,0.1,8.0,12.0,1e-06,20.0,0.0,5.0,30.0,0.1,5.0,0.2,False
103.0,124.0,130,4666,50.0,,1.0,1.0,0.1,8.0,12.0,1e-06,20.0,0.0,5.0,30.0,0.1,5.0,0.2,False
103.0,124.0,130,4667,50.0,,1.0,1.0,0.1,8.0,12.0,1e-06,20.0,0.0,5.0,30.0,0.1,5.0,0.2,False
103.0,124.0,130,4668,50.0,,1.0,1.0,0.1,8.0,12.0,1e-06,20.0,0.0,5.0,30.0,0.1,5.0,0.2,False
103.0,124.0,130,4669,50.0,,1.0,1.0,0.1,8.0,12.0,1e-06,20.0,0.0,5.0,30.0,0.1,5.0,0.2,False
103.0,124.0,130,4670,50.0,,1.0,1.0,0.1,8.0,12.0,1e-06,20.0,0.0,5.0,30.0,0.1,5.0,0.2,False
103.0,124.0,130,4671,50.0,,1.0,1.0,0.1,8.0,12.0,1e-06,20.0,0.0,5.0,30.0,0.1,5.0,0.2,False
103.0,124.0,130,4672,50.0,,1.0,1.0,0.1,8.0,12.0,1e-06,20.0,0.0,5.0,30.0,0.1,5.0,0.2,False
103.0,124.0,130,4673,50.0,,1.0,1.0,0.1,8.0,12.0,1e-06,20.0,0.0,5.0,30.0,0.1,5.0,0.2,False
103.0,124.0,130,4674,50.0,,1.0,1.0,0.1,8.0,12.0,1e-06,20.0,0.0,5.0,30.0,0.1,5.0,0.2,False
103.0,124.0,131,131,50.0,,1.0,1.0,0.1,8.0,12.0,1e-06,20.0,0.0,5.0,30.0,0.1,5.0,0.2,False
103.0,124.0,132,132,50.0,,1.0,1.0,0.1,8.0,12.0,1e-06,20.0,0.0,5.0,30.0,0.1,5.0,0.2,False
103.0,124.0,133,133,50.0,,1.0,1.0,0.1,8.0,12.0,1e-06,20.0,0.0,5.0,30.0,0.1,5.0,0.2,False
103.0,134.0,135,135,50.0,,1.0,1.0,0.1,8.0,12.0,1e-06,20.0,0.0,5.0,30.0,0.1,5.0,0.2,False
103.0,134.0,135,4750,50.0,,1.0,1.0,0.1,8.0,12.0,1e-06,20.0,0.0,5.0,30.0,0.1,5.0,0.2,False
103.0,134.0,135,4751,50.0,,1.0,1.0,0.1,8.0,12.0,1e-06,20.0,0.0,5.0,30.0,0.1,5.0,0.2,False
103.0,134.0,135,4753,50.0,,1.0,1.0,0.1,8.0,12.0,1e-06,20.0,0.0,5.0,30.0,0.1,5.0,0.2,False
103.0,134.0,135,4752,50.0,,1.0,1.0,0.1,8.0,12.0,1e-06,20.0,0.0,5.0,30.0,0.1,5.0,0.2,False
103.0,134.0,135,4754,50.0,,1.0,1.0,0.1,8.0,12.0,1e-06,20.0,0.0,5.0,30.0,0.1,5.0,0.2,False
103.0,134.0,135,4755,50.0,,1.0,1.0,0.1,8.0,12.0,1e-06,20.0,0.0,5.0,30.0,0.1,5.0,0.2,False
103.0,134.0,135,4756,50.0,,1.0,1.0,0.1,8.0,12.0,1e-06,20.0,0.0,5.0,30.0,0.1,5.0,0.2,False
103.0,134.0,135,4757,50.0,,1.0,1.0,0.1,8.0,12.0,1e-06,20.0,0.0,5.0,30.0,0.1,5.0,0.2,False
103.0,134.0,135,4758,50.0,,1.0,1.0,0.1,8.0,12.0,1e-06,20.0,0.0,5.0,30.0,0.1,5.0,0.2,False
103.0,134.0,135,4759,50.0,,1.0,1.0,0.1,8.0,12.0,1e-06,20.0,0.0,5.0,30.0,0.1,5.0,0.2,False
103.0,134.0,135,4762,50.0,,1.0,1.0,0.1,8.0,12.0,1e-06,20.0,0.0,5.0,30.0,0.1,5.0,0.2,False
103.0,134.0,135,4761,50.0,,1.0,1.0,0.1,8.0,12.0,1e-06,20.0,0.0,5.0,30.0,0.1,5.0,0.2,False
103.0,134.0,135,4760,50.0,,1.0,1.0,0.1,8.0,12.0,1e-06,20.0,0.0,5.0,30.0,0.1,5.0,0.2,False
103.0,134.0,135,4763,50.0,,1.0,1.0,0.1,8.0,12.0,1e-06,20.0,0.0,5.0,30.0,0.1,5.0,0.2,False
103.0,134.0,135,4764,50.0,,1.0,1.0,0.1,8.0,12.0,1e-06,20.0,0.0,5.0,30.0,0.1,5.0,0.2,False
103.0,134.0,135,4765,50.0,,1.0,1.0,0.1,8.0,12.0,1e-06,20.0,0.0,5.0,30.0,0.1,5.0,0.2,False
103.0,134.0,135,4766,50.0,,1.0,1.0,0.1,8.0,12.0,1e-06,20.0,0.0,5.0,30.0,0.1,5.0,0.2,False
103.0,134.0,135,4767,50.0,,1.0,1.0,0.1,8.0,12.0,1e-06,20.0,0.0,5.0,30.0,0.1,5.0,0.2,False
103.0,134.0,135,4768,50.0,,1.0,1.0,0.1,8.0,12.0,1e-06,20.0,0.0,5.0,30.0,0.1,5.0,0.2,False
103.0,134.0,135,4769,50.0,,1.0,1.0,0.1,8.0,12.0,1e-06,20.0,0.0,5.0,30.0,0.1,5.0,0.2,False
103.0,134.0,135,4772,50.0,,1.0,1.0,0.1,8.0,12.0,1e-06,20.0,0.0,5.0,30.0,0.1,5.0,0.2,False
103.0,134.0,135,4770,50.0,,1.0,1.0,0.1,8.0,12.0,1e-06,20.0,0.0,5.0,30.0,0.1,5.0,0.2,False
103.0,134.0,135,4771,50.0,,1.0,1.0,0.1,8.0,12.0,1e-06,20.0,0.0,5.0,30.0,0.1,5.0,0.2,False
103.0,134.0,135,4773,50.0,,1.0,1.0,0.1,8.0,12.0,1e-06,20.0,0.0,5.0,30.0,0.1,5.0,0.2,False
103.0,134.0,135,4775,50.0,,1.0,1.0,0.1,8.0,12.0,1e-06,20.0,0.0,5.0,30.0,0.1,5.0,0.2,False
103.0,134.0,135,4774,50.0,,1.0,1.0,0.1,8.0,12.0,1e-06,20.0,0.0,5.0,30.0,0.1,5.0,0.2,False
103.0,134.0,135,4776,50.0,,1.0,1.0,0.1,8.0,12.0,1e-06,20.0,0.0,5.0,30.0,0.1,5.0,0.2,False
103.0,134.0,136,136,50.0,,1.0,1.0,0.1,8.0,12.0,1e-06,20.0,0.0,5.0,30.0,0.1,5.0,0.2,True
137.0,138.0,160,160,50.0,,1.0,1.0,0.1,8.0,12.0,1e-06,20.0,0.0,5.0,30.0,0.1,5.0,0.0,False
137.0,138.0,139,139,50.0,,1.0,1.0,0.1,8.0,100.0,1e-06,20.0,0.0,5.0,30.0,0.1,5.0,0.0,False
137.0,138.0,140,140,50.0,,1.0,1.0,0.1,8.0,12.0,1e-06,20.0,0.0,5.0,30.0,0.1,5.0,0.0,False
137.0,138.0,141,141,50.0,,1.0,1.0,0.1,8.0,12.0,1e-06,20.0,0.0,5.0,30.0,0.1,5.0,0.0,False
137.0,138.0,142,142,50.0,,1.0,1.0,0.1,8.0,100.0,1e-06,20.0,0.0,5.0,30.0,0.1,5.0,0.0,False
137.0,138.0,142,44864,50.0,,1.0,1.0,0.1,8.0,100.0,1e-06,20.0,0.0,5.0,30.0,0.1,5.0,0.0,False
137.0,138.0,142,44865,50.0,,1.0,1.0,0.1,8.0,100.0,1e-06,20.0,0.0,5.0,30.0,0.1,5.0,0.0,False
137.0,138.0,142,44868,50.0,,1.0,1.0,0.1,8.0,100.0,1e-06,20.0,0.0,5.0,30.0,0.1,5.0,0.0,False
137.0,138.0,142,44869,50.0,,1.0,1.0,0.1,8.0,100.0,1e-06,20.0,0.0,5.0,30.0,0.1,5.0,0.0,False
137.0,138.0,142,44866,50.0,,1.0,1.0,0.1,8.0,100.0,1e-06,20.0,0.0,5.0,30.0,0.1,5.0,0.0,False
137.0,138.0,142,44870,50.0,,1.0,1.0,0.1,8.0,100.0,1e-06,20.0,0.0,5.0,30.0,0.1,5.0,0.0,False
137.0,138.0,142,44871,50.0,,1.0,1.0,0.1,8.0,100.0,1e-06,20.0,0.0,5.0,30.0,0.1,5.0,0.0,False
137.0,138.0,142,44872,50.0,,1.0,1.0,0.1,8.0,100.0,1e-06,20.0,0.0,5.0,30.0,0.1,5.0,0.0,False
137.0,138.0,142,44873,50.0,,1.0,1.0,0.1,8.0,100.0,1e-06,20.0,0.0,5.0,30.0,0.1,5.0,0.0,False
137.0,138.0,142,44874,50.0,,1.0,1.0,0.1,8.0,100.0,1e-06,20.0,0.0,5.0,30.0,0.1,5.0,0.0,False
137.0,138.0,142,44875,50.0,,1.0,1.0,0.1,8.0,100.0,1e-06,20.0,0.0,5.0,30.0,0.1,5.0,0.0,False
137.0,138.0,142,44876,50.0,,1.0,1.0,0.1,8.0,100.0,1e-06,20.0,0.0,5.0,30.0,0.1,5.0,0.0,False
137.0,138.0,142,44877,50.0,,1.0,1.0,0.1,8.0,100.0,1e-06,20.0,0.0,5.0,30.0,0.1,5.0,0.0,False
137.0,138.0,142,44878,50.0,,1.0,1.0,0.1,8.0,100.0,1e-06,20.0,0.0,5.0,30.0,0.1,5.0,0.0,False
137.0,138.0,142,44880,50.0,,1.0,1.0,0.1,8.0,100.0,1e-06,20.0,0.0,5.0,30.0,0.1,5.0,0.0,False
137.0,138.0,142,44882,50.0,,1.0,1.0,0.1,8.0,100.0,1e-06,20.0,0.0,5.0,30.0,0.1,5.0,0.0,False
137.0,138.0,142,44883,50.0,,1.0,1.0,0.1,8.0,100.0,1e-06,20.0,0.0,5.0,30.0,0.1,5.0,0.0,False
137.0,138.0,142,44884,50.0,,1.0,1.0,0.1,8.0,100.0,1e-06,20.0,0.0,5.0,30.0,0.1,5.0,0.0,False
137.0,138.0,142,44885,50.0,,1.0,1.0,0.1,8.0,100.0,1e-06,20.0,0.0,5.0,30.0,0.1,5.0,0.0,False
137.0,138.0,142,44886,50.0,,1.0,1.0,0.1,8.0,100.0,1e-06,20.0,0.0,5.0,30.0,0.1,5.0,0.0,False
137.0,138.0,142,44887,50.0,,1.0,1.0,0.1,8.0,100.0,1e-06,20.0,0.0,5.0,30.0,0.1,5.0,0.0,False
137.0,138.0,142,44879,50.0,,1.0,1.0,0.1,8.0,100.0,1e-06,20.0,0.0,5.0,30.0,0.1,5.0,0.0,False
137.0,138.0,142,44888,50.0,,1.0,1.0,0.1,8.0,100.0,1e-06,20.0,0.0,5.0,30.0,0.1,5.0,0.0,False
137.0,138.0,142,44889,50.0,,1.0,1.0,0.1,8.0,100.0,1e-06,20.0,0.0,5.0,30.0,0.1,5.0,0.0,False
137.0,138.0,142,44890,50.0,,1.0,1.0,0.1,8.0,100.0,1e-06,20.0,0.0,5.0,30.0,0.1,5.0,0.0,False
137.0,138.0,142,44891,50.0,,1.0,1.0,0.1,8.0,100.0,1e-06,20.0,0.0,5.0,30.0,0.1,5.0,0.0,False
137.0,138.0,142,44881,50.0,,1.0,1.0,0.1,8.0,100.0,1e-06,20.0,0.0,5.0,30.0,0.1,5.0,0.0,False
137.0,138.0,142,44892,50.0,,1.0,1.0,0.1,8.0,100.0,1e-06,20.0,0.0,5.0,30.0,0.1,5.0,0.0,False
137.0,138.0,142,44867,50.0,,1.0,1.0,0.1,8.0,100.0,1e-06,20.0,0.0,5.0,30.0,0.1,5.0,0.0,False
137.0,138.0,142,44893,50.0,,1.0,1.0,0.1,8.0,100.0,1e-06,20.0,0.0,5.0,30.0,0.1,5.0,0.0,False
137.0,138.0,142,44894,50.0,,1.0,1.0,0.1,8.0,100.0,1e-06,20.0,0.0,5.0,30.0,0.1,5.0,0.0,False
137.0,138.0,143,143,50.0,,1.0,1.0,0.1,8.0,100.0,1e-06,20.0,0.0,5.0,30.0,0.1,5.0,0.0,False
137.0,138.0,144,144,50.0,,1.0,1.0,0.1,8.0,100.0,1e-06,20.0,0.0,5.0,30.0,0.1,5.0,0.0,False
137.0,138.0,145,145,50.0,,1.0,1.0,0.1,8.0,100.0,1e-06,20.0,0.0,5.0,30.0,0.1,5.0,0.0,False
137.0,138.0,146,146,50.0,,1.0,1.0,0.1,8.0,12.0,1e-06,20.0,0.0,5.0,30.0,0.1,5.0,0.0,True
137.0,138.0,147,147,50.0,,1.0,1.0,0.1,8.0,100.0,1e-06,20.0,0.0,5.0,30.0,0.1,5.0,0.0,False
137.0,138.0,148,148,500.0,,1.0,1.0,0.1,8.0,20.0,1e-06,20.0,5.0,5.0,30.0,0.1,5.0,0.0,False
137.0,138.0,150,150,50.0,,1.0,1.0,0.1,8.0,20.0,1e-06,50.0,0.0,5.0,30.0,0.1,5.0,0.0,False
137.0,138.0,149,149,50.0,,1.0,1.0,0.1,8.0,100.0,1e-06,20.0,0.0,5.0,30.0,0.1,5.0,0.0,False
137.0,138.0,151,151,50.0,,1.0,1.0,0.1,8.0,12.0,1e-06,20.0,0.0,5.0,30.0,0.1,5.0,0.0,False
137.0,138.0,152,152,500.0,,1.0,1.0,0.1,8.0,20.0,1e-06,20.0,5.0,5.0,30.0,0.1,5.0,0.0,False
137.0,138.0,522,522,50.0,,1.0,1.0,0.1,8.0,12.0,1e-06,20.0,0.0,5.0,30.0,0.1,5.0,0.0,False
137.0,138.0,153,153,50.0,,1.0,1.0,0.1,8.0,100.0,1e-06,20.0,0.0,5.0,30.0,0.1,5.0,0.0,False
137.0,138.0,154,154,50.0,,1.0,1.0,0.1,8.0,100.0,1e-06,20.0,0.0,5.0,30.0,0.1,5.0,0.0,False
137.0,138.0,155,155,50.0,,1.0,1.0,0.1,8.0,12.0,1e-06,20.0,0.0,5.0,30.0,0.1,5.0,0.0,False
137.0,138.0,156,156,50.0,,1.0,1.0,0.1,8.0,20.0,1e-06,50.0,0.0,5.0,30.0,0.1,5.0,0.0,True
137.0,138.0,157,157,50.0,,1.0,1.0,0.1,8.0,12.0,1e-06,20.0,0.0,5.0,30.0,0.1,5.0,0.0,False
158.0,159.0,161,161,50.0,,1.0,1.0,0.1,8.0,12.0,1e-06,20.0,0.0,5.0,30.0,0.1,5.0,0.2,False
158.0,159.0,162,162,50.0,,1.0,1.0,0.1,8.0,12.0,1e-06,20.0,0.0,5.0,30.0,0.1,5.0,0.2,False
158.0,159.0,163,163,50.0,,1.0,1.0,0.1,8.0,12.0,1e-06,20.0,0.0,5.0,30.0,0.1,5.0,0.2,True
158.0,159.0,163,4841,50.0,,1.0,1.0,0.1,8.0,12.0,1e-06,20.0,0.0,5.0,30.0,0.1,5.0,0.2,False
158.0,159.0,163,43908,50.0,,1.0,1.0,0.1,8.0,12.0,1e-06,20.0,0.0,5.0,30.0,0.1,5.0,0.2,False
158.0,159.0,163,43872,50.0,,1.0,1.0,0.1,8.0,12.0,1e-06,20.0,0.0,5.0,30.0,0.1,5.0,0.2,False
158.0,159.0,163,4842,50.0,,1.0,1.0,0.1,8.0,12.0,1e-06,20.0,0.0,5.0,30.0,0.1,5.0,0.2,False
158.0,159.0,163,43909,50.0,,1.0,1.0,0.1,8.0,12.0,1e-06,20.0,0.0,5.0,30.0,0.1,5.0,0.2,False
158.0,159.0,163,43873,50.0,,1.0,1.0,0.1,8.0,12.0,1e-06,20.0,0.0,5.0,30.0,0.1,5.0,0.2,False
158.0,159.0,163,4843,50.0,,1.0,1.0,0.1,8.0,12.0,1e-06,20.0,0.0,5.0,30.0,0.1,5.0,0.2,False
158.0,159.0,163,43910,50.0,,1.0,1.0,0.1,8.0,12.0,1e-06,20.0,0.0,5.0,30.0,0.1,5.0,0.2,False
158.0,159.0,163,43874,50.0,,1.0,1.0,0.1,8.0,12.0,1e-06,20.0,0.0,5.0,30.0,0.1,5.0,0.2,False
158.0,159.0,163,4844,50.0,,1.0,1.0,0.1,8.0,12.0,1e-06,20.0,0.0,5.0,30.0,0.1,5.0,0.2,False
158.0,159.0,163,43911,50.0,,1.0,1.0,0.1,8.0,12.0,1e-06,20.0,0.0,5.0,30.0,0.1,5.0,0.2,False
158.0,159.0,163,43875,50.0,,1.0,1.0,0.1,8.0,12.0,1e-06,20.0,0.0,5.0,30.0,0.1,5.0,0.2,False
158.0,159.0,163,4846,50.0,,1.0,1.0,0.1,8.0,12.0,1e-06,20.0,0.0,5.0,30.0,0.1,5.0,0.2,False
158.0,159.0,163,43913,50.0,,1.0,1.0,0.1,8.0,12.0,1e-06,20.0,0.0,5.0,30.0,0.1,5.0,0.2,False
158.0,159.0,163,43877,50.0,,1.0,1.0,0.1,8.0,12.0,1e-06,20.0,0.0,5.0,30.0,0.1,5.0,0.2,False
158.0,159.0,163,4849,50.0,,1.0,1.0,0.1,8.0,12.0,1e-06,20.0,0.0,5.0,30.0,0.1,5.0,0.2,False
158.0,159.0,163,43916,50.0,,1.0,1.0,0.1,8.0,12.0,1e-06,20.0,0.0,5.0,30.0,0.1,5.0,0.2,False
158.0,159.0,163,43880,50.0,,1.0,1.0,0.1,8.0,12.0,1e-06,20.0,0.0,5.0,30.0,0.1,5.0,0.2,False
158.0,159.0,163,4850,50.0,,1.0,1.0,0.1,8.0,12.0,1e-06,20.0,0.0,5.0,30.0,0.1,5.0,0.2,False
158.0,159.0,163,43917,50.0,,1.0,1.0,0.1,8.0,12.0,1e-06,20.0,0.0,5.0,30.0,0.1,5.0,0.2,False
158.0,159.0,163,43881,50.0,,1.0,1.0,0.1,8.0,12.0,1e-06,20.0,0.0,5.0,30.0,0.1,5.0,0.2,False
158.0,159.0,163,4851,50.0,,1.0,1.0,0.1,8.0,12.0,1e-06,20.0,0.0,5.0,30.0,0.1,5.0,0.2,False
158.0,159.0,163,43918,50.0,,1.0,1.0,0.1,8.0,12.0,1e-06,20.0,0.0,5.0,30.0,0.1,5.0,0.2,False
158.0,159.0,163,43882,50.0,,1.0,1.0,0.1,8.0,12.0,1e-06,20.0,0.0,5.0,30.0,0.1,5.0,0.2,False
158.0,159.0,163,4852,50.0,,1.0,1.0,0.1,8.0,12.0,1e-06,20.0,0.0,5.0,30.0,0.1,5.0,0.2,False
158.0,159.0,163,43919,50.0,,1.0,1.0,0.1,8.0,12.0,1e-06,20.0,0.0,5.0,30.0,0.1,5.0,0.2,False
158.0,159.0,163,43883,50.0,,1.0,1.0,0.1,8.0,12.0,1e-06,20.0,0.0,5.0,30.0,0.1,5.0,0.2,False
158.0,159.0,163,4853,50.0,,1.0,1.0,0.1,8.0,12.0,1e-06,20.0,0.0,5.0,30.0,0.1,5.0,0.2,False
158.0,159.0,163,43920,50.0,,1.0,1.0,0.1,8.0,12.0,1e-06,20.0,0.0,5.0,30.0,0.1,5.0,0.2,False
158.0,159.0,163,43884,50.0,,1.0,1.0,0.1,8.0,12.0,1e-06,20.0,0.0,5.0,30.0,0.1,5.0,0.2,False
158.0,159.0,163,4854,50.0,,1.0,1.0,0.1,8.0,12.0,1e-06,20.0,0.0,5.0,30.0,0.1,5.0,0.2,False
158.0,159.0,163,43921,50.0,,1.0,1.0,0.1,8.0,12.0,1e-06,20.0,0.0,5.0,30.0,0.1,5.0,0.2,False
158.0,159.0,163,43885,50.0,,1.0,1.0,0.1,8.0,12.0,1e-06,20.0,0.0,5.0,30.0,0.1,5.0,0.2,False
158.0,159.0,163,4855,50.0,,1.0,1.0,0.1,8.0,12.0,1e-06,20.0,0.0,5.0,30.0,0.1,5.0,0.2,False
158.0,159.0,163,43922,50.0,,1.0,1.0,0.1,8.0,12.0,1e-06,20.0,0.0,5.0,30.0,0.1,5.0,0.2,False
158.0,159.0,163,43886,50.0,,1.0,1.0,0.1,8.0,12.0,1e-06,20.0,0.0,5.0,30.0,0.1,5.0,0.2,False
158.0,159.0,163,4856,50.0,,1.0,1.0,0.1,8.0,12.0,1e-06,20.0,0.0,5.0,30.0,0.1,5.0,0.2,False
158.0,159.0,163,43923,50.0,,1.0,1.0,0.1,8.0,12.0,1e-06,20.0,0.0,5.0,30.0,0.1,5.0,0.2,False
158.0,159.0,163,43887,50.0,,1.0,1.0,0.1,8.0,12.0,1e-06,20.0,0.0,5.0,30.0,0.1,5.0,0.2,False
158.0,159.0,163,4857,50.0,,1.0,1.0,0.1,8.0,12.0,1e-06,20.0,0.0,5.0,30.0,0.1,5.0,0.2,False
158.0,159.0,163,43924,50.0,,1.0,1.0,0.1,8.0,12.0,1e-06,20.0,0.0,5.0,30.0,0.1,5.0,0.2,False
158.0,159.0,163,43888,50.0,,1.0,1.0,0.1,8.0,12.0,1e-06,20.0,0.0,5.0,30.0,0.1,5.0,0.2,False
158.0,159.0,163,4859,50.0,,1.0,1.0,0.1,8.0,12.0,1e-06,20.0,0.0,5.0,30.0,0.1,5.0,0.2,False
158.0,159.0,163,43926,50.0,,1.0,1.0,0.1,8.0,12.0,1e-06,20.0,0.0,5.0,30.0,0.1,5.0,0.2,False
158.0,159.0,163,43890,50.0,,1.0,1.0,0.1,8.0,12.0,1e-06,20.0,0.0,5.0,30.0,0.1,5.0,0.2,False
158.0,159.0,163,4860,50.0,,1.0,1.0,0.1,8.0,12.0,1e-06,20.0,0.0,5.0,30.0,0.1,5.0,0.2,False
158.0,159.0,163,43927,50.0,,1.0,1.0,0.1,8.0,12.0,1e-06,20.0,0.0,5.0,30.0,0.1,5.0,0.2,False
158.0,159.0,163,43891,50.0,,1.0,1.0,0.1,8.0,12.0,1e-06,20.0,0.0,5.0,30.0,0.1,5.0,0.2,False
158.0,159.0,163,4861,50.0,,1.0,1.0,0.1,8.0,12.0,1e-06,20.0,0.0,5.0,30.0,0.1,5.0,0.2,False
158.0,159.0,163,43928,50.0,,1.0,1.0,0.1,8.0,12.0,1e-06,20.0,0.0,5.0,30.0,0.1,5.0,0.2,False
158.0,159.0,163,43892,50.0,,1.0,1.0,0.1,8.0,12.0,1e-06,20.0,0.0,5.0,30.0,0.1,5.0,0.2,False
158.0,159.0,163,4862,50.0,,1.0,1.0,0.1,8.0,12.0,1e-06,20.0,0.0,5.0,30.0,0.1,5.0,0.2,False
158.0,159.0,163,43929,50.0,,1.0,1.0,0.1,8.0,12.0,1e-06,20.0,0.0,5.0,30.0,0.1,5.0,0.2,False
158.0,159.0,163,43893,50.0,,1.0,1.0,0.1,8.0,12.0,1e-06,20.0,0.0,5.0,30.0,0.1,5.0,0.2,False
158.0,159.0,163,4863,50.0,,1.0,1.0,0.1,8.0,12.0,1e-06,20.0,0.0,5.0,30.0,0.1,5.0,0.2,False
158.0,159.0,163,43930,50.0,,1.0,1.0,0.1,8.0,12.0,1e-06,20.0,0.0,5.0,30.0,0.1,5.0,0.2,False
158.0,159.0,163,43894,50.0,,1.0,1.0,0.1,8.0,12.0,1e-06,20.0,0.0,5.0,30.0,0.1,5.0,0.2,False
158.0,159.0,163,4864,50.0,,1.0,1.0,0.1,8.0,12.0,1e-06,20.0,0.0,5.0,30.0,0.1,5.0,0.2,False
158.0,159.0,163,43931,50.0,,1.0,1.0,0.1,8.0,12.0,1e-06,20.0,0.0,5.0,30.0,0.1,5.0,0.2,False
158.0,159.0,163,43895,50.0,,1.0,1.0,0.1,8.0,12.0,1e-06,20.0,0.0,5.0,30.0,0.1,5.0,0.2,False
158.0,159.0,163,4865,50.0,,1.0,1.0,0.1,8.0,12.0,1e-06,20.0,0.0,5.0,30.0,0.1,5.0,0.2,False
158.0,159.0,163,43932,50.0,,1.0,1.0,0.1,8.0,12.0,1e-06,20.0,0.0,5.0,30.0,0.1,5.0,0.2,False
158.0,159.0,163,43896,50.0,,1.0,1.0,0.1,8.0,12.0,1e-06,20.0,0.0,5.0,30.0,0.1,5.0,0.2,False
158.0,159.0,163,44538,50.0,,1.0,1.0,0.1,8.0,12.0,1e-06,20.0,0.0,5.0,30.0,0.1,5.0,0.2,False
158.0,159.0,163,44539,50.0,,1.0,1.0,0.1,8.0,12.0,1e-06,20.0,0.0,5.0,30.0,0.1,5.0,0.2,False
158.0,159.0,163,44540,50.0,,1.0,1.0,0.1,8.0,12.0,1e-06,20.0,0.0,5.0,30.0,0.1,5.0,0.2,False
158.0,159.0,163,4867,50.0,,1.0,1.0,0.1,8.0,12.0,1e-06,20.0,0.0,5.0,30.0,0.1,5.0,0.2,False
158.0,159.0,163,43934,50.0,,1.0,1.0,0.1,8.0,12.0,1e-06,20.0,0.0,5.0,30.0,0.1,5.0,0.2,False
158.0,159.0,163,43898,50.0,,1.0,1.0,0.1,8.0,12.0,1e-06,20.0,0.0,5.0,30.0,0.1,5.0,0.2,False
158.0,159.0,163,4868,50.0,,1.0,1.0,0.1,8.0,12.0,1e-06,20.0,0.0,5.0,30.0,0.1,5.0,0.2,False
158.0,159.0,163,43935,50.0,,1.0,1.0,0.1,8.0,12.0,1e-06,20.0,0.0,5.0,30.0,0.1,5.0,0.2,False
158.0,159.0,163,43899,50.0,,1.0,1.0,0.1,8.0,12.0,1e-06,20.0,0.0,5.0,30.0,0.1,5.0,0.2,False
158.0,159.0,163,4869,50.0,,1.0,1.0,0.1,8.0,12.0,1e-06,20.0,0.0,5.0,30.0,0.1,5.0,0.2,False
158.0,159.0,163,43936,50.0,,1.0,1.0,0.1,8.0,12.0,1e-06,20.0,0.0,5.0,30.0,0.1,5.0,0.2,False
158.0,159.0,163,43900,50.0,,1.0,1.0,0.1,8.0,12.0,1e-06,20.0,0.0,5.0,30.0,0.1,5.0,0.2,False
158.0,159.0,163,4870,50.0,,1.0,1.0,0.1,8.0,12.0,1e-06,20.0,0.0,5.0,30.0,0.1,5.0,0.2,False
158.0,159.0,163,43937,50.0,,1.0,1.0,0.1,8.0,12.0,1e-06,20.0,0.0,5.0,30.0,0.1,5.0,0.2,False
158.0,159.0,163,43901,50.0,,1.0,1.0,0.1,8.0,12.0,1e-06,20.0,0.0,5.0,30.0,0.1,5.0,0.2,False
158.0,159.0,163,4871,50.0,,1.0,1.0,0.1,8.0,12.0,1e-06,20.0,0.0,5.0,30.0,0.1,5.0,0.2,False
158.0,159.0,163,43938,50.0,,1.0,1.0,0.1,8.0,12.0,1e-06,20.0,0.0,5.0,30.0,0.1,5.0,0.2,False
158.0,159.0,163,43902,50.0,,1.0,1.0,0.1,8.0,12.0,1e-06,20.0,0.0,5.0,30.0,0.1,5.0,0.2,False
158.0,159.0,163,4872,50.0,,1.0,1.0,0.1,8.0,12.0,1e-06,20.0,0.0,5.0,30.0,0.1,5.0,0.2,False
158.0,159.0,163,43939,50.0,,1.0,1.0,0.1,8.0,12.0,1e-06,20.0,0.0,5.0,30.0,0.1,5.0,0.2,False
158.0,159.0,163,43903,50.0,,1.0,1.0,0.1,8.0,12.0,1e-06,20.0,0.0,5.0,30.0,0.1,5.0,0.2,False
158.0,159.0,163,4873,50.0,,1.0,1.0,0.1,8.0,12.0,1e-06,20.0,0.0,5.0,30.0,0.1,5.0,0.2,False
158.0,159.0,163,43940,50.0,,1.0,1.0,0.1,8.0,12.0,1e-06,20.0,0.0,5.0,30.0,0.1,5.0,0.2,False
158.0,159.0,163,43904,50.0,,1.0,1.0,0.1,8.0,12.0,1e-06,20.0,0.0,5.0,30.0,0.1,5.0,0.2,False
158.0,159.0,163,4874,50.0,,1.0,1.0,0.1,8.0,12.0,1e-06,20.0,0.0,5.0,30.0,0.1,5.0,0.2,False
158.0,159.0,163,43941,50.0,,1.0,1.0,0.1,8.0,12.0,1e-06,20.0,0.0,5.0,30.0,0.1,5.0,0.2,False
158.0,159.0,163,43905,50.0,,1.0,1.0,0.1,8.0,12.0,1e-06,20.0,0.0,5.0,30.0,0.1,5.0,0.2,False
158.0,159.0,163,4875,50.0,,1.0,1.0,0.1,8.0,12.0,1e-06,20.0,0.0,5.0,30.0,0.1,5.0,0.2,False
158.0,159.0,163,43942,50.0,,1.0,1.0,0.1,8.0,12.0,1e-06,20.0,0.0,5.0,30.0,0.1,5.0,0.2,False
158.0,159.0,163,43906,50.0,,1.0,1.0,0.1,8.0,12.0,1e-06,20.0,0.0,5.0,30.0,0.1,5.0,0.2,False
158.0,159.0,164,164,50.0,,1.0,1.0,0.1,8.0,12.0,1e-06,20.0,0.0,5.0,30.0,0.1,5.0,0.2,False
158.0,159.0,165,165,50.0,,1.0,1.0,0.1,8.0,12.0,1e-06,20.0,0.0,5.0,30.0,0.1,5.0,0.2,False
158.0,159.0,165,53615,50.0,,1.0,1.0,0.1,8.0,12.0,1e-06,20.0,0.0,5.0,30.0,0.1,5.0,0.2,False
158.0,159.0,165,53616,50.0,,1.0,1.0,0.1,8.0,12.0,1e-06,20.0,0.0,5.0,30.0,0.1,5.0,0.2,False
158.0,159.0,165,53617,50.0,,1.0,1.0,0.1,8.0,12.0,1e-06,20.0,0.0,5.0,30.0,0.1,5.0,0.2,False
158.0,159.0,165,53618,50.0,,1.0,1.0,0.1,8.0,12.0,1e-06,20.0,0.0,5.0,30.0,0.1,5.0,0.2,False
158.0,159.0,165,53619,50.0,,1.0,1.0,0.1,8.0,12.0,1e-06,20.0,0.0,5.0,30.0,0.1,5.0,0.2,False
158.0,159.0,165,53620,50.0,,1.0,1.0,0.1,8.0,12.0,1e-06,20.0,0.0,5.0,30.0,0.1,5.0,0.2,False
158.0,159.0,165,53621,50.0,,1.0,1.0,0.1,8.0,12.0,1e-06,20.0,0.0,5.0,30.0,0.1,5.0,0.2,False
4.0,5.0,6,6,50.0,,1.0,1.0,0.1,8.0,12.0,1e-06,20.0,0.0,5.0,30.0,0.1,5.0,0.2,False
4.0,5.0,6,44533,50.0,,1.0,1.0,0.1,8.0,12.0,1e-06,20.0,0.0,5.0,30.0,0.1,5.0,0.2,True
4.0,5.0,6,491,50.0,,1.0,1.0,0.1,8.0,12.0,1e-06,20.0,0.0,5.0,30.0,0.1,5.0,0.2,False
4.0,5.0,6,492,50.0,,1.0,1.0,0.1,8.0,12.0,1e-06,20.0,0.0,5.0,30.0,0.1,5.0,0.2,False
4.0,5.0,6,493,50.0,,1.0,1.0,0.1,8.0,12.0,1e-06,20.0,0.0,5.0,30.0,0.1,5.0,0.2,False
4.0,5.0,6,494,50.0,,1.0,1.0,0.1,8.0,12.0,1e-06,20.0,0.0,5.0,30.0,0.1,5.0,0.2,False
4.0,5.0,6,495,50.0,,1.0,1.0,0.1,8.0,12.0,1e-06,20.0,0.0,5.0,30.0,0.1,5.0,0.2,False
4.0,5.0,6,496,50.0,,1.0,1.0,0.1,8.0,12.0,1e-06,20.0,0.0,5.0,30.0,0.1,5.0,0.2,False
4.0,5.0,6,497,50.0,,1.0,1.0,0.1,8.0,12.0,1e-06,20.0,0.0,5.0,30.0,0.1,5.0,0.2,False
4.0,5.0,6,498,50.0,,1.0,1.0,0.1,8.0,12.0,1e-06,20.0,0.0,5.0,30.0,0.1,5.0,0.2,False
4.0,5.0,6,499,50.0,,1.0,1.0,0.1,8.0,12.0,1e-06,20.0,0.0,5.0,30.0,0.1,5.0,0.2,False
4.0,5.0,6,500,50.0,,1.0,1.0,0.1,8.0,12.0,1e-06,20.0,0.0,5.0,30.0,0.1,5.0,0.2,False
4.0,5.0,6,501,50.0,,1.0,1.0,0.1,8.0,12.0,1e-06,20.0,0.0,5.0,30.0,0.1,5.0,0.2,False
4.0,5.0,6,502,50.0,,1.0,1.0,0.1,8.0,12.0,1e-06,20.0,0.0,5.0,30.0,0.1,5.0,0.2,False
4.0,5.0,6,503,50.0,,1.0,1.0,0.1,8.0,12.0,1e-06,20.0,0.0,5.0,30.0,0.1,5.0,0.2,False
4.0,5.0,6,504,50.0,,1.0,1.0,0.1,8.0,12.0,1e-06,20.0,0.0,5.0,30.0,0.1,5.0,0.2,False
4.0,5.0,6,505,50.0,,1.0,1.0,0.1,8.0,12.0,1e-06,20.0,0.0,5.0,30.0,0.1,5.0,0.2,False
4.0,5.0,6,506,50.0,,1.0,1.0,0.1,8.0,12.0,1e-06,20.0,0.0,5.0,30.0,0.1,5.0,0.2,False
4.0,5.0,6,507,50.0,,1.0,1.0,0.1,8.0,12.0,1e-06,20.0,0.0,5.0,30.0,0.1,5.0,0.2,False
4.0,5.0,6,508,50.0,,1.0,1.0,0.1,8.0,12.0,1e-06,20.0,0.0,5.0,30.0,0.1,5.0,0.2,False
4.0,5.0,6,509,50.0,,1.0,1.0,0.1,8.0,12.0,1e-06,20.0,0.0,5.0,30.0,0.1,5.0,0.2,False
4.0,5.0,6,510,50.0,,1.0,1.0,0.1,8.0,12.0,1e-06,20.0,0.0,5.0,30.0,0.1,5.0,0.2,False
4.0,5.0,6,511,50.0,,1.0,1.0,0.1,8.0,12.0,1e-06,20.0,0.0,5.0,30.0,0.1,5.0,0.2,False
4.0,5.0,6,512,50.0,,1.0,1.0,0.1,8.0,12.0,1e-06,20.0,0.0,5.0,30.0,0.1,5.0,0.2,False
4.0,5.0,6,513,50.0,,1.0,1.0,0.1,8.0,12.0,1e-06,20.0,0.0,5.0,30.0,0.1,5.0,0.2,False
4.0,5.0,6,514,50.0,,1.0,1.0,0.1,8.0,12.0,1e-06,20.0,0.0,5.0,30.0,0.1,5.0,0.2,False
4.0,5.0,6,515,50.0,,1.0,1.0,0.1,8.0,12.0,1e-06,20.0,0.0,5.0,30.0,0.1,5.0,0.2,False
4.0,5.0,6,516,50.0,,1.0,1.0,0.1,8.0,12.0,1e-06,20.0,0.0,5.0,30.0,0.1,5.0,0.2,False
4.0,5.0,6,517,50.0,,1.0,1.0,0.1,8.0,12.0,1e-06,20.0,0.0,5.0,30.0,0.1,5.0,0.2,False
4.0,5.0,6,518,50.0,,1.0,1.0,0.1,8.0,12.0,1e-06,20.0,0.0,5.0,30.0,0.1,5.0,0.2,False
4.0,5.0,6,519,50.0,,1.0,1.0,0.1,8.0,12.0,1e-06,20.0,0.0,5.0,30.0,0.1,5.0,0.2,False
4.0,5.0,6,520,50.0,,1.0,1.0,0.1,8.0,12.0,1e-06,20.0,0.0,5.0,30.0,0.1,5.0,0.2,False
4.0,5.0,6,521,50.0,,1.0,1.0,0.1,8.0,12.0,1e-06,20.0,0.0,5.0,30.0,0.1,5.0,0.2,False
4.0,5.0,6,354,50.0,,1.0,1.0,0.1,8.0,12.0,1e-06,20.0,0.0,5.0,30.0,0.1,5.0,0.2,False
4.0,5.0,6,361,50.0,,1.0,1.0,0.1,8.0,12.0,1e-06,5.0,0.0,5.0,30.0,0.1,5.0,0.2,False
4.0,5.0,7,7,50.0,,1.0,1.0,0.1,8.0,12.0,1e-06,20.0,0.0,5.0,30.0,0.1,5.0,0.2,False
4.0,5.0,8,8,50.0,,1.0,1.0,0.1,8.0,12.0,1e-06,20.0,0.0,5.0,30.0,0.1,5.0,0.2,False
4.0,21.0,298,298,50.0,,1.0,1.0,0.1,8.0,12.0,1e-06,20.0,0.0,5.0,30.0,0.1,5.0,0.2,False
4.0,21.0,320,320,50.0,,1.0,1.0,0.1,8.0,100.0,1e-06,20.0,0.0,5.0,30.0,0.1,5.0,0.2,False
4.0,21.0,22,22,50.0,,1.0,1.0,0.1,8.0,100.0,1e-06,20.0,0.0,5.0,30.0,0.1,5.0,0.2,False
4.0,21.0,351,351,50.0,,1.0,1.0,0.1,8.0,12.0,1e-06,20.0,0.0,5.0,30.0,0.1,5.0,0.2,False
4.0,21.0,23,23,50.0,,1.0,1.0,0.1,8.0,100.0,1e-06,20.0,0.0,5.0,30.0,0.1,5.0,0.2,False
4.0,21.0,24,24,50.0,,1.0,1.0,0.1,8.0,100.0,1e-06,20.0,0.0,5.0,30.0,0.1,5.0,0.2,False
4.0,21.0,25,25,50.0,,1.0,1.0,0.1,8.0,100.0,1e-06,20.0,0.0,5.0,30.0,0.1,5.0,0.2,False
4.0,21.0,369,369,50.0,,1.0,1.0,0.1,8.0,100.0,1e-06,20.0,0.0,5.0,30.0,0.1,5.0,0.2,False
4.0,21.0,374,374,50.0,,1.0,1.0,0.1,8.0,100.0,1e-06,20.0,0.0,5.0,30.0,0.1,5.0,0.2,False
4.0,21.0,376,376,50.0,,1.0,1.0,0.1,8.0,100.0,1e-06,20.0,0.0,5.0,30.0,0.1,5.0,0.2,False
4.0,21.0,380,380,50.0,,1.0,1.0,0.1,8.0,100.0,1e-06,20.0,0.0,5.0,30.0,0.1,5.0,0.2,False
4.0,21.0,26,26,50.0,,1.0,1.0,0.1,8.0,12.0,1e-06,20.0,0.0,5.0,30.0,0.1,5.0,0.2,False
4.0,21.0,27,27,50.0,,1.0,1.0,0.1,8.0,100.0,1e-06,20.0,0.0,5.0,30.0,0.1,5.0,0.2,False
4.0,21.0,28,28,50.0,,1.0,1.0,0.1,8.0,100.0,1e-06,20.0,0.0,5.0,30.0,0.1,5.0,0.2,False
4.0,21.0,413,413,50.0,,1.0,1.0,0.1,8.0,100.0,1e-06,20.0,0.0,5.0,30.0,0.1,5.0,0.2,False
4.0,21.0,29,29,50.0,,1.0,1.0,0.1,8.0,100.0,1e-06,20.0,0.0,5.0,30.0,0.1,5.0,0.2,False
4.0,21.0,416,416,50.0,,1.0,1.0,0.1,8.0,100.0,1e-06,20.0,0.0,5.0,30.0,0.1,5.0,0.2,False
4.0,21.0,30,30,50.0,,1.0,1.0,0.1,8.0,100.0,1e-06,20.0,0.0,5.0,30.0,0.1,5.0,0.2,False
4.0,9.0,10,10,50.0,,1.0,1.0,0.1,8.0,12.0,1e-06,20.0,0.0,5.0,30.0,0.1,5.0,0.2,False
4.0,9.0,11,11,50.0,,1.0,1.0,0.1,8.0,12.0,1e-06,20.0,0.0,5.0,30.0,0.1,5.0,0.2,False
4.0,9.0,11,4709,50.0,,1.0,1.0,0.1,8.0,12.0,1e-06,20.0,0.0,5.0,30.0,0.1,5.0,0.2,False
4.0,9.0,11,4726,50.0,,1.0,1.0,0.1,8.0,12.0,1e-06,20.0,0.0,5.0,30.0,0.1,5.0,0.2,False
4.0,9.0,11,4717,50.0,,1.0,1.0,0.1,8.0,12.0,1e-06,20.0,0.0,5.0,30.0,0.1,5.0,0.2,False
4.0,9.0,11,4725,50.0,,1.0,1.0,0.1,8.0,12.0,1e-06,20.0,0.0,5.0,30.0,0.1,5.0,0.2,False
4.0,9.0,11,4715,50.0,,1.0,1.0,0.1,8.0,12.0,1e-06,20.0,0.0,5.0,30.0,0.1,5.0,0.2,False
4.0,9.0,11,4737,50.0,,1.0,1.0,0.1,8.0,12.0,1e-06,20.0,0.0,5.0,30.0,0.1,5.0,0.2,False
4.0,9.0,11,4720,50.0,,1.0,1.0,0.1,8.0,12.0,1e-06,20.0,0.0,5.0,30.0,0.1,5.0,0.2,False
4.0,9.0,11,4713,50.0,,1.0,1.0,0.1,8.0,12.0,1e-06,20.0,0.0,5.0,30.0,0.1,5.0,0.2,False
4.0,9.0,11,4721,50.0,,1.0,1.0,0.1,8.0,12.0,1e-06,20.0,0.0,5.0,30.0,0.1,5.0,0.2,False
4.0,9.0,11,4722,50.0,,1.0,1.0,0.1,8.0,12.0,1e-06,20.0,0.0,5.0,30.0,0.1,5.0,0.2,False
4.0,9.0,11,4724,50.0,,1.0,1.0,0.1,8.0,12.0,1e-06,20.0,0.0,5.0,30.0,0.1,5.0,0.2,False
4.0,9.0,11,4729,50.0,,1.0,1.0,0.1,8.0,12.0,1e-06,20.0,0.0,5.0,30.0,0.1,5.0,0.2,False
4.0,9.0,11,4731,50.0,,1.0,1.0,0.1,8.0,12.0,1e-06,20.0,0.0,5.0,30.0,0.1,5.0,0.2,False
4.0,9.0,11,4730,50.0,,1.0,1.0,0.1,8.0,12.0,1e-06,20.0,0.0,5.0,30.0,0.1,5.0,0.2,False
4.0,9.0,11,4732,50.0,,1.0,1.0,0.1,8.0,12.0,1e-06,20.0,0.0,5.0,30.0,0.1,5.0,0.2,False
4.0,9.0,11,4719,50.0,,1.0,1.0,0.1,8.0,12.0,1e-06,20.0,0.0,5.0,30.0,0.1,5.0,0.2,False
4.0,9.0,11,4718,50.0,,1.0,1.0,0.1,8.0,12.0,1e-06,20.0,0.0,5.0,30.0,0.1,5.0,0.2,False
4.0,9.0,11,4716,50.0,,1.0,1.0,0.1,8.0,12.0,1e-06,20.0,0.0,5.0,30.0,0.1,5.0,0.2,False
4.0,9.0,11,4739,50.0,,1.0,1.0,0.1,8.0,12.0,1e-06,20.0,0.0,5.0,30.0,0.1,5.0,0.2,False
4.0,9.0,11,4740,50.0,,1.0,1.0,0.1,8.0,12.0,1e-06,20.0,0.0,5.0,30.0,0.1,5.0,0.2,False
4.0,9.0,11,4727,50.0,,1.0,1.0,0.1,8.0,12.0,1e-06,20.0,0.0,5.0,30.0,0.1,5.0,0.2,False
4.0,9.0,11,4728,50.0,,1.0,1.0,0.1,8.0,12.0,1e-06,20.0,0.0,5.0,30.0,0.1,5.0,0.2,False
4.0,9.0,11,4742,50.0,,1.0,1.0,0.1,8.0,12.0,1e-06,20.0,0.0,5.0,30.0,0.1,5.0,0.2,False
4.0,9.0,11,4741,50.0,,1.0,1.0,0.1,8.0,12.0,1e-06,20.0,0.0,5.0,30.0,0.1,5.0,0.2,False
4.0,9.0,11,4712,50.0,,1.0,1.0,0.1,8.0,12.0,1e-06,20.0,0.0,5.0,30.0,0.1,5.0,0.2,False
4.0,9.0,11,4738,50.0,,1.0,1.0,0.1,8.0,12.0,1e-06,20.0,0.0,5.0,30.0,0.1,5.0,0.2,False
4.0,9.0,11,4735,50.0,,1.0,1.0,0.1,8.0,12.0,1e-06,20.0,0.0,5.0,30.0,0.1,5.0,0.2,False
4.0,9.0,11,4734,50.0,,1.0,1.0,0.1,8.0,12.0,1e-06,20.0,0.0,5.0,30.0,0.1,5.0,0.2,False
4.0,9.0,11,4736,50.0,,1.0,1.0,0.1,8.0,12.0,1e-06,20.0,0.0,5.0,30.0,0.1,5.0,0.2,False
4.0,9.0,11,4733,50.0,,1.0,1.0,0.1,8.0,12.0,1e-06,20.0,0.0,5.0,30.0,0.1,5.0,0.2,False
4.0,9.0,11,4711,50.0,,1.0,1.0,0.1,8.0,12.0,1e-06,20.0,0.0,5.0,30.0,0.1,5.0,0.2,False
4.0,9.0,11,4714,50.0,,1.0,1.0,0.1,8.0,12.0,1e-06,20.0,0.0,5.0,30.0,0.1,5.0,0.2,False
4.0,9.0,11,4710,50.0,,1.0,1.0,0.1,8.0,12.0,1e-06,20.0,0.0,5.0,30.0,0.1,5.0,0.2,False
4.0,9.0,11,4723,50.0,,1.0,1.0,0.1,8.0,12.0,1e-06,20.0,0.0,5.0,30.0,0.1,5.0,0.2,False
4.0,9.0,12,12,50.0,,1.0,1.0,0.1,8.0,12.0,1e-06,20.0,0.0,5.0,30.0,0.1,5.0,0.2,False
4.0,9.0,13,13,50.0,,1.0,1.0,0.1,8.0,12.0,1e-06,20.0,0.0,5.0,30.0,0.1,5.0,0.2,False
4.0,9.0,14,14,50.0,,1.0,1.0,0.1,8.0,100.0,1e-06,20.0,0.0,5.0,30.0,0.1,5.0,0.2,False
4.0,9.0,183,183,50.0,,1.0,1.0,0.1,8.0,12.0,1e-06,20.0,0.0,5.0,30.0,0.1,5.0,0.2,False
4.0,9.0,15,15,50.0,,1.0,1.0,0.1,8.0,12.0,1e-06,20.0,0.0,5.0,30.0,0.1,5.0,0.2,False
4.0,9.0,16,16,50.0,,1.0,1.0,0.1,8.0,12.0,1e-06,20.0,0.0,5.0,30.0,0.1,5.0,0.2,False
4.0,9.0,16,53536,50.0,,1.0,1.0,0.1,8.0,12.0,1e-06,20.0,0.0,5.0,30.0,0.1,5.0,0.2,False
4.0,9.0,16,53604,50.0,,1.0,1.0,0.1,8.0,12.0,1e-06,20.0,0.0,5.0,30.0,0.1,5.0,0.2,False
4.0,9.0,16,53605,50.0,,1.0,1.0,0.1,8.0,12.0,1e-06,20.0,0.0,5.0,30.0,0.1,5.0,0.2,False
4.0,9.0,16,53572,50.0,,1.0,1.0,0.1,8.0,12.0,1e-06,20.0,0.0,5.0,30.0,0.1,5.0,0.2,False
4.0,9.0,16,53568,50.0,,1.0,1.0,0.1,8.0,12.0,1e-06,20.0,0.0,5.0,30.0,0.1,5.0,0.2,False
4.0,9.0,16,53573,50.0,,1.0,1.0,0.1,8.0,12.0,1e-06,20.0,0.0,5.0,30.0,0.1,5.0,0.2,False
4.0,9.0,16,53537,50.0,,1.0,1.0,0.1,8.0,12.0,1e-06,20.0,0.0,5.0,30.0,0.1,5.0,0.2,False
4.0,9.0,16,53554,50.0,,1.0,1.0,0.1,8.0,12.0,1e-06,20.0,0.0,5.0,30.0,0.1,5.0,0.2,False
4.0,9.0,16,53610,50.0,,1.0,1.0,0.1,8.0,12.0,1e-06,20.0,0.0,5.0,30.0,0.1,5.0,0.2,False
4.0,9.0,16,53548,50.0,,1.0,1.0,0.1,8.0,12.0,1e-06,20.0,0.0,5.0,30.0,0.1,5.0,0.2,False
4.0,9.0,16,53547,50.0,,1.0,1.0,0.1,8.0,12.0,1e-06,20.0,0.0,5.0,30.0,0.1,5.0,0.2,False
4.0,9.0,16,53558,50.0,,1.0,1.0,0.1,8.0,12.0,1e-06,20.0,0.0,5.0,30.0,0.1,5.0,0.2,False
4.0,9.0,16,53535,50.0,,1.0,1.0,0.1,8.0,12.0,1e-06,20.0,0.0,5.0,30.0,0.1,5.0,0.2,False
4.0,9.0,16,53586,50.0,,1.0,1.0,0.1,8.0,12.0,1e-06,20.0,0.0,5.0,30.0,0.1,5.0,0.2,False
4.0,9.0,16,53579,50.0,,1.0,1.0,0.1,8.0,12.0,1e-06,20.0,0.0,5.0,30.0,0.1,5.0,0.2,False
4.0,9.0,16,53591,50.0,,1.0,1.0,0.1,8.0,12.0,1e-06,20.0,0.0,5.0,30.0,0.1,5.0,0.2,False
4.0,9.0,16,53552,50.0,,1.0,1.0,0.1,8.0,12.0,1e-06,20.0,0.0,5.0,30.0,0.1,5.0,0.2,False
4.0,9.0,16,53544,50.0,,1.0,1.0,0.1,8.0,12.0,1e-06,20.0,0.0,5.0,30.0,0.1,5.0,0.2,False
4.0,9.0,16,53566,50.0,,1.0,1.0,0.1,8.0,12.0,1e-06,20.0,0.0,5.0,30.0,0.1,5.0,0.2,False
4.0,9.0,16,53570,50.0,,1.0,1.0,0.1,8.0,12.0,1e-06,20.0,0.0,5.0,30.0,0.1,5.0,0.2,False
4.0,9.0,16,53594,50.0,,1.0,1.0,0.1,8.0,12.0,1e-06,20.0,0.0,5.0,30.0,0.1,5.0,0.2,False
4.0,9.0,16,53571,50.0,,1.0,1.0,0.1,8.0,12.0,1e-06,20.0,0.0,5.0,30.0,0.1,5.0,0.2,False
4.0,9.0,16,53565,50.0,,1.0,1.0,0.1,8.0,12.0,1e-06,20.0,0.0,5.0,30.0,0.1,5.0,0.2,False
4.0,9.0,16,53556,50.0,,1.0,1.0,0.1,8.0,12.0,1e-06,20.0,0.0,5.0,30.0,0.1,5.0,0.2,False
4.0,9.0,16,53578,50.0,,1.0,1.0,0.1,8.0,12.0,1e-06,20.0,0.0,5.0,30.0,0.1,5.0,0.2,False
4.0,9.0,16,53602,50.0,,1.0,1.0,0.1,8.0,12.0,1e-06,20.0,0.0,5.0,30.0,0.1,5.0,0.2,False
4.0,9.0,16,53596,50.0,,1.0,1.0,0.1,8.0,12.0,1e-06,20.0,0.0,5.0,30.0,0.1,5.0,0.2,False
4.0,9.0,16,53599,50.0,,1.0,1.0,0.1,8.0,12.0,1e-06,20.0,0.0,5.0,30.0,0.1,5.0,0.2,False
4.0,9.0,16,53597,50.0,,1.0,1.0,0.1,8.0,12.0,1e-06,20.0,0.0,5.0,30.0,0.1,5.0,0.2,False
4.0,9.0,16,53598,50.0,,1.0,1.0,0.1,8.0,12.0,1e-06,20.0,0.0,5.0,30.0,0.1,5.0,0.2,False
4.0,9.0,16,53595,50.0,,1.0,1.0,0.1,8.0,12.0,1e-06,20.0,0.0,5.0,30.0,0.1,5.0,0.2,False
4.0,9.0,16,53608,50.0,,1.0,1.0,0.1,8.0,12.0,1e-06,20.0,0.0,5.0,30.0,0.1,5.0,0.2,False
4.0,9.0,16,53582,50.0,,1.0,1.0,0.1,8.0,12.0,1e-06,20.0,0.0,5.0,30.0,0.1,5.0,0.2,False
4.0,9.0,16,53576,50.0,,1.0,1.0,0.1,8.0,12.0,1e-06,20.0,0.0,5.0,30.0,0.1,5.0,0.2,False
4.0,9.0,16,53534,50.0,,1.0,1.0,0.1,8.0,12.0,1e-06,20.0,0.0,5.0,30.0,0.1,5.0,0.2,False
4.0,9.0,16,53540,50.0,,1.0,1.0,0.1,8.0,12.0,1e-06,20.0,0.0,5.0,30.0,0.1,5.0,0.2,False
4.0,9.0,16,53541,50.0,,1.0,1.0,0.1,8.0,12.0,1e-06,20.0,0.0,5.0,30.0,0.1,5.0,0.2,False
4.0,9.0,16,53575,50.0,,1.0,1.0,0.1,8.0,12.0,1e-06,20.0,0.0,5.0,30.0,0.1,5.0,0.2,False
4.0,9.0,16,53545,50.0,,1.0,1.0,0.1,8.0,12.0,1e-06,20.0,0.0,5.0,30.0,0.1,5.0,0.2,False
4.0,9.0,16,53538,50.0,,1.0,1.0,0.1,8.0,12.0,1e-06,20.0,0.0,5.0,30.0,0.1,5.0,0.2,False
4.0,9.0,16,53539,50.0,,1.0,1.0,0.1,8.0,12.0,1e-06,20.0,0.0,5.0,30.0,0.1,5.0,0.2,False
4.0,9.0,16,53557,50.0,,1.0,1.0,0.1,8.0,12.0,1e-06,20.0,0.0,5.0,30.0,0.1,5.0,0.2,False
4.0,9.0,16,53592,50.0,,1.0,1.0,0.1,8.0,12.0,1e-06,20.0,0.0,5.0,30.0,0.1,5.0,0.2,False
4.0,9.0,16,53613,50.0,,1.0,1.0,0.1,8.0,12.0,1e-06,20.0,0.0,5.0,30.0,0.1,5.0,0.2,False
4.0,9.0,16,53585,50.0,,1.0,1.0,0.1,8.0,12.0,1e-06,20.0,0.0,5.0,30.0,0.1,5.0,0.2,False
4.0,9.0,16,53612,50.0,,1.0,1.0,0.1,8.0,12.0,1e-06,20.0,0.0,5.0,30.0,0.1,5.0,0.2,False
4.0,9.0,16,53564,50.0,,1.0,1.0,0.1,8.0,12.0,1e-06,20.0,0.0,5.0,30.0,0.1,5.0,0.2,False
4.0,9.0,16,53569,50.0,,1.0,1.0,0.1,8.0,12.0,1e-06,20.0,0.0,5.0,30.0,0.1,5.0,0.2,False
4.0,9.0,16,53590,50.0,,1.0,1.0,0.1,8.0,12.0,1e-06,20.0,0.0,5.0,30.0,0.1,5.0,0.2,False
4.0,9.0,16,53593,50.0,,1.0,1.0,0.1,8.0,12.0,1e-06,20.0,0.0,5.0,30.0,0.1,5.0,0.2,False
4.0,9.0,16,53533,50.0,,1.0,1.0,0.1,8.0,12.0,1e-06,20.0,0.0,5.0,30.0,0.1,5.0,0.2,False
4.0,9.0,16,53614,50.0,,1.0,1.0,0.1,8.0,12.0,1e-06,20.0,0.0,5.0,30.0,0.1,5.0,0.2,False
4.0,9.0,16,53574,50.0,,1.0,1.0,0.1,8.0,12.0,1e-06,20.0,0.0,5.0,30.0,0.1,5.0,0.2,False
4.0,9.0,16,53577,50.0,,1.0,1.0,0.1,8.0,12.0,1e-06,20.0,0.0,5.0,30.0,0.1,5.0,0.2,False
4.0,9.0,16,53583,50.0,,1.0,1.0,0.1,8.0,12.0,1e-06,20.0,0.0,5.0,30.0,0.1,5.0,0.2,False
4.0,9.0,16,53553,50.0,,1.0,1.0,0.1,8.0,12.0,1e-06,20.0,0.0,5.0,30.0,0.1,5.0,0.2,False
4.0,9.0,16,53543,50.0,,1.0,1.0,0.1,8.0,12.0,1e-06,20.0,0.0,5.0,30.0,0.1,5.0,0.2,False
4.0,9.0,16,53560,50.0,,1.0,1.0,0.1,8.0,12.0,1e-06,20.0,0.0,5.0,30.0,0.1,5.0,0.2,False
4.0,9.0,16,53561,50.0,,1.0,1.0,0.1,8.0,12.0,1e-06,20.0,0.0,5.0,30.0,0.1,5.0,0.2,False
4.0,9.0,16,53563,50.0,,1.0,1.0,0.1,8.0,12.0,1e-06,20.0,0.0,5.0,30.0,0.1,5.0,0.2,False
4.0,9.0,16,53551,50.0,,1.0,1.0,0.1,8.0,12.0,1e-06,20.0,0.0,5.0,30.0,0.1,5.0,0.2,False
4.0,9.0,16,53542,50.0,,1.0,1.0,0.1,8.0,12.0,1e-06,20.0,0.0,5.0,30.0,0.1,5.0,0.2,False
4.0,9.0,16,53559,50.0,,1.0,1.0,0.1,8.0,12.0,1e-06,20.0,0.0,5.0,30.0,0.1,5.0,0.2,False
4.0,9.0,16,53546,50.0,,1.0,1.0,0.1,8.0,12.0,1e-06,20.0,0.0,5.0,30.0,0.1,5.0,0.2,False
4.0,9.0,16,53555,50.0,,1.0,1.0,0.1,8.0,12.0,1e-06,20.0,0.0,5.0,30.0,0.1,5.0,0.2,False
4.0,9.0,16,53562,50.0,,1.0,1.0,0.1,8.0,12.0,1e-06,20.0,0.0,5.0,30.0,0.1,5.0,0.2,False
4.0,9.0,16,53584,50.0,,1.0,1.0,0.1,8.0,12.0,1e-06,20.0,0.0,5.0,30.0,0.1,5.0,0.2,False
4.0,9.0,16,53603,50.0,,1.0,1.0,0.1,8.0,12.0,1e-06,20.0,0.0,5.0,30.0,0.1,5.0,0.2,False
4.0,9.0,16,53580,50.0,,1.0,1.0,0.1,8.0,12.0,1e-06,20.0,0.0,5.0,30.0,0.1,5.0,0.2,False
4.0,9.0,16,53567,50.0,,1.0,1.0,0.1,8.0,12.0,1e-06,20.0,0.0,5.0,30.0,0.1,5.0,0.2,False
4.0,9.0,16,53600,50.0,,1.0,1.0,0.1,8.0,12.0,1e-06,20.0,0.0,5.0,30.0,0.1,5.0,0.2,False
4.0,9.0,16,53581,50.0,,1.0,1.0,0.1,8.0,12.0,1e-06,20.0,0.0,5.0,30.0,0.1,5.0,0.2,False
4.0,9.0,16,53601,50.0,,1.0,1.0,0.1,8.0,12.0,1e-06,20.0,0.0,5.0,30.0,0.1,5.0,0.2,False
4.0,9.0,16,53611,50.0,,1.0,1.0,0.1,8.0,12.0,1e-06,20.0,0.0,5.0,30.0,0.1,5.0,0.2,False
4.0,9.0,16,53607,50.0,,1.0,1.0,0.1,8.0,12.0,1e-06,20.0,0.0,5.0,30.0,0.1,5.0,0.2,False
4.0,9.0,16,53606,50.0,,1.0,1.0,0.1,8.0,12.0,1e-06,20.0,0.0,5.0,30.0,0.1,5.0,0.2,False
4.0,9.0,16,53550,50.0,,1.0,1.0,0.1,8.0,12.0,1e-06,20.0,0.0,5.0,30.0,0.1,5.0,0.2,False
4.0,9.0,16,53609,50.0,,1.0,1.0,0.1,8.0,12.0,1e-06,20.0,0.0,5.0,30.0,0.1,5.0,0.2,False
4.0,9.0,16,53549,50.0,,1.0,1.0,0.1,8.0,12.0,1e-06,20.0,0.0,5.0,30.0,0.1,5.0,0.2,False
4.0,9.0,16,53588,50.0,,1.0,1.0,0.1,8.0,12.0,1e-06,20.0,0.0,5.0,30.0,0.1,5.0,0.2,False
4.0,9.0,16,53589,50.0,,1.0,1.0,0.1,8.0,12.0,1e-06,20.0,0.0,5.0,30.0,0.1,5.0,0.2,False
4.0,9.0,16,53587,50.0,,1.0,1.0,0.1,8.0,12.0,1e-06,20.0,0.0,5.0,30.0,0.1,5.0,0.2,False
4.0,9.0,186,186,50.0,,1.0,1.0,0.1,8.0,12.0,1e-06,20.0,0.0,5.0,30.0,0.1,5.0,0.2,False
4.0,9.0,17,17,50.0,,1.0,1.0,0.1,8.0,12.0,1e-06,20.0,0.0,5.0,30.0,0.1,5.0,0.2,False
4.0,9.0,18,18,50.0,,1.0,1.0,0.1,8.0,12.0,1e-06,20.0,0.0,5.0,30.0,0.1,5.0,0.2,False
4.0,9.0,19,19,50.0,,1.0,1.0,0.1,8.0,12.0,1e-06,20.0,0.0,5.0,30.0,0.1,5.0,0.2,False
4.0,9.0,20,20,500.0,,1.0,1.0,0.1,8.0,12.0,1e-06,20.0,0.0,5.0,30.0,0.1,5.0,0.2,False
166.0,167.0,168,168,500.0,,1.0,1.0,0.1,8.0,12.0,1e-06,50.0,0.0,5.0,30.0,0.1,5.0,0.2,False
166.0,167.0,169,169,500.0,,1.0,1.0,0.1,8.0,12.0,1e-06,50.0,0.0,5.0,30.0,0.1,5.0,0.2,False
166.0,167.0,170,170,500.0,,1.0,1.0,0.1,8.0,12.0,1e-06,50.0,0.0,5.0,30.0,0.1,5.0,0.2,False
166.0,167.0,171,171,500.0,,1.0,1.0,0.1,8.0,12.0,1e-06,50.0,0.0,5.0,30.0,0.1,5.0,0.2,False
166.0,167.0,172,172,500.0,,1.0,1.0,0.1,8.0,12.0,1e-06,50.0,0.0,5.0,30.0,0.1,5.0,0.2,False
166.0,167.0,173,173,500.0,,1.0,1.0,0.1,8.0,12.0,1e-06,50.0,0.0,5.0,30.0,0.1,5.0,0.2,False
166.0,174.0,175,175,500.0,,1.0,1.0,0.1,8.0,12.0,1e-06,50.0,0.0,5.0,30.0,0.1,5.0,0.2,False
166.0,174.0,176,176,500.0,,1.0,1.0,0.1,8.0,12.0,1e-06,50.0,0.0,5.0,30.0,0.1,5.0,0.2,False
166.0,174.0,177,177,500.0,,1.0,1.0,0.1,8.0,12.0,1e-06,50.0,0.0,5.0,30.0,0.1,5.0,0.2,False
166.0,174.0,178,178,500.0,,1.0,1.0,0.1,8.0,12.0,1e-06,50.0,0.0,5.0,30.0,0.1,5.0,0.2,False
166.0,174.0,179,179,500.0,,1.0,1.0,0.1,8.0,12.0,1e-06,50.0,0.0,5.0,30.0,0.1,5.0,0.2,False
166.0,174.0,179,44861,500.0,,1.0,1.0,0.1,8.0,12.0,1e-06,50.0,0.0,5.0,30.0,0.1,5.0,0.2,False
166.0,174.0,179,44853,500.0,,1.0,1.0,0.1,8.0,12.0,1e-06,50.0,0.0,5.0,30.0,0.1,5.0,0.2,False
166.0,174.0,179,44854,500.0,,1.0,1.0,0.1,8.0,12.0,1e-06,50.0,0.0,5.0,30.0,0.1,5.0,0.2,False
166.0,174.0,179,44857,500.0,,1.0,1.0,0.1,8.0,12.0,1e-06,50.0,0.0,5.0,30.0,0.1,5.0,0.2,False
166.0,174.0,179,44862,500.0,,1.0,1.0,0.1,8.0,12.0,1e-06,50.0,0.0,5.0,30.0,0.1,5.0,0.2,False
166.0,174.0,179,44860,500.0,,1.0,1.0,0.1,8.0,12.0,1e-06,50.0,0.0,5.0,30.0,0.1,5.0,0.2,False
166.0,174.0,179,44859,500.0,,1.0,1.0,0.1,8.0,12.0,1e-06,50.0,0.0,5.0,30.0,0.1,5.0,0.2,False
166.0,174.0,179,44855,500.0,,1.0,1.0,0.1,8.0,12.0,1e-06,50.0,0.0,5.0,30.0,0.1,5.0,0.2,False
166.0,174.0,179,60908,500.0,,1.0,1.0,0.1,8.0,12.0,1e-06,50.0,0.0,5.0,30.0,0.1,5.0,0.2,False
166.0,174.0,179,44856,500.0,,1.0,1.0,0.1,8.0,12.0,1e-06,50.0,0.0,5.0,30.0,0.1,5.0,0.2,False
166.0,174.0,179,94364,500.0,,1.0,1.0,0.1,8.0,12.0,1e-06,50.0,0.0,5.0,30.0,0.1,5.0,0.2,False
166.0,174.0,179,95069,500.0,,1.0,1.0,0.1,8.0,12.0,1e-06,50.0,0.0,5.0,30.0,0.1,5.0,0.2,False
166.0,174.0,179,44852,500.0,,1.0,1.0,0.1,8.0,12.0,1e-06,50.0,0.0,5.0,30.0,0.1,5.0,0.2,False
166.0,174.0,180,180,1.0,,1.0,1.0,0.1,8.0,12.0,1e-06,50.0,0.0,5.0,30.0,0.1,5.0,0.2,False
166.0,174.0,180,44793,1.0,,1.0,1.0,0.1,8.0,12.0,1e-06,50.0,0.0,5.0,30.0,0.1,5.0,0.2,False
166.0,174.0,180,35629,1.0,,1.0,1.0,0.1,8.0,12.0,1e-06,50.0,0.0,5.0,30.0,0.1,5.0,0.2,False
166.0,174.0,180,35631,1.0,,0.1,1.0,0.1,8.0,12.0,1e-06,50.0,0.0,5.0,30.0,0.1,5.0,0.2,False
166.0,174.0,180,35645,1.0,,1.0,1.0,0.1,8.0,12.0,1e-06,50.0,0.0,5.0,30.0,0.1,5.0,0.2,False
166.0,174.0,180,35651,1.0,,1.0,1.0,0.1,8.0,12.0,1e-06,50.0,0.0,5.0,30.0,0.1,5.0,0.2,False
166.0,174.0,180,35652,1.0,,1.0,1.0,0.1,8.0,12.0,1e-06,50.0,0.0,5.0,30.0,0.1,5.0,0.2,False
166.0,174.0,180,44794,1.0,,1.0,1.0,0.1,8.0,12.0,1e-06,50.0,0.0,5.0,30.0,0.1,5.0,0.2,False
166.0,174.0,180,35630,1.0,,1.0,1.0,0.1,8.0,12.0,1e-06,50.0,0.0,5.0,30.0,0.1,5.0,0.2,False
166.0,174.0,180,35635,1.0,,1.0,1.0,0.1,8.0,12.0,1e-06,50.0,0.0,5.0,30.0,0.1,5.0,0.2,False
166.0,174.0,180,35637,1.0,,1.0,1.0,0.1,8.0,12.0,1e-06,50.0,0.0,5.0,30.0,0.1,5.0,0.2,False
166.0,174.0,180,35644,1.0,,1.0,1.0,0.1,8.0,12.0,1e-06,50.0,0.0,5.0,30.0,0.1,5.0,0.2,False
166.0,174.0,180,35655,1.0,,1.0,1.0,0.1,8.0,12.0,1e-06,50.0,0.0,5.0,30.0,0.1,5.0,0.2,False
166.0,174.0,180,35656,1.0,,1.0,1.0,0.1,8.0,12.0,1e-06,50.0,0.0,5.0,30.0,0.1,5.0,0.2,False
166.0,174.0,180,44795,1.0,,1.0,1.0,0.1,8.0,12.0,1e-06,50.0,0.0,5.0,30.0,0.1,5.0,0.2,False
166.0,174.0,180,35622,1.0,,1.0,1.0,0.1,8.0,12.0,1e-06,50.0,0.0,5.0,30.0,0.1,5.0,0.2,False
166.0,174.0,180,35625,1.0,,1.0,1.0,0.1,8.0,12.0,1e-06,50.0,0.0,5.0,30.0,0.1,5.0,0.2,False
166.0,174.0,180,35634,1.0,,1.0,1.0,0.1,8.0,12.0,1e-06,50.0,0.0,5.0,30.0,0.1,5.0,0.2,False
166.0,174.0,180,35638,1.0,,1.0,1.0,0.1,8.0,12.0,1e-06,50.0,0.0,5.0,30.0,0.1,5.0,0.2,False
166.0,174.0,180,35639,1.0,,1.0,1.0,0.1,8.0,12.0,1e-06,50.0,0.0,5.0,30.0,0.1,5.0,0.2,False
166.0,174.0,180,35641,1.0,,1.0,1.0,0.1,8.0,12.0,1e-06,50.0,0.0,5.0,30.0,0.1,5.0,0.2,False
166.0,174.0,180,35642,1.0,,1.0,1.0,0.1,8.0,12.0,1e-06,50.0,0.0,5.0,30.0,0.1,5.0,0.2,False
166.0,174.0,180,35657,1.0,,1.0,1.0,0.1,8.0,12.0,1e-06,50.0,0.0,5.0,30.0,0.1,5.0,0.2,False
166.0,174.0,180,44796,1.0,,1.0,1.0,0.1,8.0,12.0,1e-06,50.0,0.0,5.0,30.0,0.1,5.0,0.2,False
166.0,174.0,180,35646,1.0,,1.0,1.0,0.1,8.0,12.0,1e-06,50.0,0.0,5.0,30.0,0.1,5.0,0.2,False
166.0,174.0,180,44797,1.0,,1.0,1.0,0.1,8.0,12.0,1e-06,50.0,0.0,5.0,30.0,0.1,5.0,0.2,False
166.0,174.0,180,35623,1.0,,1.0,1.0,0.1,8.0,12.0,1e-06,50.0,0.0,5.0,30.0,0.1,5.0,0.2,False
166.0,174.0,180,35640,1.0,,1.0,1.0,0.1,8.0,12.0,1e-06,50.0,0.0,5.0,30.0,0.1,5.0,0.2,False
166.0,174.0,180,35662,1.0,,1.0,1.0,0.1,8.0,12.0,1e-06,50.0,0.0,5.0,30.0,0.1,5.0,0.2,False
166.0,174.0,180,44798,1.0,,1.0,1.0,0.1,8.0,12.0,1e-06,50.0,0.0,5.0,30.0,0.1,5.0,0.2,False
166.0,174.0,180,35624,1.0,,1.0,1.0,0.1,8.0,12.0,1e-06,50.0,0.0,5.0,30.0,0.1,5.0,0.2,False
166.0,174.0,180,35632,1.0,,1.0,1.0,0.1,8.0,12.0,1e-06,50.0,0.0,5.0,30.0,0.1,5.0,0.2,False
166.0,174.0,180,35633,1.0,,1.0,1.0,0.1,8.0,12.0,1e-06,50.0,0.0,5.0,30.0,0.1,5.0,0.2,False
166.0,174.0,180,35643,1.0,,1.0,1.0,0.1,8.0,12.0,1e-06,50.0,0.0,5.0,30.0,0.1,5.0,0.2,False
166.0,174.0,180,35650,1.0,,1.0,1.0,0.1,8.0,12.0,1e-06,50.0,0.0,5.0,30.0,0.1,5.0,0.2,False
166.0,174.0,180,35654,1.0,,1.0,1.0,0.1,8.0,12.0,1e-06,50.0,0.0,5.0,30.0,0.1,5.0,0.2,False
166.0,174.0,180,44799,1.0,,1.0,1.0,0.1,8.0,12.0,1e-06,50.0,0.0,5.0,30.0,0.1,5.0,0.2,False
166.0,174.0,180,35617,1.0,,1.0,1.0,0.1,8.0,12.0,1e-06,50.0,0.0,5.0,30.0,0.1,5.0,0.2,False
166.0,174.0,180,35618,1.0,,1.0,1.0,0.1,8.0,12.0,1e-06,50.0,0.0,5.0,30.0,0.1,5.0,0.2,False
166.0,174.0,180,35621,1.0,,1.0,1.0,0.1,8.0,12.0,1e-06,50.0,0.0,5.0,30.0,0.1,5.0,0.2,False
166.0,174.0,180,35626,1.0,,1.0,1.0,0.1,8.0,12.0,1e-06,50.0,0.0,5.0,30.0,0.1,5.0,0.2,False
166.0,174.0,180,35628,1.0,,1.0,1.0,0.1,8.0,12.0,1e-06,50.0,0.0,5.0,30.0,0.1,5.0,0.2,False
166.0,174.0,180,35636,1.0,,1.0,1.0,0.1,8.0,12.0,1e-06,50.0,0.0,5.0,30.0,0.1,5.0,0.2,False
166.0,174.0,180,35647,1.0,,1.0,1.0,0.1,8.0,12.0,1e-06,50.0,0.0,5.0,30.0,0.1,5.0,0.2,False
166.0,174.0,180,35648,1.0,,1.0,1.0,0.1,8.0,12.0,1e-06,50.0,0.0,5.0,30.0,0.1,5.0,0.2,False
166.0,174.0,180,35649,1.0,,1.0,1.0,0.1,8.0,12.0,1e-06,50.0,0.0,5.0,30.0,0.1,5.0,0.2,False
166.0,174.0,180,35653,1.0,,1.0,1.0,0.1,8.0,12.0,1e-06,50.0,0.0,5.0,30.0,0.1,5.0,0.2,False
166.0,174.0,180,35658,1.0,,1.0,1.0,0.1,8.0,12.0,1e-06,50.0,0.0,5.0,30.0,0.1,5.0,0.2,False
166.0,174.0,180,35659,1.0,,1.0,1.0,0.1,8.0,12.0,1e-06,50.0,0.0,5.0,30.0,0.1,5.0,0.2,False
166.0,174.0,180,35660,1.0,,1.0,1.0,0.1,8.0,12.0,1e-06,50.0,0.0,5.0,30.0,0.1,5.0,0.2,False
166.0,174.0,180,35663,1.0,,1.0,1.0,0.1,8.0,12.0,1e-06,50.0,0.0,5.0,30.0,0.1,5.0,0.2,False
166.0,174.0,180,44800,1.0,,1.0,1.0,0.1,8.0,12.0,1e-06,50.0,0.0,5.0,30.0,0.1,5.0,0.2,False
166.0,174.0,180,35619,1.0,,1.0,1.0,0.1,8.0,12.0,1e-06,50.0,0.0,5.0,30.0,0.1,5.0,0.2,False
166.0,174.0,180,35620,1.0,,1.0,1.0,0.1,8.0,12.0,1e-06,50.0,0.0,5.0,30.0,0.1,5.0,0.2,False
166.0,174.0,180,35627,1.0,,1.0,1.0,0.1,8.0,12.0,1e-06,50.0,0.0,5.0,30.0,0.1,5.0,0.2,False
166.0,174.0,180,35661,1.0,,1.0,1.0,0.1,8.0,12.0,1e-06,50.0,0.0,5.0,30.0,0.1,5.0,0.2,False
166.0,174.0,181,181,500.0,,1.0,1.0,0.1,8.0,12.0,1e-06,50.0,0.0,5.0,30.0,0.1,5.0,0.2,False
166.0,174.0,182,182,500.0,,1.0,1.0,0.1,8.0,12.0,1e-06,50.0,0.0,5.0,30.0,0.1,5.0,0.2,False
166.0,174.0,184,184,500.0,,1.0,1.0,0.1,8.0,12.0,1e-06,50.0,0.0,5.0,30.0,0.1,5.0,0.2,False
166.0,174.0,185,185,500.0,,1.0,1.0,0.1,8.0,12.0,1e-06,50.0,0.0,5.0,30.0,0.1,5.0,0.2,False
166.0,174.0,187,187,500.0,,1.0,1.0,0.1,8.0,12.0,1e-06,50.0,0.0,5.0,30.0,0.1,5.0,0.2,False
166.0,174.0,435,435,500.0,,1.0,1.0,0.1,8.0,12.0,1e-06,50.0,0.0,5.0,30.0,0.1,5.0,0.2,False
166.0,174.0,190,190,500.0,,1.0,1.0,0.1,8.0,12.0,1e-06,50.0,0.0,5.0,30.0,0.1,5.0,0.2,False
166.0,174.0,189,189,500.0,,1.0,1.0,0.1,8.0,12.0,1e-06,50.0,0.0,5.0,30.0,0.1,5.0,0.2,False
166.0,174.0,191,191,500.0,,1.0,1.0,0.1,8.0,12.0,1e-06,50.0,0.0,5.0,30.0,0.1,5.0,0.2,False
166.0,192.0,193,193,500.0,,1.0,1.0,0.1,8.0,100.0,1e-06,50.0,0.0,5.0,30.0,0.1,5.0,0.2,False
166.0,192.0,197,197,500.0,,1.0,1.0,0.1,8.0,12.0,1e-06,50.0,0.0,5.0,30.0,0.1,5.0,0.2,False
166.0,192.0,194,194,500.0,,1.0,1.0,0.1,8.0,12.0,1e-06,50.0,0.0,5.0,30.0,0.1,5.0,0.2,False
166.0,192.0,195,195,500.0,,1.0,1.0,0.1,8.0,100.0,1e-06,50.0,0.0,5.0,30.0,0.1,5.0,0.2,False
166.0,192.0,196,196,1.0,,1.0,1.0,0.1,8.0,12.0,1e-06,50.0,0.0,5.0,30.0,0.1,5.0,0.2,False
166.0,192.0,196,482,1.0,,1.0,1.0,0.1,8.0,12.0,1e-06,50.0,0.0,5.0,30.0,0.1,5.0,0.2,False
166.0,192.0,196,483,1.0,,1.0,1.0,0.1,8.0,12.0,1e-06,50.0,0.0,5.0,30.0,0.1,5.0,0.2,False
166.0,192.0,196,484,1.0,,1.0,1.0,0.1,8.0,12.0,1e-06,50.0,0.0,5.0,30.0,0.1,5.0,0.2,False
166.0,192.0,196,485,1.0,,1.0,1.0,0.1,8.0,12.0,1e-06,50.0,0.0,5.0,30.0,0.1,5.0,0.2,False
166.0,192.0,196,486,1.0,,1.0,1.0,0.1,8.0,12.0,1e-06,50.0,0.0,5.0,30.0,0.1,5.0,0.2,False
166.0,192.0,196,487,1.0,,1.0,1.0,0.1,8.0,12.0,1e-06,50.0,0.0,5.0,30.0,0.1,5.0,0.2,False
166.0,192.0,196,488,1.0,,1.0,1.0,0.1,8.0,12.0,1e-06,50.0,0.0,5.0,30.0,0.1,5.0,0.2,False
166.0,192.0,196,489,1.0,,1.0,1.0,0.1,8.0,12.0,1e-06,50.0,0.0,5.0,30.0,0.1,5.0,0.2,False
166.0,192.0,196,490,1.0,,1.0,1.0,0.1,8.0,12.0,1e-06,50.0,0.0,5.0,30.0,0.1,5.0,0.2,False
166.0,192.0,198,198,500.0,,1.0,1.0,0.1,8.0,12.0,1e-06,50.0,0.0,5.0,30.0,0.1,5.0,0.0,False
166.0,199.0,200,200,500.0,,1.0,1.0,0.1,8.0,12.0,1e-06,50.0,0.0,5.0,30.0,0.1,5.0,0.2,False
166.0,199.0,201,201,500.0,,1.0,1.0,0.1,8.0,12.0,1e-06,50.0,0.0,5.0,30.0,0.1,5.0,0.2,False
166.0,199.0,203,203,1.0,,1.0,1.0,0.1,8.0,12.0,1e-06,50.0,0.0,5.0,30.0,0.1,5.0,0.2,False
166.0,199.0,202,202,500.0,,1.0,1.0,0.1,8.0,12.0,1e-06,50.0,0.0,5.0,30.0,0.1,5.0,0.2,False
166.0,199.0,204,204,500.0,,1.0,1.0,0.1,8.0,12.0,1e-06,50.0,0.0,5.0,30.0,0.1,5.0,0.2,False
166.0,199.0,205,205,500.0,,1.0,1.0,0.1,8.0,12.0,1e-06,50.0,0.0,5.0,30.0,0.1,5.0,0.2,False
166.0,199.0,206,206,500.0,,1.0,1.0,0.1,8.0,12.0,1e-06,50.0,0.0,5.0,30.0,0.1,5.0,0.2,False
166.0,199.0,207,207,500.0,,1.0,1.0,0.1,8.0,12.0,1e-06,50.0,0.0,5.0,30.0,0.1,5.0,0.2,False
166.0,199.0,208,208,500.0,,1.0,1.0,0.1,8.0,12.0,1e-06,50.0,0.0,5.0,30.0,0.1,5.0,0.2,False
166.0,199.0,209,209,500.0,,1.0,1.0,0.1,8.0,12.0,1e-06,50.0,0.0,5.0,30.0,0.1,5.0,0.2,False
166.0,199.0,210,210,1.0,,1.0,1.0,0.1,8.0,12.0,1e-06,50.0,0.0,5.0,30.0,0.1,5.0,0.2,False
166.0,199.0,211,211,500.0,,1.0,1.0,0.1,8.0,12.0,1e-06,50.0,0.0,5.0,30.0,0.1,5.0,0.2,False
166.0,199.0,212,212,1.0,,1.0,1.0,0.1,8.0,12.0,1e-06,50.0,0.0,5.0,30.0,0.1,5.0,0.2,False
166.0,199.0,213,213,1.0,,1.0,1.0,0.1,8.0,12.0,1e-06,50.0,0.0,5.0,30.0,0.1,5.0,0.2,False
166.0,199.0,214,214,500.0,,1.0,1.0,0.1,8.0,12.0,1e-06,50.0,0.0,5.0,30.0,0.1,5.0,0.2,False
166.0,199.0,214,25318,500.0,,1.0,1.0,0.1,8.0,12.0,1e-06,50.0,0.0,5.0,30.0,0.1,5.0,0.2,False
166.0,199.0,214,25319,500.0,,1.0,1.0,0.1,8.0,12.0,1e-06,50.0,0.0,5.0,30.0,0.1,5.0,0.2,False
166.0,199.0,214,25320,500.0,,1.0,1.0,0.1,8.0,12.0,1e-06,50.0,0.0,5.0,30.0,0.1,5.0,0.2,False
166.0,199.0,214,25321,500.0,,1.0,1.0,0.1,8.0,12.0,1e-06,50.0,0.0,5.0,30.0,0.1,5.0,0.2,False
166.0,199.0,214,25322,500.0,,1.0,1.0,0.1,8.0,12.0,1e-06,50.0,0.0,5.0,30.0,0.1,5.0,0.2,False
166.0,199.0,214,25323,500.0,,1.0,1.0,0.1,8.0,12.0,1e-06,50.0,0.0,5.0,30.0,0.1,5.0,0.2,False
166.0,199.0,214,25324,500.0,,1.0,1.0,0.1,8.0,12.0,1e-06,50.0,0.0,5.0,30.0,0.1,5.0,0.2,False
166.0,199.0,214,25325,500.0,,1.0,1.0,0.1,8.0,12.0,1e-06,50.0,0.0,5.0,30.0,0.1,5.0,0.2,False
166.0,199.0,214,25326,500.0,,1.0,1.0,0.1,8.0,12.0,1e-06,50.0,0.0,5.0,30.0,0.1,5.0,0.2,False
166.0,199.0,214,25327,500.0,,1.0,1.0,0.1,8.0,12.0,1e-06,50.0,0.0,5.0,30.0,0.1,5.0,0.2,False
166.0,199.0,214,25328,500.0,,1.0,1.0,0.1,8.0,12.0,1e-06,50.0,0.0,5.0,30.0,0.1,5.0,0.2,False
166.0,199.0,214,25329,500.0,,1.0,1.0,0.1,8.0,12.0,1e-06,50.0,0.0,5.0,30.0,0.1,5.0,0.2,False
166.0,199.0,214,25330,500.0,,1.0,1.0,0.1,8.0,12.0,1e-06,50.0,0.0,5.0,30.0,0.1,5.0,0.2,False
166.0,199.0,214,25331,500.0,,1.0,1.0,0.1,8.0,12.0,1e-06,50.0,0.0,5.0,30.0,0.1,5.0,0.2,False
166.0,199.0,214,25332,500.0,,1.0,1.0,0.1,8.0,12.0,1e-06,50.0,0.0,5.0,30.0,0.1,5.0,0.2,False
166.0,199.0,214,25333,500.0,,1.0,1.0,0.1,8.0,12.0,1e-06,50.0,0.0,5.0,30.0,0.1,5.0,0.2,False
166.0,199.0,214,25334,500.0,,1.0,1.0,0.1,8.0,12.0,1e-06,50.0,0.0,5.0,30.0,0.1,5.0,0.2,False
166.0,199.0,214,25335,500.0,,1.0,1.0,0.1,8.0,12.0,1e-06,50.0,0.0,5.0,30.0,0.1,5.0,0.2,False
166.0,199.0,214,25336,500.0,,1.0,1.0,0.1,8.0,12.0,1e-06,50.0,0.0,5.0,30.0,0.1,5.0,0.2,False
166.0,199.0,214,25337,500.0,,1.0,1.0,0.1,8.0,12.0,1e-06,50.0,0.0,5.0,30.0,0.1,5.0,0.2,False
166.0,199.0,214,25338,500.0,,1.0,1.0,0.1,8.0,12.0,1e-06,50.0,0.0,5.0,30.0,0.1,5.0,0.2,False
166.0,199.0,214,25339,500.0,,1.0,1.0,0.1,8.0,12.0,1e-06,50.0,0.0,5.0,30.0,0.1,5.0,0.2,False
166.0,199.0,214,25340,500.0,,1.0,1.0,0.1,8.0,12.0,1e-06,50.0,0.0,5.0,30.0,0.1,5.0,0.2,False
166.0,199.0,214,25341,1.0,,1.0,1.0,0.1,8.0,12.0,1e-06,50.0,0.0,5.0,30.0,0.1,5.0,0.2,False
166.0,199.0,214,25342,500.0,,1.0,1.0,0.1,8.0,12.0,1e-06,50.0,0.0,5.0,30.0,0.1,5.0,0.2,False
166.0,199.0,214,25343,500.0,,1.0,1.0,0.1,8.0,12.0,1e-06,50.0,0.0,5.0,30.0,0.1,5.0,0.2,False
166.0,199.0,214,25344,500.0,,1.0,1.0,0.1,8.0,12.0,1e-06,50.0,0.0,5.0,30.0,0.1,5.0,0.2,False
166.0,199.0,214,25345,500.0,,1.0,1.0,0.1,8.0,12.0,1e-06,50.0,0.0,5.0,30.0,0.1,5.0,0.2,False
166.0,199.0,214,25346,500.0,,1.0,1.0,0.1,8.0,12.0,1e-06,50.0,0.0,5.0,30.0,0.1,5.0,0.2,False
166.0,199.0,214,25347,1.0,,1.0,1.0,0.1,8.0,12.0,1e-06,50.0,0.0,5.0,30.0,0.1,5.0,0.2,False
166.0,199.0,214,25348,1.0,,1.0,1.0,0.1,8.0,12.0,1e-06,50.0,0.0,5.0,30.0,0.1,5.0,0.2,False
166.0,199.0,214,25349,500.0,,1.0,1.0,0.1,8.0,12.0,1e-06,50.0,0.0,5.0,30.0,0.1,5.0,0.2,False
166.0,199.0,214,25350,500.0,,1.0,1.0,0.1,8.0,12.0,1e-06,50.0,0.0,5.0,30.0,0.1,5.0,0.2,False
166.0,199.0,214,25351,500.0,,1.0,1.0,0.1,8.0,12.0,1e-06,50.0,0.0,5.0,30.0,0.1,5.0,0.2,False
166.0,199.0,214,25352,500.0,,1.0,1.0,0.1,8.0,12.0,1e-06,50.0,0.0,5.0,30.0,0.1,5.0,0.2,False
166.0,199.0,214,25353,500.0,,1.0,1.0,0.1,8.0,12.0,1e-06,50.0,0.0,5.0,30.0,0.1,5.0,0.2,False
166.0,199.0,214,25354,500.0,,1.0,1.0,0.1,8.0,12.0,1e-06,50.0,0.0,5.0,30.0,0.1,5.0,0.2,False
166.0,199.0,215,215,500.0,,1.0,1.0,0.1,8.0,12.0,1e-06,50.0,0.0,5.0,30.0,0.1,5.0,0.2,False
166.0,199.0,216,216,500.0,,1.0,1.0,0.1,8.0,12.0,1e-06,50.0,0.0,5.0,30.0,0.1,5.0,0.2,False
166.0,199.0,217,217,500.0,,1.0,1.0,0.1,8.0,12.0,1e-06,50.0,0.0,5.0,30.0,0.1,5.0,0.2,False
166.0,199.0,218,218,500.0,,1.0,1.0,0.1,8.0,12.0,1e-06,50.0,0.0,5.0,30.0,0.1,5.0,0.2,False
