"modelable_entity_id","cause_id","rei_id","n_code","sequela_id","healthstate_id"
16604,711,250,"N1",-1,-1
16605,711,251,"N10",-10,-10
16606,711,252,"N11",-11,-11
16607,711,253,"N12",-12,-12
16608,711,254,"N13",-13,-13
16609,711,255,"N14",-14,-14
16610,711,256,"N15",-15,-15
16611,711,257,"N16",-16,-16
16612,711,258,"N17",-17,-17
16613,711,259,"N18",-18,-18
16614,711,260,"N19",-19,-19
16615,711,261,"N2",-2,-2
16616,711,262,"N20",-20,-20
16617,711,263,"N21",-21,-21
16618,711,264,"N22",-22,-22
16619,711,265,"N23",-23,-23
16620,711,266,"N24",-24,-24
16621,711,267,"N25",-25,-25
16622,711,268,"N26",-26,-26
16623,711,269,"N27",-27,-27
16624,711,270,"N28",-28,-28
16625,711,272,"N3",-3,-3
16626,711,273,"N30",-30,-30
16627,711,274,"N31",-31,-31
16628,711,275,"N32",-32,-32
16629,711,276,"N33",-55,-55
16634,711,277,"N34",-56,-56
16639,711,278,"N35",-41,-41
16640,711,279,"N36",-42,-42
16641,711,280,"N37",-43,-43
16642,711,281,"N38",-44,-44
16643,711,282,"N39",-45,-45
16644,711,283,"N4",-4,-4
16645,711,284,"N40",-46,-46
16646,711,285,"N41",-47,-47
16647,711,286,"N42",-48,-48
16648,711,287,"N43",-49,-49
16649,711,288,"N44",-50,-50
16650,711,289,"N45",-51,-51
16651,711,290,"N46",-52,-52
16652,711,291,"N47",-53,-53
16653,711,292,"N48",-54,-54
16654,711,293,"N5",-5,-5
16655,711,294,"N6",-6,-6
16656,711,295,"N7",-7,-7
16657,711,296,"N8",-8,-8
16658,711,297,"N9",-9,-9
16659,710,250,"N1",-1,-1
16660,710,251,"N10",-10,-10
16661,710,252,"N11",-11,-11
16662,710,253,"N12",-12,-12
16663,710,254,"N13",-13,-13
16664,710,255,"N14",-14,-14
16665,710,256,"N15",-15,-15
16666,710,257,"N16",-16,-16
16667,710,258,"N17",-17,-17
16668,710,259,"N18",-18,-18
16669,710,260,"N19",-19,-19
16670,710,261,"N2",-2,-2
16671,710,262,"N20",-20,-20
16672,710,263,"N21",-21,-21
16673,710,264,"N22",-22,-22
16674,710,265,"N23",-23,-23
16675,710,266,"N24",-24,-24
16676,710,267,"N25",-25,-25
16677,710,268,"N26",-26,-26
16678,710,269,"N27",-27,-27
16679,710,270,"N28",-28,-28
16680,710,272,"N3",-3,-3
16681,710,273,"N30",-30,-30
16682,710,274,"N31",-31,-31
16683,710,275,"N32",-32,-32
16684,710,276,"N33",-55,-55
16689,710,277,"N34",-56,-56
16694,710,278,"N35",-41,-41
16695,710,279,"N36",-42,-42
16696,710,280,"N37",-43,-43
16697,710,281,"N38",-44,-44
16698,710,282,"N39",-45,-45
16699,710,283,"N4",-4,-4
16700,710,284,"N40",-46,-46
16701,710,285,"N41",-47,-47
16702,710,286,"N42",-48,-48
16703,710,287,"N43",-49,-49
16704,710,288,"N44",-50,-50
16705,710,289,"N45",-51,-51
16706,710,290,"N46",-52,-52
16707,710,291,"N47",-53,-53
16708,710,292,"N48",-54,-54
16709,710,293,"N5",-5,-5
16710,710,294,"N6",-6,-6
16711,710,295,"N7",-7,-7
16712,710,296,"N8",-8,-8
16713,710,297,"N9",-9,-9
16714,729,250,"N1",-1,-1
16715,729,251,"N10",-10,-10
16716,729,252,"N11",-11,-11
16717,729,253,"N12",-12,-12
16718,729,254,"N13",-13,-13
16719,729,255,"N14",-14,-14
16720,729,256,"N15",-15,-15
16721,729,257,"N16",-16,-16
16722,729,258,"N17",-17,-17
16723,729,259,"N18",-18,-18
16724,729,260,"N19",-19,-19
16725,729,261,"N2",-2,-2
16726,729,262,"N20",-20,-20
16727,729,263,"N21",-21,-21
16728,729,264,"N22",-22,-22
16729,729,265,"N23",-23,-23
16730,729,266,"N24",-24,-24
16731,729,267,"N25",-25,-25
16732,729,268,"N26",-26,-26
16733,729,269,"N27",-27,-27
16734,729,270,"N28",-28,-28
16735,729,272,"N3",-3,-3
16736,729,273,"N30",-30,-30
16737,729,274,"N31",-31,-31
16738,729,275,"N32",-32,-32
16739,729,276,"N33",-55,-55
16744,729,277,"N34",-56,-56
16749,729,278,"N35",-41,-41
16750,729,279,"N36",-42,-42
16751,729,280,"N37",-43,-43
16752,729,281,"N38",-44,-44
16753,729,282,"N39",-45,-45
16754,729,283,"N4",-4,-4
16755,729,284,"N40",-46,-46
16756,729,285,"N41",-47,-47
16757,729,286,"N42",-48,-48
16758,729,287,"N43",-49,-49
16759,729,288,"N44",-50,-50
16760,729,289,"N45",-51,-51
16761,729,290,"N46",-52,-52
16762,729,291,"N47",-53,-53
16763,729,292,"N48",-54,-54
16764,729,293,"N5",-5,-5
16765,729,294,"N6",-6,-6
16766,729,295,"N7",-7,-7
16767,729,296,"N8",-8,-8
16768,729,297,"N9",-9,-9
16769,698,250,"N1",-1,-1
16770,698,251,"N10",-10,-10
16771,698,252,"N11",-11,-11
16772,698,253,"N12",-12,-12
16773,698,254,"N13",-13,-13
16774,698,255,"N14",-14,-14
16775,698,256,"N15",-15,-15
16776,698,257,"N16",-16,-16
16777,698,258,"N17",-17,-17
16778,698,259,"N18",-18,-18
16779,698,260,"N19",-19,-19
16780,698,261,"N2",-2,-2
16781,698,262,"N20",-20,-20
16782,698,263,"N21",-21,-21
16783,698,264,"N22",-22,-22
16784,698,265,"N23",-23,-23
16785,698,266,"N24",-24,-24
16786,698,267,"N25",-25,-25
16787,698,268,"N26",-26,-26
16788,698,269,"N27",-27,-27
16789,698,270,"N28",-28,-28
16790,698,272,"N3",-3,-3
16791,698,273,"N30",-30,-30
16792,698,274,"N31",-31,-31
16793,698,275,"N32",-32,-32
16794,698,276,"N33",-55,-55
16799,698,277,"N34",-56,-56
16804,698,278,"N35",-41,-41
16805,698,279,"N36",-42,-42
16806,698,280,"N37",-43,-43
16807,698,281,"N38",-44,-44
16808,698,282,"N39",-45,-45
16809,698,283,"N4",-4,-4
16810,698,284,"N40",-46,-46
16811,698,285,"N41",-47,-47
16812,698,286,"N42",-48,-48
16813,698,287,"N43",-49,-49
16814,698,288,"N44",-50,-50
16815,698,289,"N45",-51,-51
16816,698,290,"N46",-52,-52
16817,698,291,"N47",-53,-53
16818,698,292,"N48",-54,-54
16819,698,293,"N5",-5,-5
16820,698,294,"N6",-6,-6
16821,698,295,"N7",-7,-7
16822,698,296,"N8",-8,-8
16823,698,297,"N9",-9,-9
16824,697,250,"N1",-1,-1
16825,697,251,"N10",-10,-10
16826,697,252,"N11",-11,-11
16827,697,253,"N12",-12,-12
16828,697,254,"N13",-13,-13
16829,697,255,"N14",-14,-14
16830,697,256,"N15",-15,-15
16831,697,257,"N16",-16,-16
16832,697,258,"N17",-17,-17
16833,697,259,"N18",-18,-18
16834,697,260,"N19",-19,-19
16835,697,261,"N2",-2,-2
16836,697,262,"N20",-20,-20
16837,697,263,"N21",-21,-21
16838,697,264,"N22",-22,-22
16839,697,265,"N23",-23,-23
16840,697,266,"N24",-24,-24
16841,697,267,"N25",-25,-25
16842,697,268,"N26",-26,-26
16843,697,269,"N27",-27,-27
16844,697,270,"N28",-28,-28
16845,697,272,"N3",-3,-3
16846,697,273,"N30",-30,-30
16847,697,274,"N31",-31,-31
16848,697,275,"N32",-32,-32
16849,697,276,"N33",-55,-55
16854,697,277,"N34",-56,-56
16859,697,278,"N35",-41,-41
16860,697,279,"N36",-42,-42
16861,697,280,"N37",-43,-43
16862,697,281,"N38",-44,-44
16863,697,282,"N39",-45,-45
16864,697,283,"N4",-4,-4
16865,697,284,"N40",-46,-46
16866,697,285,"N41",-47,-47
16867,697,286,"N42",-48,-48
16868,697,287,"N43",-49,-49
16869,697,288,"N44",-50,-50
16870,697,289,"N45",-51,-51
16871,697,290,"N46",-52,-52
16872,697,291,"N47",-53,-53
16873,697,292,"N48",-54,-54
16874,697,293,"N5",-5,-5
16875,697,294,"N6",-6,-6
16876,697,295,"N7",-7,-7
16877,697,296,"N8",-8,-8
16878,697,297,"N9",-9,-9
16879,699,250,"N1",-1,-1
16880,699,251,"N10",-10,-10
16881,699,252,"N11",-11,-11
16882,699,253,"N12",-12,-12
16883,699,254,"N13",-13,-13
16884,699,255,"N14",-14,-14
16885,699,256,"N15",-15,-15
16886,699,257,"N16",-16,-16
16887,699,258,"N17",-17,-17
16888,699,259,"N18",-18,-18
16889,699,260,"N19",-19,-19
16890,699,261,"N2",-2,-2
16891,699,262,"N20",-20,-20
16892,699,263,"N21",-21,-21
16893,699,264,"N22",-22,-22
16894,699,265,"N23",-23,-23
16895,699,266,"N24",-24,-24
16896,699,267,"N25",-25,-25
16897,699,268,"N26",-26,-26
16898,699,269,"N27",-27,-27
16899,699,270,"N28",-28,-28
16900,699,272,"N3",-3,-3
16901,699,273,"N30",-30,-30
16902,699,274,"N31",-31,-31
16903,699,275,"N32",-32,-32
16904,699,276,"N33",-55,-55
16909,699,277,"N34",-56,-56
16914,699,278,"N35",-41,-41
16915,699,279,"N36",-42,-42
16916,699,280,"N37",-43,-43
16917,699,281,"N38",-44,-44
16918,699,282,"N39",-45,-45
16919,699,283,"N4",-4,-4
16920,699,284,"N40",-46,-46
16921,699,285,"N41",-47,-47
16922,699,286,"N42",-48,-48
16923,699,287,"N43",-49,-49
16924,699,288,"N44",-50,-50
16925,699,289,"N45",-51,-51
16926,699,290,"N46",-52,-52
16927,699,291,"N47",-53,-53
16928,699,292,"N48",-54,-54
16929,699,293,"N5",-5,-5
16930,699,294,"N6",-6,-6
16931,699,295,"N7",-7,-7
16932,699,296,"N8",-8,-8
16933,699,297,"N9",-9,-9
16934,713,250,"N1",-1,-1
16935,713,251,"N10",-10,-10
16936,713,252,"N11",-11,-11
16937,713,253,"N12",-12,-12
16938,713,254,"N13",-13,-13
16939,713,255,"N14",-14,-14
16940,713,256,"N15",-15,-15
16941,713,257,"N16",-16,-16
16942,713,258,"N17",-17,-17
16943,713,259,"N18",-18,-18
16944,713,260,"N19",-19,-19
16945,713,261,"N2",-2,-2
16946,713,262,"N20",-20,-20
16947,713,263,"N21",-21,-21
16948,713,264,"N22",-22,-22
16949,713,265,"N23",-23,-23
16950,713,266,"N24",-24,-24
16951,713,267,"N25",-25,-25
16952,713,268,"N26",-26,-26
16953,713,269,"N27",-27,-27
16954,713,270,"N28",-28,-28
16955,713,272,"N3",-3,-3
16956,713,273,"N30",-30,-30
16957,713,274,"N31",-31,-31
16958,713,275,"N32",-32,-32
16959,713,276,"N33",-55,-55
16964,713,277,"N34",-56,-56
16969,713,278,"N35",-41,-41
16970,713,279,"N36",-42,-42
16971,713,280,"N37",-43,-43
16972,713,281,"N38",-44,-44
16973,713,282,"N39",-45,-45
16974,713,283,"N4",-4,-4
16975,713,284,"N40",-46,-46
16976,713,285,"N41",-47,-47
16977,713,286,"N42",-48,-48
16978,713,287,"N43",-49,-49
16979,713,288,"N44",-50,-50
16980,713,289,"N45",-51,-51
16981,713,290,"N46",-52,-52
16982,713,291,"N47",-53,-53
16983,713,292,"N48",-54,-54
16984,713,293,"N5",-5,-5
16985,713,294,"N6",-6,-6
16986,713,295,"N7",-7,-7
16987,713,296,"N8",-8,-8
16988,713,297,"N9",-9,-9
16989,714,250,"N1",-1,-1
16990,714,251,"N10",-10,-10
16991,714,252,"N11",-11,-11
16992,714,253,"N12",-12,-12
16993,714,254,"N13",-13,-13
16994,714,255,"N14",-14,-14
16995,714,256,"N15",-15,-15
16996,714,257,"N16",-16,-16
16997,714,258,"N17",-17,-17
16998,714,259,"N18",-18,-18
16999,714,260,"N19",-19,-19
17000,714,261,"N2",-2,-2
17001,714,262,"N20",-20,-20
17002,714,263,"N21",-21,-21
17003,714,264,"N22",-22,-22
17004,714,265,"N23",-23,-23
17005,714,266,"N24",-24,-24
17006,714,267,"N25",-25,-25
17007,714,268,"N26",-26,-26
17008,714,269,"N27",-27,-27
17009,714,270,"N28",-28,-28
17010,714,272,"N3",-3,-3
17011,714,273,"N30",-30,-30
17012,714,274,"N31",-31,-31
17013,714,275,"N32",-32,-32
17014,714,276,"N33",-55,-55
17019,714,277,"N34",-56,-56
17024,714,278,"N35",-41,-41
17025,714,279,"N36",-42,-42
17026,714,280,"N37",-43,-43
17027,714,281,"N38",-44,-44
17028,714,282,"N39",-45,-45
17029,714,283,"N4",-4,-4
17030,714,284,"N40",-46,-46
17031,714,285,"N41",-47,-47
17032,714,286,"N42",-48,-48
17033,714,287,"N43",-49,-49
17034,714,288,"N44",-50,-50
17035,714,289,"N45",-51,-51
17036,714,290,"N46",-52,-52
17037,714,291,"N47",-53,-53
17038,714,292,"N48",-54,-54
17039,714,293,"N5",-5,-5
17040,714,294,"N6",-6,-6
17041,714,295,"N7",-7,-7
17042,714,296,"N8",-8,-8
17043,714,297,"N9",-9,-9
17044,715,250,"N1",-1,-1
17045,715,251,"N10",-10,-10
17046,715,252,"N11",-11,-11
17047,715,253,"N12",-12,-12
17048,715,254,"N13",-13,-13
17049,715,255,"N14",-14,-14
17050,715,256,"N15",-15,-15
17051,715,257,"N16",-16,-16
17052,715,258,"N17",-17,-17
17053,715,259,"N18",-18,-18
17054,715,260,"N19",-19,-19
17055,715,261,"N2",-2,-2
17056,715,262,"N20",-20,-20
17057,715,263,"N21",-21,-21
17058,715,264,"N22",-22,-22
17059,715,265,"N23",-23,-23
17060,715,266,"N24",-24,-24
17061,715,267,"N25",-25,-25
17062,715,268,"N26",-26,-26
17063,715,269,"N27",-27,-27
17064,715,270,"N28",-28,-28
17065,715,272,"N3",-3,-3
17066,715,273,"N30",-30,-30
17067,715,274,"N31",-31,-31
17068,715,275,"N32",-32,-32
17069,715,276,"N33",-55,-55
17074,715,277,"N34",-56,-56
17079,715,278,"N35",-41,-41
17080,715,279,"N36",-42,-42
17081,715,280,"N37",-43,-43
17082,715,281,"N38",-44,-44
17083,715,282,"N39",-45,-45
17084,715,283,"N4",-4,-4
17085,715,284,"N40",-46,-46
17086,715,285,"N41",-47,-47
17087,715,286,"N42",-48,-48
17088,715,287,"N43",-49,-49
17089,715,288,"N44",-50,-50
17090,715,289,"N45",-51,-51
17091,715,290,"N46",-52,-52
17092,715,291,"N47",-53,-53
17093,715,292,"N48",-54,-54
17094,715,293,"N5",-5,-5
17095,715,294,"N6",-6,-6
17096,715,295,"N7",-7,-7
17097,715,296,"N8",-8,-8
17098,715,297,"N9",-9,-9
17099,725,250,"N1",-1,-1
17100,725,251,"N10",-10,-10
17101,725,252,"N11",-11,-11
17102,725,253,"N12",-12,-12
17103,725,254,"N13",-13,-13
17104,725,255,"N14",-14,-14
17105,725,256,"N15",-15,-15
17106,725,257,"N16",-16,-16
17107,725,258,"N17",-17,-17
17108,725,259,"N18",-18,-18
17109,725,260,"N19",-19,-19
17110,725,261,"N2",-2,-2
17111,725,262,"N20",-20,-20
17112,725,263,"N21",-21,-21
17113,725,264,"N22",-22,-22
17114,725,265,"N23",-23,-23
17115,725,266,"N24",-24,-24
17116,725,267,"N25",-25,-25
17117,725,268,"N26",-26,-26
17118,725,269,"N27",-27,-27
17119,725,270,"N28",-28,-28
17120,725,272,"N3",-3,-3
17121,725,273,"N30",-30,-30
17122,725,274,"N31",-31,-31
17123,725,275,"N32",-32,-32
17124,725,276,"N33",-55,-55
17129,725,277,"N34",-56,-56
17134,725,278,"N35",-41,-41
17135,725,279,"N36",-42,-42
17136,725,280,"N37",-43,-43
17137,725,281,"N38",-44,-44
17138,725,282,"N39",-45,-45
17139,725,283,"N4",-4,-4
17140,725,284,"N40",-46,-46
17141,725,285,"N41",-47,-47
17142,725,286,"N42",-48,-48
17143,725,287,"N43",-49,-49
17144,725,288,"N44",-50,-50
17145,725,289,"N45",-51,-51
17146,725,290,"N46",-52,-52
17147,725,291,"N47",-53,-53
17148,725,292,"N48",-54,-54
17149,725,293,"N5",-5,-5
17150,725,294,"N6",-6,-6
17151,725,295,"N7",-7,-7
17152,725,296,"N8",-8,-8
17153,725,297,"N9",-9,-9
17154,726,250,"N1",-1,-1
17155,726,251,"N10",-10,-10
17156,726,252,"N11",-11,-11
17157,726,253,"N12",-12,-12
17158,726,254,"N13",-13,-13
17159,726,255,"N14",-14,-14
17160,726,256,"N15",-15,-15
17161,726,257,"N16",-16,-16
17162,726,258,"N17",-17,-17
17163,726,259,"N18",-18,-18
17164,726,260,"N19",-19,-19
17165,726,261,"N2",-2,-2
17166,726,262,"N20",-20,-20
17167,726,263,"N21",-21,-21
17168,726,264,"N22",-22,-22
17169,726,265,"N23",-23,-23
17170,726,266,"N24",-24,-24
17171,726,267,"N25",-25,-25
17172,726,268,"N26",-26,-26
17173,726,269,"N27",-27,-27
17174,726,270,"N28",-28,-28
17175,726,272,"N3",-3,-3
17176,726,273,"N30",-30,-30
17177,726,274,"N31",-31,-31
17178,726,275,"N32",-32,-32
17179,726,276,"N33",-55,-55
17184,726,277,"N34",-56,-56
17189,726,278,"N35",-41,-41
17190,726,279,"N36",-42,-42
17191,726,280,"N37",-43,-43
17192,726,281,"N38",-44,-44
17193,726,282,"N39",-45,-45
17194,726,283,"N4",-4,-4
17195,726,284,"N40",-46,-46
17196,726,285,"N41",-47,-47
17197,726,286,"N42",-48,-48
17198,726,287,"N43",-49,-49
17199,726,288,"N44",-50,-50
17200,726,289,"N45",-51,-51
17201,726,290,"N46",-52,-52
17202,726,291,"N47",-53,-53
17203,726,292,"N48",-54,-54
17204,726,293,"N5",-5,-5
17205,726,294,"N6",-6,-6
17206,726,295,"N7",-7,-7
17207,726,296,"N8",-8,-8
17208,726,297,"N9",-9,-9
17209,727,250,"N1",-1,-1
17210,727,251,"N10",-10,-10
17211,727,252,"N11",-11,-11
17212,727,253,"N12",-12,-12
17213,727,254,"N13",-13,-13
17214,727,255,"N14",-14,-14
17215,727,256,"N15",-15,-15
17216,727,257,"N16",-16,-16
17217,727,258,"N17",-17,-17
17218,727,259,"N18",-18,-18
17219,727,260,"N19",-19,-19
17220,727,261,"N2",-2,-2
17221,727,262,"N20",-20,-20
17222,727,263,"N21",-21,-21
17223,727,264,"N22",-22,-22
17224,727,265,"N23",-23,-23
17225,727,266,"N24",-24,-24
17226,727,267,"N25",-25,-25
17227,727,268,"N26",-26,-26
17228,727,269,"N27",-27,-27
17229,727,270,"N28",-28,-28
17230,727,272,"N3",-3,-3
17231,727,273,"N30",-30,-30
17232,727,274,"N31",-31,-31
17233,727,275,"N32",-32,-32
17234,727,276,"N33",-55,-55
17239,727,277,"N34",-56,-56
17244,727,278,"N35",-41,-41
17245,727,279,"N36",-42,-42
17246,727,280,"N37",-43,-43
17247,727,281,"N38",-44,-44
17248,727,282,"N39",-45,-45
17249,727,283,"N4",-4,-4
17250,727,284,"N40",-46,-46
17251,727,285,"N41",-47,-47
17252,727,286,"N42",-48,-48
17253,727,287,"N43",-49,-49
17254,727,288,"N44",-50,-50
17255,727,289,"N45",-51,-51
17256,727,290,"N46",-52,-52
17257,727,291,"N47",-53,-53
17258,727,292,"N48",-54,-54
17259,727,293,"N5",-5,-5
17260,727,294,"N6",-6,-6
17261,727,295,"N7",-7,-7
17262,727,296,"N8",-8,-8
17263,727,297,"N9",-9,-9
17264,705,250,"N1",-1,-1
17265,705,251,"N10",-10,-10
17266,705,252,"N11",-11,-11
17267,705,253,"N12",-12,-12
17268,705,254,"N13",-13,-13
17269,705,255,"N14",-14,-14
17270,705,256,"N15",-15,-15
17271,705,257,"N16",-16,-16
17272,705,258,"N17",-17,-17
17273,705,259,"N18",-18,-18
17274,705,260,"N19",-19,-19
17275,705,261,"N2",-2,-2
17276,705,262,"N20",-20,-20
17277,705,263,"N21",-21,-21
17278,705,264,"N22",-22,-22
17279,705,265,"N23",-23,-23
17280,705,266,"N24",-24,-24
17281,705,267,"N25",-25,-25
17282,705,268,"N26",-26,-26
17283,705,269,"N27",-27,-27
17284,705,270,"N28",-28,-28
17285,705,272,"N3",-3,-3
17286,705,273,"N30",-30,-30
17287,705,274,"N31",-31,-31
17288,705,275,"N32",-32,-32
17289,705,276,"N33",-55,-55
17294,705,277,"N34",-56,-56
17299,705,278,"N35",-41,-41
17300,705,279,"N36",-42,-42
17301,705,280,"N37",-43,-43
17302,705,281,"N38",-44,-44
17303,705,282,"N39",-45,-45
17304,705,283,"N4",-4,-4
17305,705,284,"N40",-46,-46
17306,705,285,"N41",-47,-47
17307,705,286,"N42",-48,-48
17308,705,287,"N43",-49,-49
17309,705,288,"N44",-50,-50
17310,705,289,"N45",-51,-51
17311,705,290,"N46",-52,-52
17312,705,291,"N47",-53,-53
17313,705,292,"N48",-54,-54
17314,705,293,"N5",-5,-5
17315,705,294,"N6",-6,-6
17316,705,295,"N7",-7,-7
17317,705,296,"N8",-8,-8
17318,705,297,"N9",-9,-9
17319,707,250,"N1",-1,-1
17320,707,251,"N10",-10,-10
17321,707,252,"N11",-11,-11
17322,707,253,"N12",-12,-12
17323,707,254,"N13",-13,-13
17324,707,255,"N14",-14,-14
17325,707,256,"N15",-15,-15
17326,707,257,"N16",-16,-16
17327,707,258,"N17",-17,-17
17328,707,259,"N18",-18,-18
17329,707,260,"N19",-19,-19
17330,707,261,"N2",-2,-2
17331,707,262,"N20",-20,-20
17332,707,263,"N21",-21,-21
17333,707,264,"N22",-22,-22
17334,707,265,"N23",-23,-23
17335,707,266,"N24",-24,-24
17336,707,267,"N25",-25,-25
17337,707,268,"N26",-26,-26
17338,707,269,"N27",-27,-27
17339,707,270,"N28",-28,-28
17340,707,272,"N3",-3,-3
17341,707,273,"N30",-30,-30
17342,707,274,"N31",-31,-31
17343,707,275,"N32",-32,-32
17344,707,276,"N33",-55,-55
17349,707,277,"N34",-56,-56
17354,707,278,"N35",-41,-41
17355,707,279,"N36",-42,-42
17356,707,280,"N37",-43,-43
17357,707,281,"N38",-44,-44
17358,707,282,"N39",-45,-45
17359,707,283,"N4",-4,-4
17360,707,284,"N40",-46,-46
17361,707,285,"N41",-47,-47
17362,707,286,"N42",-48,-48
17363,707,287,"N43",-49,-49
17364,707,288,"N44",-50,-50
17365,707,289,"N45",-51,-51
17366,707,290,"N46",-52,-52
17367,707,291,"N47",-53,-53
17368,707,292,"N48",-54,-54
17369,707,293,"N5",-5,-5
17370,707,294,"N6",-6,-6
17371,707,295,"N7",-7,-7
17372,707,296,"N8",-8,-8
17373,707,297,"N9",-9,-9
17429,708,250,"N1",-1,-1
17430,708,251,"N10",-10,-10
17431,708,252,"N11",-11,-11
17432,708,253,"N12",-12,-12
17433,708,254,"N13",-13,-13
17434,708,255,"N14",-14,-14
17435,708,256,"N15",-15,-15
17436,708,257,"N16",-16,-16
17437,708,258,"N17",-17,-17
17438,708,259,"N18",-18,-18
17439,708,260,"N19",-19,-19
17440,708,261,"N2",-2,-2
17441,708,262,"N20",-20,-20
17442,708,263,"N21",-21,-21
17443,708,264,"N22",-22,-22
17444,708,265,"N23",-23,-23
17445,708,266,"N24",-24,-24
17446,708,267,"N25",-25,-25
17447,708,268,"N26",-26,-26
17448,708,269,"N27",-27,-27
17449,708,270,"N28",-28,-28
17450,708,272,"N3",-3,-3
17451,708,273,"N30",-30,-30
17452,708,274,"N31",-31,-31
17453,708,275,"N32",-32,-32
17454,708,276,"N33",-55,-55
17459,708,277,"N34",-56,-56
17464,708,278,"N35",-41,-41
17465,708,279,"N36",-42,-42
17466,708,280,"N37",-43,-43
17467,708,281,"N38",-44,-44
17468,708,282,"N39",-45,-45
17469,708,283,"N4",-4,-4
17470,708,284,"N40",-46,-46
17471,708,285,"N41",-47,-47
17472,708,286,"N42",-48,-48
17473,708,287,"N43",-49,-49
17474,708,288,"N44",-50,-50
17475,708,289,"N45",-51,-51
17476,708,290,"N46",-52,-52
17477,708,291,"N47",-53,-53
17478,708,292,"N48",-54,-54
17479,708,293,"N5",-5,-5
17480,708,294,"N6",-6,-6
17481,708,295,"N7",-7,-7
17482,708,296,"N8",-8,-8
17483,708,297,"N9",-9,-9
17484,842,250,"N1",-1,-1
17485,842,251,"N10",-10,-10
17486,842,252,"N11",-11,-11
17487,842,253,"N12",-12,-12
17488,842,254,"N13",-13,-13
17489,842,255,"N14",-14,-14
17490,842,256,"N15",-15,-15
17491,842,257,"N16",-16,-16
17492,842,258,"N17",-17,-17
17493,842,259,"N18",-18,-18
17494,842,260,"N19",-19,-19
17495,842,261,"N2",-2,-2
17496,842,262,"N20",-20,-20
17497,842,263,"N21",-21,-21
17498,842,264,"N22",-22,-22
17499,842,265,"N23",-23,-23
17500,842,266,"N24",-24,-24
17501,842,267,"N25",-25,-25
17502,842,268,"N26",-26,-26
17503,842,269,"N27",-27,-27
17504,842,270,"N28",-28,-28
17505,842,272,"N3",-3,-3
17506,842,273,"N30",-30,-30
17507,842,274,"N31",-31,-31
17508,842,275,"N32",-32,-32
17509,842,276,"N33",-55,-55
17514,842,277,"N34",-56,-56
17519,842,278,"N35",-41,-41
17520,842,279,"N36",-42,-42
17521,842,280,"N37",-43,-43
17522,842,281,"N38",-44,-44
17523,842,282,"N39",-45,-45
17524,842,283,"N4",-4,-4
17525,842,284,"N40",-46,-46
17526,842,285,"N41",-47,-47
17527,842,286,"N42",-48,-48
17528,842,287,"N43",-49,-49
17529,842,288,"N44",-50,-50
17530,842,289,"N45",-51,-51
17531,842,290,"N46",-52,-52
17532,842,291,"N47",-53,-53
17533,842,292,"N48",-54,-54
17534,842,293,"N5",-5,-5
17535,842,294,"N6",-6,-6
17536,842,295,"N7",-7,-7
17537,842,296,"N8",-8,-8
17538,842,297,"N9",-9,-9
17539,716,250,"N1",-1,-1
17540,716,251,"N10",-10,-10
17541,716,252,"N11",-11,-11
17542,716,253,"N12",-12,-12
17543,716,254,"N13",-13,-13
17544,716,255,"N14",-14,-14
17545,716,256,"N15",-15,-15
17546,716,257,"N16",-16,-16
17547,716,258,"N17",-17,-17
17548,716,259,"N18",-18,-18
17549,716,260,"N19",-19,-19
17550,716,261,"N2",-2,-2
17551,716,262,"N20",-20,-20
17552,716,263,"N21",-21,-21
17553,716,264,"N22",-22,-22
17554,716,265,"N23",-23,-23
17555,716,266,"N24",-24,-24
17556,716,267,"N25",-25,-25
17557,716,268,"N26",-26,-26
17558,716,269,"N27",-27,-27
17559,716,270,"N28",-28,-28
17560,716,272,"N3",-3,-3
17561,716,273,"N30",-30,-30
17562,716,274,"N31",-31,-31
17563,716,275,"N32",-32,-32
17564,716,276,"N33",-55,-55
17569,716,277,"N34",-56,-56
17574,716,278,"N35",-41,-41
17575,716,279,"N36",-42,-42
17576,716,280,"N37",-43,-43
17577,716,281,"N38",-44,-44
17578,716,282,"N39",-45,-45
17579,716,283,"N4",-4,-4
17580,716,284,"N40",-46,-46
17581,716,285,"N41",-47,-47
17582,716,286,"N42",-48,-48
17583,716,287,"N43",-49,-49
17584,716,288,"N44",-50,-50
17585,716,289,"N45",-51,-51
17586,716,290,"N46",-52,-52
17587,716,291,"N47",-53,-53
17588,716,292,"N48",-54,-54
17589,716,293,"N5",-5,-5
17590,716,294,"N6",-6,-6
17591,716,295,"N7",-7,-7
17592,716,296,"N8",-8,-8
17593,716,297,"N9",-9,-9
17594,701,250,"N1",-1,-1
17595,701,251,"N10",-10,-10
17596,701,252,"N11",-11,-11
17597,701,253,"N12",-12,-12
17598,701,254,"N13",-13,-13
17599,701,255,"N14",-14,-14
17600,701,256,"N15",-15,-15
17601,701,257,"N16",-16,-16
17602,701,258,"N17",-17,-17
17603,701,259,"N18",-18,-18
17604,701,260,"N19",-19,-19
17605,701,261,"N2",-2,-2
17606,701,262,"N20",-20,-20
17607,701,263,"N21",-21,-21
17608,701,264,"N22",-22,-22
17609,701,265,"N23",-23,-23
17610,701,266,"N24",-24,-24
17611,701,267,"N25",-25,-25
17612,701,268,"N26",-26,-26
17613,701,269,"N27",-27,-27
17614,701,270,"N28",-28,-28
17615,701,272,"N3",-3,-3
17616,701,273,"N30",-30,-30
17617,701,274,"N31",-31,-31
17618,701,275,"N32",-32,-32
17619,701,276,"N33",-55,-55
17624,701,277,"N34",-56,-56
17629,701,278,"N35",-41,-41
17630,701,279,"N36",-42,-42
17631,701,280,"N37",-43,-43
17632,701,281,"N38",-44,-44
17633,701,282,"N39",-45,-45
17634,701,283,"N4",-4,-4
17635,701,284,"N40",-46,-46
17636,701,285,"N41",-47,-47
17637,701,286,"N42",-48,-48
17638,701,287,"N43",-49,-49
17639,701,288,"N44",-50,-50
17640,701,289,"N45",-51,-51
17641,701,290,"N46",-52,-52
17642,701,291,"N47",-53,-53
17643,701,292,"N48",-54,-54
17644,701,293,"N5",-5,-5
17645,701,294,"N6",-6,-6
17646,701,295,"N7",-7,-7
17647,701,296,"N8",-8,-8
17648,701,297,"N9",-9,-9
17649,703,250,"N1",-1,-1
17650,703,251,"N10",-10,-10
17651,703,252,"N11",-11,-11
17652,703,253,"N12",-12,-12
17653,703,254,"N13",-13,-13
17654,703,255,"N14",-14,-14
17655,703,256,"N15",-15,-15
17656,703,257,"N16",-16,-16
17657,703,258,"N17",-17,-17
17658,703,259,"N18",-18,-18
17659,703,260,"N19",-19,-19
17660,703,261,"N2",-2,-2
17661,703,262,"N20",-20,-20
17662,703,263,"N21",-21,-21
17663,703,264,"N22",-22,-22
17664,703,265,"N23",-23,-23
17665,703,266,"N24",-24,-24
17666,703,267,"N25",-25,-25
17667,703,268,"N26",-26,-26
17668,703,269,"N27",-27,-27
17669,703,270,"N28",-28,-28
17670,703,272,"N3",-3,-3
17671,703,273,"N30",-30,-30
17672,703,274,"N31",-31,-31
17673,703,275,"N32",-32,-32
17674,703,276,"N33",-55,-55
17679,703,277,"N34",-56,-56
17684,703,278,"N35",-41,-41
17685,703,279,"N36",-42,-42
17686,703,280,"N37",-43,-43
17687,703,281,"N38",-44,-44
17688,703,282,"N39",-45,-45
17689,703,283,"N4",-4,-4
17690,703,284,"N40",-46,-46
17691,703,285,"N41",-47,-47
17692,703,286,"N42",-48,-48
17693,703,287,"N43",-49,-49
17694,703,288,"N44",-50,-50
17695,703,289,"N45",-51,-51
17696,703,290,"N46",-52,-52
17697,703,291,"N47",-53,-53
17698,703,292,"N48",-54,-54
17699,703,293,"N5",-5,-5
17700,703,294,"N6",-6,-6
17701,703,295,"N7",-7,-7
17702,703,296,"N8",-8,-8
17703,703,297,"N9",-9,-9
17704,721,250,"N1",-1,-1
17705,721,251,"N10",-10,-10
17706,721,252,"N11",-11,-11
17707,721,253,"N12",-12,-12
17708,721,254,"N13",-13,-13
17709,721,255,"N14",-14,-14
17710,721,256,"N15",-15,-15
17711,721,257,"N16",-16,-16
17712,721,258,"N17",-17,-17
17713,721,259,"N18",-18,-18
17714,721,260,"N19",-19,-19
17715,721,261,"N2",-2,-2
17716,721,262,"N20",-20,-20
17717,721,263,"N21",-21,-21
17718,721,264,"N22",-22,-22
17719,721,265,"N23",-23,-23
17720,721,266,"N24",-24,-24
17721,721,267,"N25",-25,-25
17722,721,268,"N26",-26,-26
17723,721,269,"N27",-27,-27
17724,721,270,"N28",-28,-28
17725,721,272,"N3",-3,-3
17726,721,273,"N30",-30,-30
17727,721,274,"N31",-31,-31
17728,721,275,"N32",-32,-32
17729,721,276,"N33",-55,-55
17734,721,277,"N34",-56,-56
17739,721,278,"N35",-41,-41
17740,721,279,"N36",-42,-42
17741,721,280,"N37",-43,-43
17742,721,281,"N38",-44,-44
17743,721,282,"N39",-45,-45
17744,721,283,"N4",-4,-4
17745,721,284,"N40",-46,-46
17746,721,285,"N41",-47,-47
17747,721,286,"N42",-48,-48
17748,721,287,"N43",-49,-49
17749,721,288,"N44",-50,-50
17750,721,289,"N45",-51,-51
17751,721,290,"N46",-52,-52
17752,721,291,"N47",-53,-53
17753,721,292,"N48",-54,-54
17754,721,293,"N5",-5,-5
17755,721,294,"N6",-6,-6
17756,721,295,"N7",-7,-7
17757,721,296,"N8",-8,-8
17758,721,297,"N9",-9,-9
17759,723,250,"N1",-1,-1
17760,723,251,"N10",-10,-10
17761,723,252,"N11",-11,-11
17762,723,253,"N12",-12,-12
17763,723,254,"N13",-13,-13
17764,723,255,"N14",-14,-14
17765,723,256,"N15",-15,-15
17766,723,257,"N16",-16,-16
17767,723,258,"N17",-17,-17
17768,723,259,"N18",-18,-18
17769,723,260,"N19",-19,-19
17770,723,261,"N2",-2,-2
17771,723,262,"N20",-20,-20
17772,723,263,"N21",-21,-21
17773,723,264,"N22",-22,-22
17774,723,265,"N23",-23,-23
17775,723,266,"N24",-24,-24
17776,723,267,"N25",-25,-25
17777,723,268,"N26",-26,-26
17778,723,269,"N27",-27,-27
17779,723,270,"N28",-28,-28
17780,723,272,"N3",-3,-3
17781,723,273,"N30",-30,-30
17782,723,274,"N31",-31,-31
17783,723,275,"N32",-32,-32
17784,723,276,"N33",-55,-55
17789,723,277,"N34",-56,-56
17794,723,278,"N35",-41,-41
17795,723,279,"N36",-42,-42
17796,723,280,"N37",-43,-43
17797,723,281,"N38",-44,-44
17798,723,282,"N39",-45,-45
17799,723,283,"N4",-4,-4
17800,723,284,"N40",-46,-46
17801,723,285,"N41",-47,-47
17802,723,286,"N42",-48,-48
17803,723,287,"N43",-49,-49
17804,723,288,"N44",-50,-50
17805,723,289,"N45",-51,-51
17806,723,290,"N46",-52,-52
17807,723,291,"N47",-53,-53
17808,723,292,"N48",-54,-54
17809,723,293,"N5",-5,-5
17810,723,294,"N6",-6,-6
17811,723,295,"N7",-7,-7
17812,723,296,"N8",-8,-8
17813,723,297,"N9",-9,-9
17814,695,250,"N1",-1,-1
17815,695,251,"N10",-10,-10
17816,695,252,"N11",-11,-11
17817,695,253,"N12",-12,-12
17818,695,254,"N13",-13,-13
17819,695,255,"N14",-14,-14
17820,695,256,"N15",-15,-15
17821,695,257,"N16",-16,-16
17822,695,258,"N17",-17,-17
17823,695,259,"N18",-18,-18
17824,695,260,"N19",-19,-19
17825,695,261,"N2",-2,-2
17826,695,262,"N20",-20,-20
17827,695,263,"N21",-21,-21
17828,695,264,"N22",-22,-22
17829,695,265,"N23",-23,-23
17830,695,266,"N24",-24,-24
17831,695,267,"N25",-25,-25
17832,695,268,"N26",-26,-26
17833,695,269,"N27",-27,-27
17834,695,270,"N28",-28,-28
17835,695,272,"N3",-3,-3
17836,695,273,"N30",-30,-30
17837,695,274,"N31",-31,-31
17838,695,275,"N32",-32,-32
17839,695,276,"N33",-55,-55
17844,695,277,"N34",-56,-56
17849,695,278,"N35",-41,-41
17850,695,279,"N36",-42,-42
17851,695,280,"N37",-43,-43
17852,695,281,"N38",-44,-44
17853,695,282,"N39",-45,-45
17854,695,283,"N4",-4,-4
17855,695,284,"N40",-46,-46
17856,695,285,"N41",-47,-47
17857,695,286,"N42",-48,-48
17858,695,287,"N43",-49,-49
17859,695,288,"N44",-50,-50
17860,695,289,"N45",-51,-51
17861,695,290,"N46",-52,-52
17862,695,291,"N47",-53,-53
17863,695,292,"N48",-54,-54
17864,695,293,"N5",-5,-5
17865,695,294,"N6",-6,-6
17866,695,295,"N7",-7,-7
17867,695,296,"N8",-8,-8
17868,695,297,"N9",-9,-9
17869,692,250,"N1",-1,-1
17870,692,251,"N10",-10,-10
17871,692,252,"N11",-11,-11
17872,692,253,"N12",-12,-12
17873,692,254,"N13",-13,-13
17874,692,255,"N14",-14,-14
17875,692,256,"N15",-15,-15
17876,692,257,"N16",-16,-16
17877,692,258,"N17",-17,-17
17878,692,259,"N18",-18,-18
17879,692,260,"N19",-19,-19
17880,692,261,"N2",-2,-2
17881,692,262,"N20",-20,-20
17882,692,263,"N21",-21,-21
17883,692,264,"N22",-22,-22
17884,692,265,"N23",-23,-23
17885,692,266,"N24",-24,-24
17886,692,267,"N25",-25,-25
17887,692,268,"N26",-26,-26
17888,692,269,"N27",-27,-27
17889,692,270,"N28",-28,-28
17890,692,272,"N3",-3,-3
17891,692,273,"N30",-30,-30
17892,692,274,"N31",-31,-31
17893,692,275,"N32",-32,-32
17894,692,276,"N33",-55,-55
17899,692,277,"N34",-56,-56
17904,692,278,"N35",-41,-41
17905,692,279,"N36",-42,-42
17906,692,280,"N37",-43,-43
17907,692,281,"N38",-44,-44
17908,692,282,"N39",-45,-45
17909,692,283,"N4",-4,-4
17910,692,284,"N40",-46,-46
17911,692,285,"N41",-47,-47
17912,692,286,"N42",-48,-48
17913,692,287,"N43",-49,-49
17914,692,288,"N44",-50,-50
17915,692,289,"N45",-51,-51
17916,692,290,"N46",-52,-52
17917,692,291,"N47",-53,-53
17918,692,292,"N48",-54,-54
17919,692,293,"N5",-5,-5
17920,692,294,"N6",-6,-6
17921,692,295,"N7",-7,-7
17922,692,296,"N8",-8,-8
17923,692,297,"N9",-9,-9
17924,693,250,"N1",-1,-1
17925,693,251,"N10",-10,-10
17926,693,252,"N11",-11,-11
17927,693,253,"N12",-12,-12
17928,693,254,"N13",-13,-13
17929,693,255,"N14",-14,-14
17930,693,256,"N15",-15,-15
17931,693,257,"N16",-16,-16
17932,693,258,"N17",-17,-17
17933,693,259,"N18",-18,-18
17934,693,260,"N19",-19,-19
17935,693,261,"N2",-2,-2
17936,693,262,"N20",-20,-20
17937,693,263,"N21",-21,-21
17938,693,264,"N22",-22,-22
17939,693,265,"N23",-23,-23
17940,693,266,"N24",-24,-24
17941,693,267,"N25",-25,-25
17942,693,268,"N26",-26,-26
17943,693,269,"N27",-27,-27
17944,693,270,"N28",-28,-28
17945,693,272,"N3",-3,-3
17946,693,273,"N30",-30,-30
17947,693,274,"N31",-31,-31
17948,693,275,"N32",-32,-32
17949,693,276,"N33",-55,-55
17954,693,277,"N34",-56,-56
17959,693,278,"N35",-41,-41
17960,693,279,"N36",-42,-42
17961,693,280,"N37",-43,-43
17962,693,281,"N38",-44,-44
17963,693,282,"N39",-45,-45
17964,693,283,"N4",-4,-4
17965,693,284,"N40",-46,-46
17966,693,285,"N41",-47,-47
17967,693,286,"N42",-48,-48
17968,693,287,"N43",-49,-49
17969,693,288,"N44",-50,-50
17970,693,289,"N45",-51,-51
17971,693,290,"N46",-52,-52
17972,693,291,"N47",-53,-53
17973,693,292,"N48",-54,-54
17974,693,293,"N5",-5,-5
17975,693,294,"N6",-6,-6
17976,693,295,"N7",-7,-7
17977,693,296,"N8",-8,-8
17978,693,297,"N9",-9,-9
17979,694,250,"N1",-1,-1
17980,694,251,"N10",-10,-10
17981,694,252,"N11",-11,-11
17982,694,253,"N12",-12,-12
17983,694,254,"N13",-13,-13
17984,694,255,"N14",-14,-14
17985,694,256,"N15",-15,-15
17986,694,257,"N16",-16,-16
17987,694,258,"N17",-17,-17
17988,694,259,"N18",-18,-18
17989,694,260,"N19",-19,-19
17990,694,261,"N2",-2,-2
17991,694,262,"N20",-20,-20
17992,694,263,"N21",-21,-21
17993,694,264,"N22",-22,-22
17994,694,265,"N23",-23,-23
17995,694,266,"N24",-24,-24
17996,694,267,"N25",-25,-25
17997,694,268,"N26",-26,-26
17998,694,269,"N27",-27,-27
17999,694,270,"N28",-28,-28
18000,694,272,"N3",-3,-3
18001,694,273,"N30",-30,-30
18002,694,274,"N31",-31,-31
18003,694,275,"N32",-32,-32
18004,694,276,"N33",-55,-55
18009,694,277,"N34",-56,-56
18014,694,278,"N35",-41,-41
18015,694,279,"N36",-42,-42
18016,694,280,"N37",-43,-43
18017,694,281,"N38",-44,-44
18018,694,282,"N39",-45,-45
18019,694,283,"N4",-4,-4
18020,694,284,"N40",-46,-46
18021,694,285,"N41",-47,-47
18022,694,286,"N42",-48,-48
18023,694,287,"N43",-49,-49
18024,694,288,"N44",-50,-50
18025,694,289,"N45",-51,-51
18026,694,290,"N46",-52,-52
18027,694,291,"N47",-53,-53
18028,694,292,"N48",-54,-54
18029,694,293,"N5",-5,-5
18030,694,294,"N6",-6,-6
18031,694,295,"N7",-7,-7
18032,694,296,"N8",-8,-8
18033,694,297,"N9",-9,-9
18034,691,250,"N1",-1,-1
18035,691,251,"N10",-10,-10
18036,691,252,"N11",-11,-11
18037,691,253,"N12",-12,-12
18038,691,254,"N13",-13,-13
18039,691,255,"N14",-14,-14
18040,691,256,"N15",-15,-15
18041,691,257,"N16",-16,-16
18042,691,258,"N17",-17,-17
18043,691,259,"N18",-18,-18
18044,691,260,"N19",-19,-19
18045,691,261,"N2",-2,-2
18046,691,262,"N20",-20,-20
18047,691,263,"N21",-21,-21
18048,691,264,"N22",-22,-22
18049,691,265,"N23",-23,-23
18050,691,266,"N24",-24,-24
18051,691,267,"N25",-25,-25
18052,691,268,"N26",-26,-26
18053,691,269,"N27",-27,-27
18054,691,270,"N28",-28,-28
18055,691,272,"N3",-3,-3
18056,691,273,"N30",-30,-30
18057,691,274,"N31",-31,-31
18058,691,275,"N32",-32,-32
18059,691,276,"N33",-55,-55
18064,691,277,"N34",-56,-56
18069,691,278,"N35",-41,-41
18070,691,279,"N36",-42,-42
18071,691,280,"N37",-43,-43
18072,691,281,"N38",-44,-44
18073,691,282,"N39",-45,-45
18074,691,283,"N4",-4,-4
18075,691,284,"N40",-46,-46
18076,691,285,"N41",-47,-47
18077,691,286,"N42",-48,-48
18078,691,287,"N43",-49,-49
18079,691,288,"N44",-50,-50
18080,691,289,"N45",-51,-51
18081,691,290,"N46",-52,-52
18082,691,291,"N47",-53,-53
18083,691,292,"N48",-54,-54
18084,691,293,"N5",-5,-5
18085,691,294,"N6",-6,-6
18086,691,295,"N7",-7,-7
18087,691,296,"N8",-8,-8
18088,691,297,"N9",-9,-9
18089,690,250,"N1",-1,-1
18090,690,251,"N10",-10,-10
18091,690,252,"N11",-11,-11
18092,690,253,"N12",-12,-12
18093,690,254,"N13",-13,-13
18094,690,255,"N14",-14,-14
18095,690,256,"N15",-15,-15
18096,690,257,"N16",-16,-16
18097,690,258,"N17",-17,-17
18098,690,259,"N18",-18,-18
18099,690,260,"N19",-19,-19
18100,690,261,"N2",-2,-2
18101,690,262,"N20",-20,-20
18102,690,263,"N21",-21,-21
18103,690,264,"N22",-22,-22
18104,690,265,"N23",-23,-23
18105,690,266,"N24",-24,-24
18106,690,267,"N25",-25,-25
18107,690,268,"N26",-26,-26
18108,690,269,"N27",-27,-27
18109,690,270,"N28",-28,-28
18110,690,272,"N3",-3,-3
18111,690,273,"N30",-30,-30
18112,690,274,"N31",-31,-31
18113,690,275,"N32",-32,-32
18114,690,276,"N33",-55,-55
18119,690,277,"N34",-56,-56
18124,690,278,"N35",-41,-41
18125,690,279,"N36",-42,-42
18126,690,280,"N37",-43,-43
18127,690,281,"N38",-44,-44
18128,690,282,"N39",-45,-45
18129,690,283,"N4",-4,-4
18130,690,284,"N40",-46,-46
18131,690,285,"N41",-47,-47
18132,690,286,"N42",-48,-48
18133,690,287,"N43",-49,-49
18134,690,288,"N44",-50,-50
18135,690,289,"N45",-51,-51
18136,690,290,"N46",-52,-52
18137,690,291,"N47",-53,-53
18138,690,292,"N48",-54,-54
18139,690,293,"N5",-5,-5
18140,690,294,"N6",-6,-6
18141,690,295,"N7",-7,-7
18142,690,296,"N8",-8,-8
18143,690,297,"N9",-9,-9
18144,854,250,"N1",-1,-1
18145,854,251,"N10",-10,-10
18146,854,252,"N11",-11,-11
18147,854,253,"N12",-12,-12
18148,854,254,"N13",-13,-13
18149,854,255,"N14",-14,-14
18150,854,256,"N15",-15,-15
18151,854,257,"N16",-16,-16
18152,854,258,"N17",-17,-17
18153,854,259,"N18",-18,-18
18154,854,260,"N19",-19,-19
18155,854,261,"N2",-2,-2
18156,854,262,"N20",-20,-20
18157,854,263,"N21",-21,-21
18158,854,264,"N22",-22,-22
18159,854,265,"N23",-23,-23
18160,854,266,"N24",-24,-24
18161,854,267,"N25",-25,-25
18162,854,268,"N26",-26,-26
18163,854,269,"N27",-27,-27
18164,854,270,"N28",-28,-28
18165,854,272,"N3",-3,-3
18166,854,273,"N30",-30,-30
18167,854,274,"N31",-31,-31
18168,854,275,"N32",-32,-32
18169,854,276,"N33",-55,-55
18174,854,277,"N34",-56,-56
18179,854,278,"N35",-41,-41
18180,854,279,"N36",-42,-42
18181,854,280,"N37",-43,-43
18182,854,281,"N38",-44,-44
18183,854,282,"N39",-45,-45
18184,854,283,"N4",-4,-4
18185,854,284,"N40",-46,-46
18186,854,285,"N41",-47,-47
18187,854,286,"N42",-48,-48
18188,854,287,"N43",-49,-49
18189,854,288,"N44",-50,-50
18190,854,289,"N45",-51,-51
18191,854,290,"N46",-52,-52
18192,854,291,"N47",-53,-53
18193,854,292,"N48",-54,-54
18194,854,293,"N5",-5,-5
18195,854,294,"N6",-6,-6
18196,854,295,"N7",-7,-7
18197,854,296,"N8",-8,-8
18198,854,297,"N9",-9,-9
18199,945,250,"N1",-1,-1
18200,945,251,"N10",-10,-10
18201,945,252,"N11",-11,-11
18202,945,253,"N12",-12,-12
18203,945,254,"N13",-13,-13
18204,945,255,"N14",-14,-14
18205,945,256,"N15",-15,-15
18206,945,257,"N16",-16,-16
18207,945,258,"N17",-17,-17
18208,945,259,"N18",-18,-18
18209,945,260,"N19",-19,-19
18210,945,261,"N2",-2,-2
18211,945,262,"N20",-20,-20
18212,945,263,"N21",-21,-21
18213,945,264,"N22",-22,-22
18214,945,265,"N23",-23,-23
18215,945,266,"N24",-24,-24
18216,945,267,"N25",-25,-25
18217,945,268,"N26",-26,-26
18218,945,269,"N27",-27,-27
18219,945,270,"N28",-28,-28
18220,945,272,"N3",-3,-3
18221,945,273,"N30",-30,-30
18222,945,274,"N31",-31,-31
18223,945,275,"N32",-32,-32
18224,945,276,"N33",-55,-55
18229,945,277,"N34",-56,-56
18234,945,278,"N35",-41,-41
18235,945,279,"N36",-42,-42
18236,945,280,"N37",-43,-43
18237,945,281,"N38",-44,-44
18238,945,282,"N39",-45,-45
18239,945,283,"N4",-4,-4
18240,945,284,"N40",-46,-46
18241,945,285,"N41",-47,-47
18242,945,286,"N42",-48,-48
18243,945,287,"N43",-49,-49
18244,945,288,"N44",-50,-50
18245,945,289,"N45",-51,-51
18246,945,290,"N46",-52,-52
18247,945,291,"N47",-53,-53
18248,945,292,"N48",-54,-54
18249,945,293,"N5",-5,-5
18250,945,294,"N6",-6,-6
18251,945,295,"N7",-7,-7
18252,945,296,"N8",-8,-8
18253,945,297,"N9",-9,-9
