"iso3","iso3.re","iso3.re.var","group"
"ARM",-0.169194936692675,0.00671873463814589,"t.0"
"BEN",-0.0160365749072117,0.00666644024384247,"t.0"
"BFA",0.0341115724289933,0.00666644024384247,"t.0"
"BGD",-0.00132945925368448,0.00493084840462266,"t.0"
"BOL",-0.0241409724563425,0.00498748394627575,"t.0"
"BRA",0.0398354986608025,0.00861573163273148,"t.0"
"CIV",0.0503460064828685,0.00857822024481184,"t.0"
"CMR",-0.00165187220737447,0.00666644024384247,"t.0"
"COL",0.0321972641137897,0.00450234503131086,"t.0"
"DOM",0.0652057867165872,0.00498748394627575,"t.0"
"EGY",-0.05591827636826,0.00453357237266219,"t.0"
"ERI",-0.0445899113348829,0.00856245100608781,"t.0"
"ETH",-0.0879234789957847,0.0066310353462345,"t.0"
"GHA",-0.0713627015690038,0.00483807922807477,"t.0"
"GIN",0.00518260518664275,0.00857822024481184,"t.0"
"GTM",0.0191049902107712,0.00675066034296516,"t.0"
"HTI",0.0193456079574027,0.00675066034296516,"t.0"
"IDN",-0.0462053974264054,0.00443736943333921,"t.0"
"IND",0.0675957556500197,0.00671873463814589,"t.0"
"JOR",0.157113528376616,0.00529569744710326,"t.0"
"KAZ",0.181584885216059,0.00860151201638623,"t.0"
"KEN",0.0782495614221321,0.00477527167019779,"t.0"
"KHM",-0.0315876118679022,0.00671873463814589,"t.0"
"LBR",-0.00335289193242336,0.00857822024481184,"t.0"
"LSO",0.0551765340197329,0.00856245100608781,"t.0"
"MAR",0.0251480961181719,0.00692440165383678,"t.0"
"MDG",-0.0397734682964755,0.00550852912558776,"t.0"
"MLI",0.0299025619203994,0.00555944677780579,"t.0"
"MOZ",-0.0120424473125297,0.00856245100608781,"t.0"
"MWI",-0.00435879288197775,0.00550852912558776,"t.0"
"NAM",-0.128789055219901,0.0066310353462345,"t.0"
"NER",0.0799103517427692,0.00666644024384247,"t.0"
"NGA",0.0654019125330993,0.00666644024384247,"t.0"
"NIC",-0.0239677580319195,0.00861573163273148,"t.0"
"NPL",-0.0583322048134739,0.0056346541067911,"t.0"
"PAK",0.0640661160006449,0.00860151201638623,"t.0"
"PER",-0.261923055165707,0.00450234503131086,"t.0"
"PHL",-0.0420708344349538,0.00671873463814589,"t.0"
"RWA",-0.137627795748066,0.00477527167019779,"t.0"
"SEN",-0.0723692611857411,0.00483807922807477,"t.0"
"TCD",0.0747941979045231,0.00857822024481184,"t.0"
"TGO",0.0162349797489174,0.00857822024481184,"t.0"
"TUR",0.0428899246671878,0.00692440165383678,"t.0"
"TZA",0.0260668980288138,0.00477527167019779,"t.0"
"UGA",0.0901732636498695,0.00550852912558776,"t.0"
"VNM",-0.0698166035763299,0.00860151201638623,"t.0"
"ZMB",0.0833983796419894,0.00550852912558776,"t.0"
"ZWE",0.00132908328025004,0.00477527167019779,"t.0"
"ARM",-0.0636699355696912,0.00364496255277145,"t.1"
"AZE",-0.00464486740782118,0.00503886283215323,"t.1"
"BDI",-0.0237558878625635,0.00503886283215323,"t.1"
"BEN",0.00372901504958249,0.00364496255277145,"t.1"
"BFA",0.0417703865248533,0.00364496255277145,"t.1"
"BGD",-0.0408972838598478,0.00285514420682091,"t.1"
"BOL",-0.0344879826879294,0.00285514420682091,"t.1"
"BRA",0.0309027107161866,0.0042300404528251,"t.1"
"BWA",-0.000486833051116169,0.00503886283215323,"t.1"
"CAF",0.00556794331554844,0.00503886283215323,"t.1"
"CIV",0.0417134989394223,0.0042300404528251,"t.1"
"CMR",-0.00815966378417596,0.00364496255277145,"t.1"
"COD",0.00322200799396479,0.00503886283215323,"t.1"
"COG",0.0118813005454438,0.00503886283215323,"t.1"
"COL",0.0644882046124125,0.00257604558340302,"t.1"
"COM",-0.0306363902084565,0.00503886283215323,"t.1"
"DOM",0.0644946366747725,0.00285514420682091,"t.1"
"ECU",0.0188417193676651,0.00503886283215323,"t.1"
"EGY",-0.0270269990667667,0.00234665340955708,"t.1"
"ERI",-0.0309175473714471,0.0042300404528251,"t.1"
"ETH",-0.0747526228157824,0.00364496255277145,"t.1"
"GAB",-0.0117303019094366,0.00503886283215323,"t.1"
"GHA",-0.0069968677624318,0.00285514420682091,"t.1"
"GIN",-0.0134427096551733,0.0042300404528251,"t.1"
"GTM",-0.000976015399426585,0.00364496255277145,"t.1"
"GUY",0.0224931255898079,0.00503886283215323,"t.1"
"HND",-0.0469816222301234,0.00503886283215323,"t.1"
"HTI",0.0152209394470894,0.00364496255277145,"t.1"
"IDN",-0.0066047058350074,0.00257604558340302,"t.1"
"IND",0.0125610212276061,0.00364496255277145,"t.1"
"JOR",0.113198263357985,0.00285514420682091,"t.1"
"KAZ",0.127305180176225,0.0042300404528251,"t.1"
"KEN",0.0317969929643066,0.00285514420682091,"t.1"
"KGZ",0.0132310521318843,0.00503886283215323,"t.1"
"KHM",0.00316330944026066,0.00364496255277145,"t.1"
"LBR",-0.0915710683429511,0.0042300404528251,"t.1"
"LKA",-0.025343905715781,0.00503886283215323,"t.1"
"LSO",0.113213614736773,0.0042300404528251,"t.1"
"MAR",0.0161593853409689,0.00364496255277145,"t.1"
"MDG",-0.0415798773690108,0.00320206855103322,"t.1"
"MDV",-0.103179362185576,0.00503886283215323,"t.1"
"MEX",0.00979295881130118,0.00503886283215323,"t.1"
"MLI",0.00832619971005492,0.00320206855103322,"t.1"
"MOZ",-0.0350337816069866,0.0042300404528251,"t.1"
"MRT",0.0134025752332615,0.00503886283215323,"t.1"
"MWI",-0.00277471460360795,0.00320206855103322,"t.1"
"NAM",-0.0406602800943573,0.00364496255277145,"t.1"
"NER",0.0148974387762709,0.00364496255277145,"t.1"
"NGA",0.0281472996454206,0.00364496255277145,"t.1"
"NIC",-0.0458234241267073,0.0042300404528251,"t.1"
"NPL",-0.0375015243974562,0.00320206855103322,"t.1"
"PAK",0.0274156121905021,0.0042300404528251,"t.1"
"PER",-0.126181396479034,0.00285514420682091,"t.1"
"PHL",-0.00266377664014864,0.00364496255277145,"t.1"
"PRY",0.010508386160711,0.00503886283215323,"t.1"
"RWA",-0.0631402731225124,0.00285514420682091,"t.1"
"SDN",-0.017188674616376,0.00503886283215323,"t.1"
"SEN",-0.0527560186425892,0.00285514420682091,"t.1"
"SLE",-0.0313802059282131,0.00503886283215323,"t.1"
"STP",0.0213667984453348,0.00503886283215323,"t.1"
"SWZ",0.0765531918734705,0.00503886283215323,"t.1"
"TCD",0.0311231206588365,0.0042300404528251,"t.1"
"TGO",0.0277009214538286,0.0042300404528251,"t.1"
"THA",-0.0103954400567055,0.00503886283215323,"t.1"
"TTO",0.00847942023791685,0.00503886283215323,"t.1"
"TUN",0.0287529997280711,0.00503886283215323,"t.1"
"TUR",0.0338764899643247,0.00364496255277145,"t.1"
"TZA",0.0199458721192737,0.00285514420682091,"t.1"
"UGA",0.0152620364255263,0.00320206855103322,"t.1"
"UZB",0.0684131838396275,0.00503886283215323,"t.1"
"VNM",-0.111491220887328,0.0042300404528251,"t.1"
"YEM",-0.0175600582493224,0.00503886283215323,"t.1"
"ZAF",-0.0145786626821706,0.00503886283215323,"t.1"
"ZMB",0.0377914124690385,0.00320206855103322,"t.1"
"ZWE",0.060261676328624,0.00285514420682091,"t.1"
"ARM",-0.0648762097095424,0.0028796614196905,"t.2"
"AZE",-0.0110049529809662,0.00396649083656986,"t.2"
"BDI",0.000547523311715375,0.00396416803194985,"t.2"
"BEN",-0.00320250952804032,0.0028716435407424,"t.2"
"BFA",0.0313347696595036,0.0028716435407424,"t.2"
"BGD",-0.0485626025587048,0.00230250055919986,"t.2"
"BOL",-0.0378023484751177,0.00230976430533873,"t.2"
"BRA",0.0284568040532346,0.0033275727770263,"t.2"
"BWA",-0.0114490164361561,0.00396416803194985,"t.2"
"CAF",0.00268400524218517,0.00396471726592011,"t.2"
"CIV",0.0235287070095901,0.00332003616002747,"t.2"
"CMR",-0.0175244790644762,0.0028716435407424,"t.2"
"COD",0.00298003163321972,0.00396471726592011,"t.2"
"COG",0.0187388444179871,0.00396471726592011,"t.2"
"COL",0.0599386123001813,0.00211333074556988,"t.2"
"COM",-0.0262395782611863,0.00396416803194985,"t.2"
"DOM",0.0970615942586237,0.00230976430533873,"t.2"
"ECU",0.00898286282198565,0.0039674552927801,"t.2"
"EGY",-0.00971141360645523,0.00201119830492396,"t.2"
"ERI",-0.0373609477723637,0.0033185243537932,"t.2"
"ETH",-0.0731328221792951,0.00286916058835013,"t.2"
"GAB",-0.0162459775808525,0.00396471726592011,"t.2"
"GHA",-0.0204772957658856,0.00228914301447941,"t.2"
"GIN",-0.0140399252026957,0.00332003616002747,"t.2"
"GTM",0.00326156925054494,0.00288402149023267,"t.2"
"GUY",-0.00595750046308897,0.0039674552927801,"t.2"
"HND",-0.0349282871397623,0.0039674552927801,"t.2"
"HTI",0.00548976023999947,0.00288402149023267,"t.2"
"IDN",-0.0239222012699687,0.00210488374603651,"t.2"
"IND",0.0127161409601834,0.0028796614196905,"t.2"
"JOR",0.108620460353456,0.00235333034721431,"t.2"
"KAZ",0.099172004764034,0.00332491804153962,"t.2"
"KEN",0.0359113950261649,0.00228500649061405,"t.2"
"KGZ",-0.00336662132479487,0.00396649083656986,"t.2"
"KHM",0.00999059581337763,0.0028796614196905,"t.2"
"LBR",-0.0814559647190931,0.00332003616002747,"t.2"
"LKA",-0.00694455443752355,0.00396649083656986,"t.2"
"LSO",0.0865741909974884,0.0033185243537932,"t.2"
"MAR",0.0251374546765106,0.00291017204838666,"t.2"
"MDG",-0.0256024250804333,0.00253848514666594,"t.2"
"MDV",-0.079493570082415,0.00396649083656986,"t.2"
"MEX",0.0116636331291872,0.0039674552927801,"t.2"
"MLI",0.00946478391559998,0.00254184836793743,"t.2"
"MOZ",-0.0107210353539328,0.0033185243537932,"t.2"
"MRT",-0.000632286319836188,0.00396471726592011,"t.2"
"MWI",-0.000794820244574276,0.00253848514666594,"t.2"
"NAM",-0.0415041080877318,0.00286916058835013,"t.2"
"NER",0.0197053094474516,0.0028716435407424,"t.2"
"NGA",0.0264629648611908,0.0028716435407424,"t.2"
"NIC",-0.0351728848999609,0.0033275727770263,"t.2"
"NPL",-0.0493387524528884,0.00255270878600848,"t.2"
"PAK",0.0344060248895565,0.00332491804153962,"t.2"
"PER",-0.113001605979427,0.00230976430533873,"t.2"
"PHL",-0.00341471564265898,0.0028796614196905,"t.2"
"PRY",0.03866015498552,0.0039674552927801,"t.2"
"RWA",-0.0411145332337207,0.00228500649061405,"t.2"
"SDN",-0.00671206881234488,0.00396416803194985,"t.2"
"SEN",-0.0600655342543336,0.00228914301447941,"t.2"
"SLE",-0.0183537319518797,0.00396471726592011,"t.2"
"STP",0.027467712852099,0.00396471726592011,"t.2"
"SWZ",0.0764705577151386,0.00396416803194985,"t.2"
"TCD",0.025488108363992,0.00332003616002747,"t.2"
"TGO",0.0137357588769025,0.00332003616002747,"t.2"
"THA",-0.0170770359395365,0.00396649083656986,"t.2"
"TTO",0.0072127294839148,0.0039674552927801,"t.2"
"TUN",0.0372892991854779,0.00397323984786216,"t.2"
"TUR",0.0265489281380185,0.00291017204838666,"t.2"
"TZA",0.0138904294404946,0.00228500649061405,"t.2"
"UGA",0.0228786768940096,0.00253848514666594,"t.2"
"UZB",0.0502349793495559,0.00396649083656986,"t.2"
"VNM",-0.0887552732147962,0.00332491804153962,"t.2"
"YEM",-0.0116063757964064,0.00397323984786216,"t.2"
"ZAF",-0.0278569287894866,0.00396416803194985,"t.2"
"ZMB",0.0420409666516485,0.00253848514666594,"t.2"
"ZWE",0.0346745496425226,0.00228500649061405,"t.2"
"ARM",-0.0351491565852533,0.00184470224077257,"t.3"
"AZE",-0.00641029502152515,0.00233290463458321,"t.3"
"BDI",0.0123075945143027,0.00233036246376072,"t.3"
"BEN",-0.00774716712347451,0.00183490044225778,"t.3"
"BFA",0.0160844180964132,0.00183490044225778,"t.3"
"BGD",-0.0237539218400088,0.00156085172837202,"t.3"
"BOL",-0.0210937048158491,0.0015710899774958,"t.3"
"BRA",0.0262076415394703,0.00205497933999789,"t.3"
"BWA",-0.00855314635207654,0.00233036246376072,"t.3"
"CAF",0.00643380611775085,0.00233105687705153,"t.3"
"CIV",0.00910383220778524,0.00204621889775521,"t.3"
"CMR",-0.0163585392842576,0.00183490044225778,"t.3"
"COD",0.00312725786273074,0.00233105687705153,"t.3"
"COG",0.0156927462103381,0.00233105687705153,"t.3"
"COL",0.0321294061523484,0.00147187332703398,"t.3"
"COM",-0.0177749186001692,0.00233036246376072,"t.3"
"DOM",0.07359765029854,0.0015710899774958,"t.3"
"ECU",0.00177854494273728,0.00233395969753153,"t.3"
"EGY",-0.0250913652955944,0.00151522835238905,"t.3"
"ERI",-0.0274228485864075,0.00204412322302486,"t.3"
"ETH",-0.0542517240577518,0.00183121678839854,"t.3"
"GAB",-0.00554574393271825,0.00233105687705153,"t.3"
"GHA",-0.0257880889772133,0.00154292123241471,"t.3"
"GIN",-0.0114804632935825,0.00204621889775521,"t.3"
"GTM",0.0144080417806341,0.00185029903270151,"t.3"
"GUY",0.000978457133012989,0.00233395969753153,"t.3"
"HND",-0.0184771091810369,0.00233395969753153,"t.3"
"HTI",0.00468753786000763,0.00185029903270151,"t.3"
"IDN",-0.0278614978733097,0.00145956045068667,"t.3"
"IND",0.0184943421954408,0.00184470224077257,"t.3"
"JOR",0.0568845541935055,0.00166119289379222,"t.3"
"KAZ",0.0616808770119192,0.00205179525814203,"t.3"
"KEN",0.0315825775758901,0.00153618269963102,"t.3"
"KGZ",-0.00660241118039801,0.00233290463458321,"t.3"
"KHM",0.0205119844850214,0.00184470224077257,"t.3"
"LBR",-0.0522234691449791,0.00204621889775521,"t.3"
"LKA",0.00767122125923504,0.00233290463458321,"t.3"
"LSO",0.0344917478114148,0.00204412322302486,"t.3"
"MAR",0.00375152108595026,0.00189955425872738,"t.3"
"MDG",-0.0147744624320494,0.00166683690622319,"t.3"
"MDV",-0.0367586034390041,0.00233290463458321,"t.3"
"MEX",0.00510090939194789,0.00233395969753153,"t.3"
"MLI",0.00914360860975318,0.00167209372815079,"t.3"
"MOZ",-0.00589425348933449,0.00204412322302486,"t.3"
"MRT",-0.00431913684859241,0.00233105687705153,"t.3"
"MWI",-0.00630411471928952,0.00166683690622319,"t.3"
"NAM",-0.0272677128775146,0.00183121678839854,"t.3"
"NER",0.0190173028575032,0.00183490044225778,"t.3"
"NGA",0.0168345234641441,0.00183490044225778,"t.3"
"NIC",-0.0260728409972945,0.00205497933999789,"t.3"
"NPL",-0.0281731228848243,0.00168608155418752,"t.3"
"PAK",0.0250949590207972,0.00205179525814203,"t.3"
"PER",-0.0839906355902461,0.0015710899774958,"t.3"
"PHL",0.00949616683893985,0.00184470224077257,"t.3"
"PRY",0.0348974041829693,0.00233395969753153,"t.3"
"RWA",-0.0211167197359034,0.00153618269963102,"t.3"
"SDN",0.00301592415904867,0.00233036246376072,"t.3"
"SEN",-0.045531106466653,0.00154292123241471,"t.3"
"SLE",-0.00890861920796978,0.00233105687705153,"t.3"
"STP",0.0270059868280226,0.00233105687705153,"t.3"
"SWZ",0.0471784096632946,0.00233036246376072,"t.3"
"TCD",0.0170484840414762,0.00204621889775521,"t.3"
"TGO",0.00120104575589661,0.00204621889775521,"t.3"
"THA",-0.0107263462547063,0.00233290463458321,"t.3"
"TTO",0.0132544322077442,0.00233395969753153,"t.3"
"TUN",0.0169048972592333,0.00234324490317277,"t.3"
"TUR",-0.00893923981957618,0.00189955425872738,"t.3"
"TZA",0.0101762748301336,0.00153618269963102,"t.3"
"UGA",0.0227169545426608,0.00166683690622319,"t.3"
"UZB",0.0285837635549892,0.00233290463458321,"t.3"
"VNM",-0.0478098583397426,0.00205179525814203,"t.3"
"YEM",-0.00309855107205109,0.00234324490317277,"t.3"
"ZAF",-0.0275119225659419,0.00233036246376072,"t.3"
"ZMB",0.0348167034242156,0.00166683690622319,"t.3"
"ZWE",0.00568930691904953,0.00153618269963102,"t.3"
"ARM",-0.0317770657554672,0.00148722637144599,"t.4"
"AZE",-0.00731706345800509,0.00184753664023688,"t.4"
"BDI",0.0221884175473014,0.00184610542581422,"t.4"
"BEN",-0.00394208400865535,0.00148160501589969,"t.4"
"BFA",0.0116755935571059,0.00148160501589969,"t.4"
"BGD",-0.0194033110232525,0.00126798657216901,"t.4"
"BOL",-0.0226935376068343,0.00127374512415381,"t.4"
"BRA",0.0165788287380592,0.00164425555757995,"t.4"
"BWA",-0.0158475875790131,0.00184610542581422,"t.4"
"CAF",0.00821222239531863,0.00184652651257654,"t.4"
"CIV",-0.000130396082842385,0.00163942258144606,"t.4"
"CMR",-0.0213131792551711,0.00148160501589969,"t.4"
"COD",0.00608058676215662,0.00184652651257654,"t.4"
"COG",0.0212533740713826,0.00184652651257654,"t.4"
"COL",0.0335864708036381,0.00119489301167919,"t.4"
"COM",-0.0126333233911139,0.00184610542581422,"t.4"
"DOM",0.0587012771914323,0.00127374512415381,"t.4"
"ECU",-0.00476477958109517,0.00184808535175541,"t.4"
"EGY",-0.0136511444267846,0.00119624072373135,"t.4"
"ERI",-0.0195895105840103,0.00163811705724561,"t.4"
"ETH",-0.0459465245318224,0.00147926167010312,"t.4"
"GAB",-0.00335586240379046,0.00184652651257654,"t.4"
"GHA",-0.0154803913649417,0.00125738560527302,"t.4"
"GIN",-0.00640495251181714,0.00163942258144606,"t.4"
"GTM",0.00633809887039183,0.00149027994839384,"t.4"
"GUY",-0.0098677982042885,0.00184808535175541,"t.4"
"HND",-0.010944448605325,0.00184808535175541,"t.4"
"HTI",0.000268910987252144,0.00149027994839384,"t.4"
"IDN",-0.0375320522972194,0.00118788814285483,"t.4"
"IND",0.0117104750532378,0.00148722637144599,"t.4"
"JOR",0.0592130096794996,0.00132105225973288,"t.4"
"KAZ",0.0354973558056407,0.00164255434958532,"t.4"
"KEN",0.0226362417916053,0.00125296643430782,"t.4"
"KGZ",-0.00725070518481811,0.00184753664023688,"t.4"
"KHM",0.0228808731523269,0.00148722637144599,"t.4"
"LBR",-0.0368339550510928,0.00163942258144606,"t.4"
"LKA",0.0140208722620088,0.00184753664023688,"t.4"
"LSO",0.0125584931680927,0.00163811705724561,"t.4"
"MAR",0.00954132905617862,0.00151536541763231,"t.4"
"MDG",-0.00372660600810904,0.00135408445548812,"t.4"
"MDV",-0.0238981881132202,0.00184753664023688,"t.4"
"MEX",-0.0007250252988285,0.00184808535175541,"t.4"
"MLI",0.00559900984193082,0.00135748503206053,"t.4"
"MOZ",0.00664729862715956,0.00163811705724561,"t.4"
"MRT",-0.00967945942112022,0.00184652651257654,"t.4"
"MWI",0.00333072179275398,0.00135408445548812,"t.4"
"NAM",-0.0310577122504355,0.00147926167010312,"t.4"
"NER",0.0106300949531513,0.00148160501589969,"t.4"
"NGA",0.00722466909483629,0.00148160501589969,"t.4"
"NIC",-0.0230638164089231,0.00164425555757995,"t.4"
"NPL",-0.0233313895076522,0.00136564253489426,"t.4"
"PAK",0.0142715349413545,0.00164255434958532,"t.4"
"PER",-0.0663692600760793,0.00127374512415381,"t.4"
"PHL",0.00815668019349268,0.00148722637144599,"t.4"
"PRY",0.0360873677381199,0.00184808535175541,"t.4"
"RWA",0.00420804878125582,0.00125296643430782,"t.4"
"SDN",0.0041987581192483,0.00184610542581422,"t.4"
"SEN",-0.0317610695947057,0.00125738560527302,"t.4"
"SLE",-0.00487110794351754,0.00184652651257654,"t.4"
"STP",0.0460970575541881,0.00184652651257654,"t.4"
"SWZ",0.0338649348021517,0.00184610542581422,"t.4"
"TCD",0.00675437776750951,0.00163942258144606,"t.4"
"TGO",0.00172705945240995,0.00163942258144606,"t.4"
"THA",-0.0126436441657975,0.00184753664023688,"t.4"
"TTO",0.00899725723040069,0.00184808535175541,"t.4"
"TUN",0.0171980179298834,0.0018525930770081,"t.4"
"TUR",-0.00809152507867041,0.00151536541763231,"t.4"
"TZA",0.00748343310065244,0.00125296643430782,"t.4"
"UGA",0.0269026574308597,0.00135408445548812,"t.4"
"UZB",0.0143281616449553,0.00184753664023688,"t.4"
"VNM",-0.03901778428547,0.00164255434958532,"t.4"
"YEM",-0.00870362203203689,0.0018525930770081,"t.4"
"ZAF",-0.0332236973927519,0.00184610542581422,"t.4"
"ZMB",0.0388301332924055,0.00135408445548812,"t.4"
"ZWE",-0.00863612469670934,0.00125296643430782,"t.4"
"ARM",-0.0232927851113457,0.00108663475176792,"t.5"
"AZE",-0.00437754477651009,0.00128755806078927,"t.5"
"BDI",0.0223375607291348,0.00128649059212074,"t.5"
"BEN",-0.00339726949801992,0.00108216611333277,"t.5"
"BFA",0.00413194767187029,0.00108216611333277,"t.5"
"BGD",-0.00517902038879184,0.000956983924065086,"t.5"
"BOL",-0.0200374953810438,0.000961840218696912,"t.5"
"BRA",0.018790782825517,0.00117638581840605,"t.5"
"BWA",-0.00740531252694269,0.00128649059212074,"t.5"
"CAF",0.00618817950237272,0.00128682966667041,"t.5"
"CIV",-0.0035359235106356,0.00117271614093723,"t.5"
"CMR",-0.0172653814129817,0.00108216611333277,"t.5"
"COD",0.00621337423138515,0.00128682966667041,"t.5"
"COG",0.0135864223422634,0.00128682966667041,"t.5"
"COL",0.0179716806613858,0.000914310023409224,"t.5"
"COM",-0.00801317286328217,0.00128649059212074,"t.5"
"DOM",0.0533924511708079,0.000961840218696912,"t.5"
"ECU",-0.00479138384305348,0.00128795107830913,"t.5"
"EGY",-0.0170388639716007,0.000948776199914069,"t.5"
"ERI",-0.0143115181107224,0.00117160656244508,"t.5"
"ETH",-0.0346368091285952,0.00108008591866097,"t.5"
"GAB",-0.00755180427647074,0.00128682966667041,"t.5"
"GHA",-0.0143910592605962,0.000947983570975026,"t.5"
"GIN",-0.00628093516157215,0.00117271614093723,"t.5"
"GTM",0.00441712028180659,0.00108904588215658,"t.5"
"GUY",-0.0124845916044725,0.00128795107830913,"t.5"
"HND",-0.00536242300595338,0.00128795107830913,"t.5"
"HTI",0.00164945598818794,0.00108904588215658,"t.5"
"IDN",-0.0271627737089181,0.000908250147355237,"t.5"
"IND",0.0140409974392173,0.00108663475176792,"t.5"
"JOR",0.0362974008384128,0.00101198773794985,"t.5"
"KAZ",0.0160830434473829,0.00117509971838027,"t.5"
"KEN",0.0143327979036123,0.000943793819037377,"t.5"
"KGZ",-0.00546549495133187,0.00128755806078927,"t.5"
"KHM",0.0265470241843984,0.00108663475176792,"t.5"
"LBR",-0.0228008649352738,0.00117271614093723,"t.5"
"LKA",0.0169898389951366,0.00128755806078927,"t.5"
"LSO",-0.00342933297962554,0.00117160656244508,"t.5"
"MAR",0.0103134371801863,0.00111394392001336,"t.5"
"MDG",-0.000391453556196657,0.0010055707421636,"t.5"
"MDV",-0.0126921124178059,0.00128755806078927,"t.5"
"MEX",-0.00454550238791544,0.00128795107830913,"t.5"
"MLI",0.00100270822708951,0.00100869950599383,"t.5"
"MOZ",0.00662946478248052,0.00117160656244508,"t.5"
"MRT",-0.00729707612630233,0.00128682966667041,"t.5"
"MWI",-0.00792149153730777,0.0010055707421636,"t.5"
"NAM",-0.0199972098346755,0.00108008591866097,"t.5"
"NER",0.0105264761499061,0.00108216611333277,"t.5"
"NGA",0.00580037357201707,0.00108216611333277,"t.5"
"NIC",-0.0178164783888843,0.00117638581840605,"t.5"
"NPL",-0.00840084211514791,0.00101542066267007,"t.5"
"PAK",0.0181484994034551,0.00117509971838027,"t.5"
"PER",-0.047667169349358,0.000961840218696912,"t.5"
"PHL",0.0118595847956293,0.00108663475176792,"t.5"
"PRY",0.0257680346753693,0.00128795107830913,"t.5"
"RWA",0.0157803855433332,0.000943793819037377,"t.5"
"SDN",0.00593076802994085,0.00128649059212074,"t.5"
"SEN",-0.0180048618416765,0.000947983570975026,"t.5"
"SLE",-0.000591466750680793,0.00128682966667041,"t.5"
"STP",0.0288018760300674,0.00128682966667041,"t.5"
"SWZ",0.020692735111604,0.00128649059212074,"t.5"
"TCD",0.0044999218161885,0.00117271614093723,"t.5"
"TGO",-0.0026413112913393,0.00117271614093723,"t.5"
"THA",-0.00960327192463762,0.00128755806078927,"t.5"
"TTO",0.0117201120967103,0.00128795107830913,"t.5"
"TUN",0.0121578422588609,0.00129200949221065,"t.5"
"TUR",-0.0170230956061407,0.00111394392001336,"t.5"
"TZA",0.00570786166208255,0.000943793819037377,"t.5"
"UGA",0.0123915164639917,0.0010055707421636,"t.5"
"UZB",0.00832461652417379,0.00128755806078927,"t.5"
"VNM",-0.0220260446392311,0.00117509971838027,"t.5"
"YEM",-0.00399595404413775,0.00129200949221065,"t.5"
"ZAF",-0.028245979308595,0.00128649059212074,"t.5"
"ZMB",0.0232318924568167,0.0010055707421636,"t.5"
"ZWE",-0.0151851034650542,0.000943793819037377,"t.5"
"ARM",-0.0373343421030209,0.00148620408569302,"t.6"
"AZE",-0.0140988412266318,0.00193317362993991,"t.6"
"BDI",0.0421518860591565,0.00193227482895429,"t.6"
"BEN",-0.00279566566095353,0.00148288716510069,"t.6"
"BFA",0.0038926273741526,0.00148288716510069,"t.6"
"BGD",-0.0368771175354732,0.00122568524851268,"t.6"
"BOL",-0.0350006674778023,0.00122879482618289,"t.6"
"BRA",0.0250087418324949,0.0016768370761301,"t.6"
"BWA",-0.0105839250197549,0.00193227482895429,"t.6"
"CAF",0.0154233301198611,0.00193252562346916,"t.6"
"CIV",-0.00840798515089371,0.00167391682314104,"t.6"
"CMR",-0.0204700227350954,0.00148288716510069,"t.6"
"COD",0.0115314742292266,0.00193252562346916,"t.6"
"COG",0.0249076739024096,0.00193252562346916,"t.6"
"COL",0.0168965124783867,0.00113611895833359,"t.6"
"COM",-0.0150973871256365,0.00193227482895429,"t.6"
"DOM",0.0771164784220661,0.00122879482618289,"t.6"
"ECU",-0.0142580525865667,0.00193351308403463,"t.6"
"EGY",-0.0356441372756719,0.00108669856582438,"t.6"
"ERI",-0.0105092068906607,0.00167317513941483,"t.6"
"ETH",-0.0392420474580927,0.00148160343487831,"t.6"
"GAB",-0.000639393967295034,0.00193252562346916,"t.6"
"GHA",-0.00987600261338135,0.00121974916913408,"t.6"
"GIN",-0.0036363073042276,0.00167391682314104,"t.6"
"GTM",0.0218990521147118,0.00148794163358446,"t.6"
"GUY",-0.0194261005644039,0.00193351308403463,"t.6"
"HND",-0.00595173319563948,0.00193351308403463,"t.6"
"HTI",-0.0057613913368346,0.00148794163358446,"t.6"
"IDN",-0.0483628532041808,0.00113240932668436,"t.6"
"IND",-0.00326058968201845,0.00148620408569302,"t.6"
"JOR",0.058794956332,0.00124866514081158,"t.6"
"KAZ",-0.000346752724790463,0.00167583319620881,"t.6"
"KEN",0.0166190889905751,0.00121745175974828,"t.6"
"KGZ",-0.0142467201211706,0.00193317362993991,"t.6"
"KHM",0.0293481355402348,0.00148620408569302,"t.6"
"LBR",-0.0174014768748613,0.00167391682314104,"t.6"
"LKA",0.0307292608363299,0.00193317362993991,"t.6"
"LSO",-0.0197124198245959,0.00167317513941483,"t.6"
"MAR",0.00623894520913766,0.00149904462792876,"t.6"
"MDG",0.0123535208295944,0.00133426350701765,"t.6"
"MDV",-0.00870247383543731,0.00193317362993991,"t.6"
"MEX",-0.0092828954309653,0.00193351308403463,"t.6"
"MLI",0.00645730353324634,0.00133607338369032,"t.6"
"MOZ",0.014643409173374,0.00167317513941483,"t.6"
"MRT",-0.00916440484611851,0.00193252562346916,"t.6"
"MWI",-0.0076505507455172,0.00133426350701765,"t.6"
"NAM",-0.0188175068485552,0.00148160343487831,"t.6"
"NER",0.0210161144726406,0.00148288716510069,"t.6"
"NGA",0.0108164801104411,0.00148288716510069,"t.6"
"NIC",-0.0238271442880011,0.0016768370761301,"t.6"
"NPL",-0.0271489450237101,0.00134074976904022,"t.6"
"PAK",0.0121812589423501,0.00167583319620881,"t.6"
"PER",-0.0601317942400598,0.00122879482618289,"t.6"
"PHL",0.0209540666581525,0.00148620408569302,"t.6"
"PRY",0.050610850829731,0.00193351308403463,"t.6"
"RWA",0.0447664793117147,0.00121745175974828,"t.6"
"SDN",0.0132291035701952,0.00193227482895429,"t.6"
"SEN",-0.00641791279483235,0.00121974916913408,"t.6"
"SLE",0.00200473134659858,0.00193252562346916,"t.6"
"STP",0.0614192778828431,0.00193252562346916,"t.6"
"SWZ",0.0227060927756543,0.00193227482895429,"t.6"
"TCD",0.00715645760248812,0.00167391682314104,"t.6"
"TGO",-0.0031839227568514,0.00167391682314104,"t.6"
"THA",-0.0134814653740542,0.00193317362993991,"t.6"
"TTO",0.0182946189492076,0.00193351308403463,"t.6"
"TUN",0.00973521947744652,0.00193568220806988,"t.6"
"TUR",-0.0487674640262406,0.00149904462792876,"t.6"
"TZA",0.00841936272553895,0.00121745175974828,"t.6"
"UGA",0.0228353777970751,0.00133426350701765,"t.6"
"UZB",0.00394479769295978,0.00193317362993991,"t.6"
"VNM",-0.0210836908691561,0.00167583319620881,"t.6"
"YEM",-0.0137884178661171,0.00193568220806988,"t.6"
"ZAF",-0.0443263761130036,0.00193227482895429,"t.6"
"ZMB",0.0271293018548305,0.00133426350701765,"t.6"
"ZWE",-0.0265158842585195,0.00121745175974828,"t.6"
"ARM",-0.0465043561775613,0.00146932265521397,"t.7"
"AZE",-0.0119863145486396,0.00191517917241356,"t.7"
"BDI",0.0471526756782615,0.00191461582320872,"t.7"
"BEN",-0.00419165728145,0.00146725677418761,"t.7"
"BFA",7.2442544461812e-05,0.00146725677418761,"t.7"
"BGD",-0.0205139084190409,0.00120635790218093,"t.7"
"BOL",-0.0251885902463727,0.00120823444028771,"t.7"
"BRA",0.0383341788517795,0.00165987138579709,"t.7"
"BWA",-0.00711170838903078,0.00191461582320872,"t.7"
"CAF",0.00941936129650686,0.00191477727837865,"t.7"
"CIV",-0.0159971242549459,0.00165807682021443,"t.7"
"CMR",-0.0288849043251284,0.00146725677418761,"t.7"
"COD",0.0117358992703399,0.00191477727837865,"t.7"
"COG",0.0191906959168386,0.00191477727837865,"t.7"
"COL",0.0228666969168295,0.00111385336141148,"t.7"
"COM",-0.0109732339206572,0.00191461582320872,"t.7"
"DOM",0.102555995248244,0.00120823444028771,"t.7"
"ECU",-0.0147781698382654,0.00191538263498222,"t.7"
"EGY",-0.0411171406450844,0.00105079914391884,"t.7"
"ERI",-0.00667885734185631,0.00165759819011543,"t.7"
"ETH",-0.0348747993044423,0.00146642683608653,"t.7"
"GAB",-0.00848590465095054,0.00191477727837865,"t.7"
"GHA",-0.0121364826941962,0.00120265122789511,"t.7"
"GIN",-0.00628793976838797,0.00165807682021443,"t.7"
"GTM",0.0213871024223171,0.00147036852657226,"t.7"
"GUY",-0.0186250542949443,0.00191538263498222,"t.7"
"HND",1.5714640077733e-05,0.00191538263498222,"t.7"
"HTI",0.00199501453437657,0.00147036852657226,"t.7"
"IDN",-0.0382715073199245,0.00111161260712187,"t.7"
"IND",0.00256092535596662,0.00146932265521397,"t.7"
"JOR",0.0308781698290997,0.00121933732743928,"t.7"
"KAZ",-0.0100899677988373,0.00165926822574081,"t.7"
"KEN",0.00392037320273651,0.00120116212461236,"t.7"
"KGZ",-0.00759098908013485,0.00191517917241356,"t.7"
"KHM",0.0333301254187389,0.00146932265521397,"t.7"
"LBR",-0.00725792553467152,0.00165807682021443,"t.7"
"LKA",0.0271455862677388,0.00191517917241356,"t.7"
"LSO",-0.0329773434607491,0.00165759819011543,"t.7"
"MAR",0.00171894074966597,0.0014765566192223,"t.7"
"MDG",0.0108622833032115,0.00131870966548362,"t.7"
"MDV",-0.011858901163957,0.00191517917241356,"t.7"
"MEX",-0.00989037512053318,0.00191538263498222,"t.7"
"MLI",0.000875723111432578,0.00131988142635313,"t.7"
"MOZ",0.0174307969374808,0.00165759819011543,"t.7"
"MRT",-0.0140317467210537,0.00191477727837865,"t.7"
"MWI",-0.00710803963323778,0.00131870966548362,"t.7"
"NAM",-0.0131077166810924,0.00146642683608653,"t.7"
"NER",0.0183921434042593,0.00146725677418761,"t.7"
"NGA",0.00814214112696405,0.00146725677418761,"t.7"
"NIC",-0.0195584805825203,0.00165987138579709,"t.7"
"NPL",-0.0105951772560739,0.0013227981722461,"t.7"
"PAK",0.0162229261653612,0.00165926822574081,"t.7"
"PER",-0.038713533583425,0.00120823444028771,"t.7"
"PHL",0.0153819027526844,0.00146932265521397,"t.7"
"PRY",0.0516493138729361,0.00191538263498222,"t.7"
"RWA",0.0622556005444652,0.00120116212461236,"t.7"
"SDN",0.0144226036316096,0.00191461582320872,"t.7"
"SEN",-0.00402972116287472,0.00120265122789511,"t.7"
"SLE",0.0035903706034562,0.00191477727837865,"t.7"
"STP",0.0479455826424417,0.00191477727837865,"t.7"
"SWZ",0.0125893446959877,0.00191461582320872,"t.7"
"TCD",0.000617622410806837,0.00165807682021443,"t.7"
"TGO",-0.0116765693079346,0.00165807682021443,"t.7"
"THA",-0.0151760025796273,0.00191517917241356,"t.7"
"TTO",0.0182148901903617,0.00191538263498222,"t.7"
"TUN",0.00660440752152021,0.00191658645915786,"t.7"
"TUR",-0.0548561293349796,0.0014765566192223,"t.7"
"TZA",0.00626267142903503,0.00120116212461236,"t.7"
"UGA",0.0191395152059166,0.00131870966548362,"t.7"
"UZB",0.00242377211137625,0.00191517917241356,"t.7"
"VNM",-0.0150418997613675,0.00165926822574081,"t.7"
"YEM",-0.0160020519889204,0.00191658645915786,"t.7"
"ZAF",-0.0447610409499573,0.00191461582320872,"t.7"
"ZMB",0.0212675864583004,0.00131870966548362,"t.7"
"ZWE",-0.0316398311406623,0.00120116212461236,"t.7"
"ARM",-0.0397090482988481,0.00144415594665506,"t.8"
"AZE",-0.00977162244631667,0.00179414626823238,"t.8"
"BDI",0.0410881639927694,0.00179260861938481,"t.8"
"BEN",0.000318771516402502,0.00143810725240619,"t.8"
"BFA",-0.00180679080636591,0.00143810725240619,"t.8"
"BGD",-0.0143268054865892,0.00123247982293442,"t.8"
"BOL",-0.0255956451673389,0.00123874487383067,"t.8"
"BRA",0.0264829130421503,0.00159658446590883,"t.8"
"BWA",0.00146229111614831,0.00179260861938481,"t.8"
"CAF",0.00711920323729556,0.00179305615076415,"t.8"
"CIV",-0.0173505180899055,0.00159135349522907,"t.8"
"CMR",-0.0219726117695074,0.00143810725240619,"t.8"
"COD",0.00970089838450446,0.00179305615076415,"t.8"
"COG",0.00856385883699765,0.00179305615076415,"t.8"
"COL",0.00826688010641349,0.00116302404670636,"t.8"
"COM",-0.00514961317482602,0.00179260861938481,"t.8"
"DOM",0.0717605283425302,0.00123874487383067,"t.8"
"ECU",-0.00881098029052324,0.00179474613924516,"t.8"
"EGY",-0.0314026877614815,0.00117561179126601,"t.8"
"ERI",-0.00460324496022111,0.00158996826476751,"t.8"
"ETH",-0.0255857742574209,0.00143562405168766,"t.8"
"GAB",-0.0112403477641949,0.00179305615076415,"t.8"
"GHA",-0.00806816301899293,0.00122109463966045,"t.8"
"GIN",-0.00305702887838084,0.00159135349522907,"t.8"
"GTM",0.0208277635468328,0.00144748442863142,"t.8"
"GUY",-0.0289169460719741,0.00179474613924516,"t.8"
"HND",-0.00587713255295892,0.00179474613924516,"t.8"
"HTI",0.00693019758255471,0.00144748442863142,"t.8"
"IDN",-0.0362842962721532,0.00115540854097591,"t.8"
"IND",-0.00225697396393625,0.00144415594665506,"t.8"
"JOR",0.03497741798922,0.0012921242136918,"t.8"
"KAZ",-0.0116818492500465,0.00159472770314696,"t.8"
"KEN",-0.00336836478062318,0.00121642062339786,"t.8"
"KGZ",0.00327958293723307,0.00179414626823238,"t.8"
"KHM",0.0307167399889814,0.00144415594665506,"t.8"
"LBR",0.00291811551445185,0.00159135349522907,"t.8"
"LKA",0.0278501242485803,0.00179414626823238,"t.8"
"LSO",-0.0419125128898195,0.00158996826476751,"t.8"
"MAR",0.0024474000075743,0.00147584368278276,"t.8"
"MDG",0.0160755673103288,0.00131427101400487,"t.8"
"MDV",-0.00606914320385771,0.00179414626823238,"t.8"
"MEX",-0.00580418807150429,0.00179474613924516,"t.8"
"MLI",0.00224405351815129,0.00131787078628279,"t.8"
"MOZ",0.0132597868894558,0.00158996826476751,"t.8"
"MRT",-0.0108366957300595,0.00179305615076415,"t.8"
"MWI",-0.00642681656082229,0.00131427101400487,"t.8"
"NAM",-0.0104724523305977,0.00143562405168766,"t.8"
"NER",0.0150438139000057,0.00143810725240619,"t.8"
"NGA",0.0048580047119372,0.00143810725240619,"t.8"
"NIC",-0.0204914826774352,0.00159658446590883,"t.8"
"NPL",-0.00254815660880488,0.00132663927676854,"t.8"
"PAK",0.0196115561197048,0.00159472770314696,"t.8"
"PER",-0.034203277969834,0.00123874487383067,"t.8"
"PHL",0.020920711968284,0.00144415594665506,"t.8"
"PRY",0.0423390409461985,0.00179474613924516,"t.8"
"RWA",0.0646479667122664,0.00121642062339786,"t.8"
"SDN",0.00936537700339013,0.00179260861938481,"t.8"
"SEN",0.00762226626436119,0.00122109463966045,"t.8"
"SLE",0.00232704978116029,0.00179305615076415,"t.8"
"STP",0.0432888689404565,0.00179305615076415,"t.8"
"SWZ",-0.00707371426940005,0.00179260861938481,"t.8"
"TCD",5.26679953625889e-05,0.00159135349522907,"t.8"
"TGO",-0.0128723694800104,0.00159135349522907,"t.8"
"THA",-0.0157709241673568,0.00179414626823238,"t.8"
"TTO",0.0210429432058189,0.00179474613924516,"t.8"
"TUN",0.00246545855931905,0.00179985714619383,"t.8"
"TUR",-0.0542578155330405,0.00147584368278276,"t.8"
"TZA",0.000774953762353611,0.00121642062339786,"t.8"
"UGA",0.0180757692183915,0.00131427101400487,"t.8"
"UZB",0.00548786459124245,0.00179414626823238,"t.8"
"VNM",-0.00220967863126312,0.00159472770314696,"t.8"
"YEM",-0.00464743272124654,0.00179985714619383,"t.8"
"ZAF",-0.0370235361261649,0.00179260861938481,"t.8"
"ZMB",0.0144744204722296,0.00131427101400487,"t.8"
"ZWE",-0.0392323502272436,0.00121642062339786,"t.8"
"ARM",-0.0292086203917408,0.00125398288973705,"t.9"
"AZE",-0.00302321914872181,0.00149782955965116,"t.9"
"BDI",0.0343907785023871,0.00149712525583368,"t.9"
"BEN",0.000371716778732489,0.00125110612154164,"t.9"
"BFA",-0.00481002376619591,0.00125110612154164,"t.9"
"BGD",-0.0203368888082428,0.00109297843120245,"t.9"
"BOL",-0.0208827914358992,0.00109588938468766,"t.9"
"BRA",0.0209771253051798,0.00136286734292044,"t.9"
"BWA",0.00474918061977383,0.00149712525583368,"t.9"
"CAF",-0.00153317037696209,0.00149735857324336,"t.9"
"CIV",-0.0182698422102375,0.00136055497580253,"t.9"
"CMR",-0.0205087544472312,0.00125110612154164,"t.9"
"COD",0.00761518060759066,0.00149735857324336,"t.9"
"COG",0.00325687880471971,0.00149735857324336,"t.9"
"COL",0.0101625764446127,0.00103515712201868,"t.9"
"COM",-0.00648839997504679,0.00149712525583368,"t.9"
"DOM",0.0674400654996202,0.00109588938468766,"t.9"
"ECU",-0.00758662040414493,0.00149806691352866,"t.9"
"EGY",-0.00439057351773862,0.00101817751999932,"t.9"
"ERI",0.000855810641351926,0.00135979331432798,"t.9"
"ETH",-0.0140431399593165,0.0012496810271175,"t.9"
"GAB",-0.00992441049322586,0.00149735857324336,"t.9"
"GHA",-0.00680195211666948,0.00108720216354797,"t.9"
"GIN",-0.00300467676604211,0.00136055497580253,"t.9"
"GTM",0.00725204351863396,0.0012554326387628,"t.9"
"GUY",-0.0235748208669313,0.00149806691352866,"t.9"
"HND",-0.00870650350225219,0.00149806691352866,"t.9"
"HTI",0.00589859971044561,0.0012554326387628,"t.9"
"IDN",-0.0304518999392742,0.0010315291601347,"t.9"
"IND",-0.00939014628481323,0.00125398288973705,"t.9"
"JOR",0.0291757214077556,0.00111932914338696,"t.9"
"KAZ",-0.0136719173781566,0.00136209250445222,"t.9"
"KEN",-0.00626282657547529,0.00108434071407843,"t.9"
"KGZ",0.00444532663460831,0.00149782955965116,"t.9"
"KHM",0.018941996776923,0.00125398288973705,"t.9"
"LBR",0.0103561621835975,0.00136055497580253,"t.9"
"LKA",0.020226829750102,0.00149782955965116,"t.9"
"LSO",-0.0345335293036331,0.00135979331432798,"t.9"
"MAR",0.0198322848665484,0.00126710639703853,"t.9"
"MDG",0.0163517368716547,0.00115950223719228,"t.9"
"MDV",-0.00839257347929744,0.00149782955965116,"t.9"
"MEX",-0.0080182718325779,0.00149806691352866,"t.9"
"MLI",-0.00222829819984718,0.0011616421074092,"t.9"
"MOZ",0.0152850238361958,0.00135979331432798,"t.9"
"MRT",-0.0110461018186081,0.00149735857324336,"t.9"
"MWI",0.00476236077278297,0.00115950223719228,"t.9"
"NAM",-0.0089476279733808,0.0012496810271175,"t.9"
"NER",0.00684117368103357,0.00125110612154164,"t.9"
"NGA",-0.00158446193165979,0.00125110612154164,"t.9"
"NIC",-0.0194940726682305,0.00136286734292044,"t.9"
"NPL",-0.00456594002082671,0.00116596175842887,"t.9"
"PAK",0.00693062187560948,0.00136209250445222,"t.9"
"PER",-0.0214393086610147,0.00109588938468766,"t.9"
"PHL",0.00842354239944698,0.00125398288973705,"t.9"
"PRY",0.02747388448568,0.00149806691352866,"t.9"
"RWA",0.0645219820348139,0.00108434071407843,"t.9"
"SDN",0.00639466911290129,0.00149712525583368,"t.9"
"SEN",0.0118734699979782,0.00108720216354797,"t.9"
"SLE",-0.000557477797457352,0.00149735857324336,"t.9"
"STP",0.0314309127594406,0.00149735857324336,"t.9"
"SWZ",-0.0150839124693996,0.00149712525583368,"t.9"
"TCD",-0.00503253058334432,0.00136055497580253,"t.9"
"TGO",-0.0125939427173946,0.00136055497580253,"t.9"
"THA",-0.013796446300797,0.00149782955965116,"t.9"
"TTO",0.00965096015510364,0.00149806691352866,"t.9"
"TUN",0.00172358472722869,0.00149997814902014,"t.9"
"TUR",-0.0352913776864827,0.00126710639703853,"t.9"
"TZA",0.00815696580539631,0.00108434071407843,"t.9"
"UGA",0.0126696753556114,0.00115950223719228,"t.9"
"UZB",0.0022598125350898,0.00149782955965116,"t.9"
"VNM",0.00211611432871081,0.00136209250445222,"t.9"
"YEM",0.00411732100456786,0.00149997814902014,"t.9"
"ZAF",-0.0271717953200879,0.00149712525583368,"t.9"
"ZMB",0.0130786134071286,0.00115950223719228,"t.9"
"ZWE",-0.0273618360705969,0.00108434071407843,"t.9"
"ARM",-0.017662943948346,0.000948679824508379,"t.10"
"AZE",-0.00225509144436342,0.00105609083300709,"t.10"
"BDI",0.0157952131160583,0.00105578283152526,"t.10"
"BEN",0.00477312593144164,0.000947325085080603,"t.10"
"BFA",-0.00279313689054482,0.000947325085080603,"t.10"
"BGD",-0.010792148115607,0.000868627953378892,"t.10"
"BOL",-0.01645268108729,0.000870021008356573,"t.10"
"BRA",0.0133102459888639,0.000998519164509376,"t.10"
"BWA",0.00723985991495449,0.00105578283152526,"t.10"
"CAF",-0.00223504242409311,0.00105590058544999,"t.10"
"CIV",-0.0117343464116431,0.000997536620855684,"t.10"
"CMR",-0.0127646199385136,0.000947325085080603,"t.10"
"COD",0.00468632416340924,0.00105590058544999,"t.10"
"COG",-0.0019374863936452,0.00105590058544999,"t.10"
"COL",-0.00258993741311507,0.00083774431400768,"t.10"
"COM",-0.00212733472155597,0.00105578283152526,"t.10"
"DOM",0.0437055926141461,0.000870021008356573,"t.10"
"ECU",-0.00175520633074452,0.00105617768291958,"t.10"
"EGY",-0.0170576299933601,0.000830829846445404,"t.10"
"ERI",-0.000264444484478547,0.000997119084125316,"t.10"
"ETH",-0.0120717160893632,0.000946486567692822,"t.10"
"GAB",-0.00448132630874924,0.00105590058544999,"t.10"
"GHA",0.00361134739780844,0.000865576421157072,"t.10"
"GIN",0.0013440565339876,0.000997536620855684,"t.10"
"GTM",0.00727825885671459,0.000949298276605928,"t.10"
"GUY",-0.0170641843314713,0.00105617768291958,"t.10"
"HND",-0.00599630429440248,0.00105617768291958,"t.10"
"HTI",0.00346993685852638,0.000949298276605928,"t.10"
"IDN",-0.0141913830442281,0.000835923951823408,"t.10"
"IND",-0.00623652278753015,0.000948679824508379,"t.10"
"JOR",0.0123779825853222,0.000883307533358065,"t.10"
"KAZ",-0.00935298518567595,0.000998211208502186,"t.10"
"KEN",-0.00590520639477806,0.000863687672092189,"t.10"
"KGZ",0.00515014610825679,0.00105609083300709,"t.10"
"KHM",0.0125255568964325,0.000948679824508379,"t.10"
"LBR",0.0117818322784975,0.000997536620855684,"t.10"
"LKA",0.0129637276277867,0.00105609083300709,"t.10"
"LSO",-0.0220726881617756,0.000997119084125316,"t.10"
"MAR",0.00151449334470233,0.000955196880313581,"t.10"
"MDG",0.0113604281940573,0.00090239326302041,"t.10"
"MDV",-0.00368048472234839,0.00105609083300709,"t.10"
"MEX",-0.00603970011400512,0.00105617768291958,"t.10"
"MLI",0.00422978493991151,0.000903731952282692,"t.10"
"MOZ",0.00770810099991462,0.000997119084125316,"t.10"
"MRT",-0.00443763508418868,0.00105590058544999,"t.10"
"MWI",-0.00111671571308475,0.00090239326302041,"t.10"
"NAM",-0.00208241543420379,0.000946486567692822,"t.10"
"NER",0.00826133142205983,0.000947325085080603,"t.10"
"NGA",0.00468420046091511,0.000947325085080603,"t.10"
"NIC",-0.0114531186989701,0.000998519164509376,"t.10"
"NPL",0.000935936911605795,0.000905894787724843,"t.10"
"PAK",0.0120762625573629,0.000998211208502186,"t.10"
"PER",-0.0150084370146055,0.000870021008356573,"t.10"
"PHL",0.0113786010518713,0.000948679824508379,"t.10"
"PRY",0.0176597105558964,0.00105617768291958,"t.10"
"RWA",0.0342082546715677,0.000863687672092189,"t.10"
"SDN",0.00124537932616139,0.00105578283152526,"t.10"
"SEN",0.0152408460098893,0.000865576421157072,"t.10"
"SLE",0.000976464895999411,0.00105590058544999,"t.10"
"STP",0.0237245466476553,0.00105590058544999,"t.10"
"SWZ",-0.0152665757135102,0.00105578283152526,"t.10"
"TCD",-0.00137794399495851,0.000997536620855684,"t.10"
"TGO",-0.00574185767209986,0.000997536620855684,"t.10"
"THA",-0.00916215245522242,0.00105609083300709,"t.10"
"TTO",0.00723806278154294,0.00105617768291958,"t.10"
"TUN",-0.0026278357341675,0.00105700603036608,"t.10"
"TUR",-0.0343172663287717,0.000955196880313581,"t.10"
"TZA",-0.000746061318394164,0.000863687672092189,"t.10"
"UGA",0.00336925957186663,0.00090239326302041,"t.10"
"UZB",0.00556854503306538,0.00105609083300709,"t.10"
"VNM",0.00474191224879227,0.000998211208502186,"t.10"
"YEM",0.00143917262089038,0.00105700603036608,"t.10"
"ZAF",-0.012761471143501,0.00105578283152526,"t.10"
"ZMB",0.00238386070952036,0.00090239326302041,"t.10"
"ZWE",-0.0143443244901567,0.000863687672092189,"t.10"
"ARM",-0.00786849322671549,0.000573038269097005,"t.11"
"AZE",0.000809091020846397,0.00060766687348831,"t.11"
"BDI",0.00776563773722315,0.000607558263734467,"t.11"
"BEN",0.000515496594119687,0.000572535920535997,"t.11"
"BFA",-0.00331742329029961,0.000572535920535997,"t.11"
"BGD",-0.00561835833585584,0.000545040825519222,"t.11"
"BOL",-0.008124688667015,0.000545556199440921,"t.11"
"BRA",0.00646740848749835,0.000589508827396439,"t.11"
"BWA",0.00286591933683831,0.000607558263734467,"t.11"
"CAF",-0.00175071058086861,0.000607603383352698,"t.11"
"CIV",-0.00849259691759458,0.000589171798428866,"t.11"
"CMR",-0.00914694272330881,0.000572535920535997,"t.11"
"COD",0.00118889609552234,0.000607603383352698,"t.11"
"COG",-0.00416344612191732,0.000607603383352698,"t.11"
"COL",-0.00303124963194554,0.000533741358809725,"t.11"
"COM",-0.000489815316347637,0.000607558263734467,"t.11"
"DOM",0.0256357536150743,0.000545556199440921,"t.11"
"ECU",3.43523798147046e-05,0.000607693339191958,"t.11"
"EGY",0.00566669176631352,0.000533429253738439,"t.11"
"ERI",0.00125976988605707,0.000589002753056442,"t.11"
"ETH",-0.00557825847459704,0.000572178923735272,"t.11"
"GAB",-0.0049007309241363,0.000607603383352698,"t.11"
"GHA",-0.00353633227510731,0.000543804464657055,"t.11"
"GIN",-0.00065098006790887,0.000589171798428866,"t.11"
"GTM",0.00619059977019236,0.000573247671833591,"t.11"
"GUY",-0.00954219065583184,0.000607693339191958,"t.11"
"HND",-0.00410815242782737,0.000607693339191958,"t.11"
"HTI",0.00538679509426429,0.000573247671833591,"t.11"
"IDN",-0.00601075931321063,0.000533040948375819,"t.11"
"IND",-0.00434569476068169,0.000573038269097005,"t.11"
"JOR",0.0077348384597045,0.000551480730394372,"t.11"
"KAZ",-0.00344776358855466,0.000589409670867526,"t.11"
"KEN",-0.00609230190906758,0.000542925837929331,"t.11"
"KGZ",0.00471832427560797,0.00060766687348831,"t.11"
"KHM",0.00472821224138811,0.000573038269097005,"t.11"
"LBR",0.00750800638712075,0.000589171798428866,"t.11"
"LKA",0.00509263889016875,0.00060766687348831,"t.11"
"LSO",-0.0131937791579073,0.000589002753056442,"t.11"
"MAR",0.00870395877125839,0.00057565488132249,"t.11"
"MDG",0.00849878572935755,0.000556879121970393,"t.11"
"MDV",-0.00380890093965558,0.00060766687348831,"t.11"
"MEX",-0.00331629901691772,0.000607693339191958,"t.11"
"MLI",0.00169986315957468,0.000557475972559927,"t.11"
"MOZ",0.00514819400529335,0.000589002753056442,"t.11"
"MRT",-0.00335515103960246,0.000607603383352698,"t.11"
"MWI",0.00236720001725432,0.000556879121970393,"t.11"
"NAM",-0.00314465956438852,0.000572178923735272,"t.11"
"NER",0.00236026925026299,0.000572535920535997,"t.11"
"NGA",0.000191734583785437,0.000572535920535997,"t.11"
"NIC",-0.0083611796919654,0.000589508827396439,"t.11"
"NPL",0.000717538681516971,0.000558315831724435,"t.11"
"PAK",0.00290620047273686,0.000589409670867526,"t.11"
"PER",-0.00542626615632525,0.000545556199440921,"t.11"
"PHL",0.00424689276595796,0.000573038269097005,"t.11"
"PRY",0.00763707579235061,0.000607693339191958,"t.11"
"RWA",0.0211208207541659,0.000542925837929331,"t.11"
"SDN",0.000456735739596343,0.000607558263734467,"t.11"
"SEN",0.00703124086439741,0.000543804464657055,"t.11"
"SLE",-0.000958862384724989,0.000607603383352698,"t.11"
"STP",0.0111357632696933,0.000607603383352698,"t.11"
"SWZ",-0.0123071648331142,0.000607558263734467,"t.11"
"TCD",-0.00244542374172205,0.000589171798428866,"t.11"
"TGO",-0.00444932510941598,0.000589171798428866,"t.11"
"THA",-0.00481913546317614,0.00060766687348831,"t.11"
"TTO",0.00340250813634805,0.000607693339191958,"t.11"
"TUN",0.00108606291338736,0.000607997578257741,"t.11"
"TUR",-0.0127718830324709,0.00057565488132249,"t.11"
"TZA",0.000209363329018367,0.000542925837929331,"t.11"
"UGA",0.00220916259429818,0.000556879121970393,"t.11"
"UZB",0.00352012327888504,0.00060766687348831,"t.11"
"VNM",0.00392031811183081,0.000589409670867526,"t.11"
"YEM",0.00410251846460427,0.000607997578257741,"t.11"
"ZAF",-0.00700361453604315,0.000607558263734467,"t.11"
"ZMB",0.000442710798879649,0.000556879121970393,"t.11"
"ZWE",-0.0111049396459787,0.000542925837929331,"t.11"
"ARM",-0.0146510361426918,0.000915500349637745,"t.12"
"AZE",-0.000241889014663432,0.00100347335798504,"t.12"
"BDI",0.00875934378807445,0.00100331821476246,"t.12"
"BEN",0.00408848600586194,0.000914819886806798,"t.12"
"BFA",-0.00156847989576056,0.000914819886806798,"t.12"
"BGD",-0.00858044893597759,0.000846604339800506,"t.12"
"BOL",-0.0124231274151044,0.000847274120257481,"t.12"
"BRA",0.0122035851763849,0.000956807342898997,"t.12"
"BWA",0.00557051249600448,0.00100331821476246,"t.12"
"CAF",-0.00251946704604094,0.0010033813522798,"t.12"
"CIV",-0.0101329370540614,0.000956333514262416,"t.12"
"CMR",-0.0118368255950344,0.000914819886806798,"t.12"
"COD",0.00260705187773066,0.0010033813522798,"t.12"
"COG",-0.00935775545048049,0.0010033813522798,"t.12"
"COL",0.00405163449491272,0.00081843346552471,"t.12"
"COM",0.00136247788369236,0.00100331821476246,"t.12"
"DOM",0.0448966268507283,0.000847274120257481,"t.12"
"ECU",0.00135163118668457,0.00100351234081339,"t.12"
"EGY",-0.0111006876109272,0.000802302099577193,"t.12"
"ERI",0.00232591056701661,0.000956105125082546,"t.12"
"ETH",-0.00676810171595938,0.000914352929527602,"t.12"
"GAB",-0.0106336093860335,0.0010033813522798,"t.12"
"GHA",0.00170877270952561,0.000845023550876037,"t.12"
"GIN",0.000610228865627345,0.000956333514262416,"t.12"
"GTM",0.00819132194906413,0.000915788661820865,"t.12"
"GUY",-0.0100015364305647,0.00100351234081339,"t.12"
"HND",-0.00530236407002159,0.00100351234081339,"t.12"
"HTI",0.00452220244293028,0.000915788661820865,"t.12"
"IDN",-0.0085647648621388,0.000817546439084828,"t.12"
"IND",-0.00932874761127284,0.000915500349637745,"t.12"
"JOR",0.00185015092131552,0.000853158672638218,"t.12"
"KAZ",-0.00354643162766997,0.000956666329178934,"t.12"
"KEN",-0.00724698720815096,0.000843938758494174,"t.12"
"KGZ",0.00856196666998811,0.00100347335798504,"t.12"
"KHM",0.00130328692850894,0.000915500349637745,"t.12"
"LBR",0.0154817586352037,0.000956333514262416,"t.12"
"LKA",0.00681134595591696,0.00100347335798504,"t.12"
"LSO",-0.0217856747564479,0.000956105125082546,"t.12"
"MAR",0.00117493449814529,0.000918321712951141,"t.12"
"MDG",0.016408659998845,0.000877196026520618,"t.12"
"MDV",-0.00714943557009717,0.00100347335798504,"t.12"
"MEX",-0.00498461936440352,0.00100351234081339,"t.12"
"MLI",0.00624888651799787,0.000877953685323343,"t.12"
"MOZ",0.00709625006917369,0.000956105125082546,"t.12"
"MRT",-0.00336938310678177,0.0010033813522798,"t.12"
"MWI",0.00511034135683765,0.000877196026520618,"t.12"
"NAM",-0.00073602685074762,0.000914352929527602,"t.12"
"NER",0.00884107620012249,0.000914819886806798,"t.12"
"NGA",0.00192061339693003,0.000914819886806798,"t.12"
"NIC",-0.0139535159609723,0.000956807342898997,"t.12"
"NPL",0.00231004513260257,0.000879057766310544,"t.12"
"PAK",0.00619892536909392,0.000956666329178934,"t.12"
"PER",-0.00645641705914806,0.000847274120257481,"t.12"
"PHL",0.0091913633677526,0.000915500349637745,"t.12"
"PRY",0.0137502734867288,0.00100351234081339,"t.12"
"RWA",0.0252266115965318,0.000843938758494174,"t.12"
"SDN",0.000119293795922105,0.00100331821476246,"t.12"
"SEN",0.0165160008420184,0.000845023550876037,"t.12"
"SLE",0.00102708579205296,0.0010033813522798,"t.12"
"STP",0.0169068984885354,0.0010033813522798,"t.12"
"SWZ",-0.023980564845183,0.00100331821476246,"t.12"
"TCD",-0.00306848757328289,0.000956333514262416,"t.12"
"TGO",-0.00400067090072369,0.000956333514262416,"t.12"
"THA",-0.00671116672525237,0.00100347335798504,"t.12"
"TTO",0.00631966220133228,0.00100351234081339,"t.12"
"TUN",-0.00191238662014103,0.00100385483586977,"t.12"
"TUR",-0.030038852202217,0.000918321712951141,"t.12"
"TZA",-0.000671771308565233,0.000843938758494174,"t.12"
"UGA",0.000597963084615194,0.000877196026520618,"t.12"
"UZB",0.00802806549777788,0.00100347335798504,"t.12"
"VNM",0.008407145953296,0.000956666329178934,"t.12"
"YEM",0.00190827991359077,0.00100385483586977,"t.12"
"ZAF",-0.00905714050169167,0.00100331821476246,"t.12"
"ZMB",-0.0033617595673982,0.000877196026520618,"t.12"
"ZWE",-0.0145236019794694,0.000843938758494174,"t.12"
"ARM",-0.0047946235463753,0.000369340550404019,"t.13"
"AZE",4.69137891852912e-05,0.000381790567235648,"t.13"
"BDI",0.0030237472296078,0.000381761957225837,"t.13"
"BEN",0.00158659156022106,0.000369207397856277,"t.13"
"BFA",-0.00121864625491778,0.000369207397856277,"t.13"
"BGD",-0.0052211377073168,0.000358612204154002,"t.13"
"BOL",-0.00380555223572242,0.000358742345509596,"t.13"
"BRA",0.00302914983765285,0.000375355699519422,"t.13"
"BWA",0.0031506020075953,0.000381761957225837,"t.13"
"CAF",-0.000938825111552765,0.000381774672066083,"t.13"
"CIV",-0.00451362906309845,0.000375271255414332,"t.13"
"CMR",-0.00529147118704562,0.000369207397856277,"t.13"
"COD",8.96823886642117e-06,0.000381774672066083,"t.13"
"COG",-0.00443478789710635,0.000381774672066083,"t.13"
"COL",-0.000214880365027253,0.000353993854763182,"t.13"
"COM",0.00127506925670501,0.000381761957225837,"t.13"
"DOM",0.0173240270551708,0.000358742345509596,"t.13"
"ECU",0.00139920300477704,0.000381796561178407,"t.13"
"EGY",0.000969581815891492,0.000352324946423152,"t.13"
"ERI",0.00172965289800208,0.000375222203936591,"t.13"
"ETH",-0.00121800481902297,0.0003691008866696,"t.13"
"GAB",-0.00437054341058341,0.000381774672066083,"t.13"
"GHA",0.001666585318133,0.000358267085924139,"t.13"
"GIN",-0.00016467466211831,0.000375271255414332,"t.13"
"GTM",0.00393526576174497,0.000369390761176921,"t.13"
"GUY",-0.00383685483721029,0.000381796561178407,"t.13"
"HND",-0.00218729957419032,0.000381796561178407,"t.13"
"HTI",0.00196159940532523,0.000369390761176921,"t.13"
"IDN",-0.00324557248446816,0.000353812670663452,"t.13"
"IND",-0.00470158162657132,0.000369340550404019,"t.13"
"JOR",0.000632886208911054,0.000360234008374898,"t.13"
"KAZ",-0.000219886932638408,0.000375332576008303,"t.13"
"KEN",-0.00334767567405574,0.000357991019466305,"t.13"
"KGZ",0.00280133995658509,0.000381790567235648,"t.13"
"KHM",-0.00175319099484727,0.000369340550404019,"t.13"
"LBR",0.00622115467719874,0.000375271255414332,"t.13"
"LKA",0.00112019577191741,0.000381790567235648,"t.13"
"LSO",-0.00747473142980021,0.000375222203936591,"t.13"
"MAR",0.0026960438797082,0.000369966270361022,"t.13"
"MDG",0.00624188294689761,0.00036336667654698,"t.13"
"MDV",-0.00355511597391626,0.000381790567235648,"t.13"
"MEX",-0.00234603519619453,0.000381796561178407,"t.13"
"MLI",0.00101996598197013,0.000363549529912883,"t.13"
"MOZ",0.00226188644354052,0.000375222203936591,"t.13"
"MRT",-0.0007230756454783,0.000381774672066083,"t.13"
"MWI",0.00415901292672732,0.00036336667654698,"t.13"
"NAM",0.00133007054861864,0.0003691008866696,"t.13"
"NER",0.00148997505910524,0.000369207397856277,"t.13"
"NGA",-0.000353747830542322,0.000369207397856277,"t.13"
"NIC",-0.00511075250348605,0.000375355699519422,"t.13"
"NPL",0.000848692461608657,0.000363778119906974,"t.13"
"PAK",0.000289919690976491,0.000375332576008303,"t.13"
"PER",-0.00111035392362477,0.000358742345509596,"t.13"
"PHL",0.00236516334012341,0.000369340550404019,"t.13"
"PRY",0.00417476537681038,0.000381796561178407,"t.13"
"RWA",0.00989005975767209,0.000357991019466305,"t.13"
"SDN",-0.000206455077436336,0.000381761957225837,"t.13"
"SEN",0.00602200639828186,0.000358267085924139,"t.13"
"SLE",-0.000243014697511777,0.000381774672066083,"t.13"
"STP",0.00575120101726495,0.000381774672066083,"t.13"
"SWZ",-0.0106473361801112,0.000381761957225837,"t.13"
"TCD",-0.00190132681974251,0.000375271255414332,"t.13"
"TGO",-0.0015556615761335,0.000375271255414332,"t.13"
"THA",-0.00230678486618923,0.000381790567235648,"t.13"
"TTO",0.00143608743324632,0.000381796561178407,"t.13"
"TUN",0.000619574562053837,0.000381865262951094,"t.13"
"TUR",-0.00770647953909947,0.000369966270361022,"t.13"
"TZA",0.000515673330838946,0.000357991019466305,"t.13"
"UGA",-0.00128918685609281,0.00036336667654698,"t.13"
"UZB",0.00259615880797421,0.000381790567235648,"t.13"
"VNM",0.00330586847221412,0.000375332576008303,"t.13"
"YEM",0.00243970152760214,0.000381865262951094,"t.13"
"ZAF",-0.00213315594521951,0.000381761957225837,"t.13"
"ZMB",-0.00209478220648773,0.00036336667654698,"t.13"
"ZWE",-0.00509940910579233,0.000357991019466305,"t.13"
"ARM",0,0,"t.14"
"AZE",0,0,"t.14"
"BDI",0,0,"t.14"
"BEN",0,0,"t.14"
"BFA",0,0,"t.14"
"BGD",0,0,"t.14"
"BOL",0,0,"t.14"
"BRA",0,0,"t.14"
"BWA",0,0,"t.14"
"CAF",0,0,"t.14"
"CIV",0,0,"t.14"
"CMR",0,0,"t.14"
"COD",0,0,"t.14"
"COG",0,0,"t.14"
"COL",0,0,"t.14"
"COM",0,0,"t.14"
"DOM",0,0,"t.14"
"ECU",0,0,"t.14"
"EGY",0,0,"t.14"
"ERI",0,0,"t.14"
"ETH",0,0,"t.14"
"GAB",0,0,"t.14"
"GHA",0,0,"t.14"
"GIN",0,0,"t.14"
"GTM",0,0,"t.14"
"GUY",0,0,"t.14"
"HND",0,0,"t.14"
"HTI",0,0,"t.14"
"IDN",0,0,"t.14"
"IND",0,0,"t.14"
"JOR",0,0,"t.14"
"KAZ",0,0,"t.14"
"KEN",0,0,"t.14"
"KGZ",0,0,"t.14"
"KHM",0,0,"t.14"
"LBR",0,0,"t.14"
"LKA",0,0,"t.14"
"LSO",0,0,"t.14"
"MAR",0,0,"t.14"
"MDG",0,0,"t.14"
"MDV",0,0,"t.14"
"MEX",0,0,"t.14"
"MLI",0,0,"t.14"
"MOZ",0,0,"t.14"
"MRT",0,0,"t.14"
"MWI",0,0,"t.14"
"NAM",0,0,"t.14"
"NER",0,0,"t.14"
"NGA",0,0,"t.14"
"NIC",0,0,"t.14"
"NPL",0,0,"t.14"
"PAK",0,0,"t.14"
"PER",0,0,"t.14"
"PHL",0,0,"t.14"
"PRY",0,0,"t.14"
"RWA",0,0,"t.14"
"SDN",0,0,"t.14"
"SEN",0,0,"t.14"
"SLE",0,0,"t.14"
"STP",0,0,"t.14"
"SWZ",0,0,"t.14"
"TCD",0,0,"t.14"
"TGO",0,0,"t.14"
"THA",0,0,"t.14"
"TTO",0,0,"t.14"
"TUN",0,0,"t.14"
"TUR",0,0,"t.14"
"TZA",0,0,"t.14"
"UGA",0,0,"t.14"
"UZB",0,0,"t.14"
"VNM",0,0,"t.14"
"YEM",0,0,"t.14"
"ZAF",0,0,"t.14"
"ZMB",0,0,"t.14"
"ZWE",0,0,"t.14"
"ARM",0,0,"t.15"
"AZE",0,0,"t.15"
"BDI",0,0,"t.15"
"BEN",0,0,"t.15"
"BFA",0,0,"t.15"
"BGD",0,0,"t.15"
"BOL",0,0,"t.15"
"BRA",0,0,"t.15"
"BWA",0,0,"t.15"
"CAF",0,0,"t.15"
"CIV",0,0,"t.15"
"CMR",0,0,"t.15"
"COD",0,0,"t.15"
"COG",0,0,"t.15"
"COL",0,0,"t.15"
"COM",0,0,"t.15"
"DOM",0,0,"t.15"
"ECU",0,0,"t.15"
"EGY",0,0,"t.15"
"ERI",0,0,"t.15"
"ETH",0,0,"t.15"
"GAB",0,0,"t.15"
"GHA",0,0,"t.15"
"GIN",0,0,"t.15"
"GTM",0,0,"t.15"
"GUY",0,0,"t.15"
"HND",0,0,"t.15"
"HTI",0,0,"t.15"
"IDN",0,0,"t.15"
"IND",0,0,"t.15"
"JOR",0,0,"t.15"
"KAZ",0,0,"t.15"
"KEN",0,0,"t.15"
"KGZ",0,0,"t.15"
"KHM",0,0,"t.15"
"LBR",0,0,"t.15"
"LKA",0,0,"t.15"
"LSO",0,0,"t.15"
"MAR",0,0,"t.15"
"MDG",0,0,"t.15"
"MDV",0,0,"t.15"
"MEX",0,0,"t.15"
"MLI",0,0,"t.15"
"MOZ",0,0,"t.15"
"MRT",0,0,"t.15"
"MWI",0,0,"t.15"
"NAM",0,0,"t.15"
"NER",0,0,"t.15"
"NGA",0,0,"t.15"
"NIC",0,0,"t.15"
"NPL",0,0,"t.15"
"PAK",0,0,"t.15"
"PER",0,0,"t.15"
"PHL",0,0,"t.15"
"PRY",0,0,"t.15"
"RWA",0,0,"t.15"
"SDN",0,0,"t.15"
"SEN",0,0,"t.15"
"SLE",0,0,"t.15"
"STP",0,0,"t.15"
"SWZ",0,0,"t.15"
"TCD",0,0,"t.15"
"TGO",0,0,"t.15"
"THA",0,0,"t.15"
"TTO",0,0,"t.15"
"TUN",0,0,"t.15"
"TUR",0,0,"t.15"
"TZA",0,0,"t.15"
"UGA",0,0,"t.15"
"UZB",0,0,"t.15"
"VNM",0,0,"t.15"
"YEM",0,0,"t.15"
"ZAF",0,0,"t.15"
"ZMB",0,0,"t.15"
"ZWE",0,0,"t.15"
"ARM",-1.4201673207164e-14,5.01458933784453e-15,"t.16"
"AZE",-9.13568559970517e-15,5.01458933784674e-15,"t.16"
"BDI",1.48318709414637e-14,5.01458933784674e-15,"t.16"
"BEN",1.01178089414443e-14,5.01458933784452e-15,"t.16"
"BFA",2.02990768515453e-15,5.01458933784452e-15,"t.16"
"BGD",-5.55813997049914e-14,5.01458933784244e-15,"t.16"
"BOL",-2.40621081082864e-14,5.01458933784245e-15,"t.16"
"BRA",4.38945658695656e-14,5.01458933784563e-15,"t.16"
"BWA",5.07182401237651e-14,5.01458933784674e-15,"t.16"
"CAF",-1.50830661043108e-14,5.01458933784674e-15,"t.16"
"CIV",-5.63509397765131e-14,5.01458933784562e-15,"t.16"
"CMR",-5.55425746448244e-14,5.01458933784452e-15,"t.16"
"COD",-3.17437908838439e-14,5.01458933784674e-15,"t.16"
"COG",-8.55813841606311e-14,5.01458933784674e-15,"t.16"
"COL",-3.77505874178506e-14,5.01458933784146e-15,"t.16"
"COM",4.45497429667207e-14,5.01458933784674e-15,"t.16"
"DOM",2.35794548897676e-13,5.01458933784245e-15,"t.16"
"ECU",3.4002889342434e-14,5.01458933784674e-15,"t.16"
"EGY",4.42867373833053e-14,5.01458933784072e-15,"t.16"
"ERI",2.1709130344498e-14,5.01458933784561e-15,"t.16"
"ETH",-6.21179785512212e-15,5.01458933784451e-15,"t.16"
"GAB",-4.82793140283316e-14,5.01458933784674e-15,"t.16"
"GHA",4.37099323268711e-15,5.01458933784241e-15,"t.16"
"GIN",-3.09406720072217e-15,5.01458933784562e-15,"t.16"
"GTM",8.56291739689778e-14,5.01458933784453e-15,"t.16"
"GUY",-3.98268941026307e-14,5.01458933784674e-15,"t.16"
"HND",-2.17669810899932e-14,5.01458933784674e-15,"t.16"
"HTI",4.31508908764229e-14,5.01458933784453e-15,"t.16"
"IDN",3.01905964941661e-15,5.01458933784144e-15,"t.16"
"IND",-5.89871676038333e-14,5.01458933784453e-15,"t.16"
"JOR",-3.1096786984601e-14,5.01458933784257e-15,"t.16"
"KAZ",2.20243077123314e-14,5.01458933784562e-15,"t.16"
"KEN",-4.25638232993885e-14,5.01458933784238e-15,"t.16"
"KGZ",3.10564007193326e-14,5.01458933784674e-15,"t.16"
"KHM",-4.59099212315092e-14,5.01458933784453e-15,"t.16"
"LBR",7.53625548043611e-14,5.01458933784562e-15,"t.16"
"LKA",-9.20906138184931e-15,5.01458933784674e-15,"t.16"
"LSO",-1.0089500361151e-13,5.01458933784561e-15,"t.16"
"MAR",1.21247611426881e-14,5.01458933784458e-15,"t.16"
"MDG",9.14800999279484e-14,5.01458933784343e-15,"t.16"
"MDV",-2.8128798830607e-14,5.01458933784674e-15,"t.16"
"MEX",-9.763921149738e-15,5.01458933784674e-15,"t.16"
"MLI",3.00569704435748e-14,5.01458933784345e-15,"t.16"
"MOZ",6.09222089419952e-15,5.01458933784561e-15,"t.16"
"MRT",2.25125425709312e-15,5.01458933784674e-15,"t.16"
"MWI",7.39987784807975e-14,5.01458933784343e-15,"t.16"
"NAM",4.94171072821111e-14,5.01458933784451e-15,"t.16"
"NER",2.37500729314467e-14,5.01458933784452e-15,"t.16"
"NGA",-2.59928845734833e-14,5.01458933784452e-15,"t.16"
"NIC",-6.28763953921985e-14,5.01458933784563e-15,"t.16"
"NPL",5.00180403422585e-14,5.01458933784347e-15,"t.16"
"PAK",1.62386657617001e-14,5.01458933784562e-15,"t.16"
"PER",-2.86145177896429e-15,5.01458933784245e-15,"t.16"
"PHL",5.25753176075336e-14,5.01458933784453e-15,"t.16"
"PRY",3.59464501501385e-14,5.01458933784674e-15,"t.16"
"RWA",-1.73923718572674e-14,5.01458933784238e-15,"t.16"
"SDN",5.25415024313056e-15,5.01458933784674e-15,"t.16"
"SEN",8.56082546404336e-14,5.01458933784241e-15,"t.16"
"SLE",9.51278652674113e-16,5.01458933784674e-15,"t.16"
"STP",1.61800257314078e-14,5.01458933784674e-15,"t.16"
"SWZ",-1.58746099058626e-13,5.01458933784674e-15,"t.16"
"TCD",-3.20379583040779e-14,5.01458933784562e-15,"t.16"
"TGO",-1.13104688709285e-14,5.01458933784562e-15,"t.16"
"THA",-1.39814341572992e-14,5.01458933784674e-15,"t.16"
"TTO",-2.1416130599402e-15,5.01458933784674e-15,"t.16"
"TUN",2.31296081015193e-14,5.01458933784675e-15,"t.16"
"TUR",-1.00958534366667e-13,5.01458933784458e-15,"t.16"
"TZA",1.1409903409299e-15,5.01458933784238e-15,"t.16"
"UGA",-2.37147021325212e-14,5.01458933784343e-15,"t.16"
"UZB",1.68043586882117e-14,5.01458933784674e-15,"t.16"
"VNM",3.48332304578738e-14,5.01458933784562e-15,"t.16"
"YEM",3.43982243304799e-14,5.01458933784675e-15,"t.16"
"ZAF",1.83882016098767e-18,5.01458933784674e-15,"t.16"
"ZMB",-7.79897619129197e-14,5.01458933784343e-15,"t.16"
"ZWE",-6.80300992450265e-14,5.01458933784238e-15,"t.16"
"ARM",-2.02394657307775e-17,6.97250506904448e-18,"t.17"
"AZE",-1.89950375159328e-17,6.97250506904449e-18,"t.17"
"BDI",1.54412995029266e-17,6.97250506904449e-18,"t.17"
"BEN",1.71559911552607e-17,6.97250506904448e-18,"t.17"
"BFA",2.67766705663839e-17,6.97250506904448e-18,"t.17"
"BGD",-1.37956952029031e-16,6.97250506904447e-18,"t.17"
"BOL",-3.31046983006701e-17,6.97250506904447e-18,"t.17"
"BRA",3.99377203925914e-17,6.97250506904449e-18,"t.17"
"BWA",9.37600436171193e-17,6.97250506904449e-18,"t.17"
"CAF",-1.74219450636919e-17,6.97250506904449e-18,"t.17"
"CIV",-7.03018331892934e-17,6.97250506904449e-18,"t.17"
"CMR",-7.27893902168966e-17,6.97250506904448e-18,"t.17"
"COD",-5.98949937802461e-17,6.97250506904449e-18,"t.17"
"COG",-1.30172560484307e-16,6.97250506904449e-18,"t.17"
"COL",-6.30347516030688e-18,6.97250506904447e-18,"t.17"
"COM",6.51342968229165e-17,6.97250506904449e-18,"t.17"
"DOM",2.8616947619771e-16,6.97250506904447e-18,"t.17"
"ECU",3.06715715430209e-17,6.97250506904449e-18,"t.17"
"EGY",1.26867836230064e-16,6.97250506904447e-18,"t.17"
"ERI",4.96982347052762e-17,6.97250506904449e-18,"t.17"
"ETH",1.79852229805116e-17,6.97250506904448e-18,"t.17"
"GAB",-6.86201612570303e-17,6.97250506904449e-18,"t.17"
"GHA",-7.37084688234416e-18,6.97250506904447e-18,"t.17"
"GIN",-1.5398453879486e-18,6.97250506904449e-18,"t.17"
"GTM",9.51004537627324e-17,6.97250506904448e-18,"t.17"
"GUY",-5.87223984345952e-17,6.97250506904449e-18,"t.17"
"HND",-1.34337427687343e-17,6.97250506904449e-18,"t.17"
"HTI",5.78196951864477e-17,6.97250506904448e-18,"t.17"
"IDN",-3.83198400716216e-17,6.97250506904447e-18,"t.17"
"IND",-1.06261792619678e-16,6.97250506904448e-18,"t.17"
"JOR",-6.53627099201916e-17,6.97250506904447e-18,"t.17"
"KAZ",2.7641613312798e-17,6.97250506904449e-18,"t.17"
"KEN",-4.85231243090604e-17,6.97250506904447e-18,"t.17"
"KGZ",3.16016500346934e-17,6.97250506904449e-18,"t.17"
"KHM",-8.09475530860016e-17,6.97250506904448e-18,"t.17"
"LBR",8.58164975357908e-17,6.97250506904449e-18,"t.17"
"LKA",-2.90967207590043e-17,6.97250506904449e-18,"t.17"
"LSO",-1.34139264845833e-16,6.97250506904449e-18,"t.17"
"MAR",1.13636621408271e-17,6.97250506904448e-18,"t.17"
"MDG",1.3988807187824e-16,6.97250506904448e-18,"t.17"
"MDV",-3.41570354465548e-17,6.97250506904449e-18,"t.17"
"MEX",-1.48439293268067e-17,6.97250506904449e-18,"t.17"
"MLI",4.56592251362013e-17,6.97250506904448e-18,"t.17"
"MOZ",2.9500858417286e-17,6.97250506904449e-18,"t.17"
"MRT",4.88822794033553e-18,6.97250506904449e-18,"t.17"
"MWI",1.56134720913984e-16,6.97250506904448e-18,"t.17"
"NAM",1.05331714149573e-16,6.97250506904448e-18,"t.17"
"NER",1.61783286702258e-17,6.97250506904448e-18,"t.17"
"NGA",-6.89268862344971e-17,6.97250506904448e-18,"t.17"
"NIC",-7.49577628317011e-17,6.97250506904449e-18,"t.17"
"NPL",4.2573709556441e-17,6.97250506904448e-18,"t.17"
"PAK",-2.17756203042881e-17,6.97250506904449e-18,"t.17"
"PER",2.19350420999887e-17,6.97250506904447e-18,"t.17"
"PHL",4.50066672165773e-17,6.97250506904448e-18,"t.17"
"PRY",4.67868772726692e-17,6.97250506904449e-18,"t.17"
"RWA",-7.38563864970777e-17,6.97250506904447e-18,"t.17"
"SDN",1.11859731948735e-17,6.97250506904449e-18,"t.17"
"SEN",1.43205245076172e-16,6.97250506904447e-18,"t.17"
"SLE",1.05586667528659e-17,6.97250506904449e-18,"t.17"
"STP",1.80070593254682e-17,6.97250506904449e-18,"t.17"
"SWZ",-2.05839765223578e-16,6.97250506904449e-18,"t.17"
"TCD",-5.00334979314563e-17,6.97250506904449e-18,"t.17"
"TGO",-6.83334477609404e-18,6.97250506904449e-18,"t.17"
"THA",-2.84239680043778e-17,6.97250506904449e-18,"t.17"
"TTO",-5.256783647203e-18,6.97250506904449e-18,"t.17"
"TUN",3.94955696255161e-17,6.97250506904449e-18,"t.17"
"TUR",-1.13960927113791e-16,6.97250506904448e-18,"t.17"
"TZA",3.43139859031802e-17,6.97250506904447e-18,"t.17"
"UGA",-4.16995456891782e-17,6.97250506904448e-18,"t.17"
"UZB",1.88550345066315e-17,6.97250506904449e-18,"t.17"
"VNM",3.8578536328063e-17,6.97250506904449e-18,"t.17"
"YEM",6.2221893204492e-17,6.97250506904449e-18,"t.17"
"ZAF",3.29794732527205e-17,6.97250506904449e-18,"t.17"
"ZMB",-1.14409221148587e-16,6.97250506904448e-18,"t.17"
"ZWE",-6.77337901200373e-17,6.97250506904447e-18,"t.17"
"ARM",0.000883264883301859,0.000453132674067614,"t.18"
"AZE",-0.00130174357053405,0.000472538349509476,"t.18"
"BDI",0.000982148588013633,0.00047250523589651,"t.18"
"BEN",0.00250769837051792,0.000452981647120289,"t.18"
"BFA",0.00320118553025307,0.000452981647120289,"t.18"
"BGD",-0.00505607625247282,0.000436461104471199,"t.18"
"BOL",-0.0045115608406643,0.00043660626098224,"t.18"
"BRA",0.00221592272722073,0.000462487320859779,"t.18"
"BWA",0.00734627030196608,0.00047250523589651,"t.18"
"CAF",-0.00239681740028583,0.00047251999466633,"t.18"
"CIV",-0.00415256412537862,0.000462390702410403,"t.18"
"CMR",-0.00262035618786865,0.000452981647120289,"t.18"
"COD",-0.00428471343019665,0.00047251999466633,"t.18"
"COG",-0.00894138197397472,0.00047251999466633,"t.18"
"COL",-0.0024546791498988,0.000429203985089267,"t.18"
"COM",0.0056816580046193,0.00047250523589651,"t.18"
"DOM",0.0168849284460727,0.00043660626098224,"t.18"
"ECU",0.000168335506329655,0.000472545269460496,"t.18"
"EGY",-0.001727406993868,0.000425016956263595,"t.18"
"ERI",0.00377959099521176,0.000462334283772717,"t.18"
"ETH",0.00084351247832308,0.000452860209310425,"t.18"
"GAB",-0.00320987460809296,0.00047251999466633,"t.18"
"GHA",0.00337606825627079,0.000436076083683614,"t.18"
"GIN",0.000177608919354081,0.000462390702410403,"t.18"
"GTM",0.00475712169011321,0.000453189612667954,"t.18"
"GUY",-0.00461232070681795,0.000472545269460496,"t.18"
"HND",-0.00139578050521504,0.000472545269460496,"t.18"
"HTI",0.00129794210518242,0.000453189612667954,"t.18"
"IDN",0.0025164024568298,0.000429003469519962,"t.18"
"IND",-0.00508955419838333,0.000453132674067614,"t.18"
"JOR",-0.0100447625570575,0.000438096415372249,"t.18"
"KAZ",0.00271828511218519,0.00046246086782784,"t.18"
"KEN",-0.0026213731391849,0.000435766496010523,"t.18"
"KGZ",0.00214101188909214,0.000472538349509476,"t.18"
"KHM",-0.00309102285895386,0.000453132674067614,"t.18"
"LBR",0.00479797458616686,0.000462390702410403,"t.18"
"LKA",-0.00171570264695227,0.000472538349509476,"t.18"
"LSO",-0.00882562519296027,0.000462334283772717,"t.18"
"MAR",-0.00543499501485692,0.000453774135571192,"t.18"
"MDG",0.00946452041698383,0.000444022364697144,"t.18"
"MDV",-0.00112214029344231,0.000472538349509476,"t.18"
"MEX",-0.00171471408156329,0.000472545269460496,"t.18"
"MLI",0.00446389930003227,0.000444229091912734,"t.18"
"MOZ",0.00118736594352189,0.000462334283772717,"t.18"
"MRT",0.000996998505307196,0.00047251999466633,"t.18"
"MWI",0.00934827155347947,0.000444022364697144,"t.18"
"NAM",0.00914707250303833,0.000452860209310425,"t.18"
"NER",0.00163230400490921,0.000452981647120289,"t.18"
"NGA",-0.003510616679184,0.000452981647120289,"t.18"
"NIC",-0.00334462671355066,0.000462487320859779,"t.18"
"NPL",0.00666833849608031,0.000444486189601948,"t.18"
"PAK",0.0014655216468397,0.00046246086782784,"t.18"
"PER",-0.00218276460919377,0.00043660626098224,"t.18"
"PHL",0.00567374811792116,0.000453132674067614,"t.18"
"PRY",0.00144370630537196,0.000472545269460496,"t.18"
"RWA",-0.00761574610929857,0.000435766496010523,"t.18"
"SDN",0.000790498767067722,0.00047250523589651,"t.18"
"SEN",0.0109066225476461,0.000436076083683614,"t.18"
"SLE",0.00186987283479798,0.00047251999466633,"t.18"
"STP",-0.00127810453205513,0.00047251999466633,"t.18"
"SWZ",-0.011882944040108,0.00047250523589651,"t.18"
"TCD",-0.00371359995824653,0.000462390702410403,"t.18"
"TGO",0.000956409929119857,0.000462390702410403,"t.18"
"THA",-0.000994739878909885,0.000472538349509476,"t.18"
"TTO",-0.000427620663446283,0.000472545269460496,"t.18"
"TUN",0.00146845137865966,0.00047261630861208,"t.18"
"TUR",-0.0108921709689235,0.000453774135571192,"t.18"
"TZA",0.0022925333455776,0.000435766496010523,"t.18"
"UGA",-0.00372131777261513,0.000444022364697144,"t.18"
"UZB",0.00177737487428477,0.000472538349509476,"t.18"
"VNM",0.00334396471695539,0.00046246086782784,"t.18"
"YEM",0.00208121764945401,0.00047261630861208,"t.18"
"ZAF",0.00368773508108157,0.00047250523589651,"t.18"
"ZMB",-0.00808361860707271,0.000444022364697144,"t.18"
"ZWE",-0.00297032250392298,0.000435766496010523,"t.18"
"ARM",0.00811428777337375,0.00111028315894506,"t.19"
"AZE",-0.00178589395317645,0.0012324958098855,"t.19"
"BDI",0.00169669311756612,0.00123208860939758,"t.19"
"BEN",0.00611454078898503,0.00110847669015163,"t.19"
"BFA",0.0120436477398468,0.00110847669015163,"t.19"
"BGD",-0.0195210462404326,0.0010195006569969,"t.19"
"BOL",-0.00674075165323569,0.00102138713628838,"t.19"
"BRA",0.00275652142600252,0.00116700998712818,"t.19"
"BWA",0.0201415256499848,0.00123208860939758,"t.19"
"CAF",-0.00832465705416877,0.00123224324671249,"t.19"
"CIV",-0.00817568973016453,0.0011656976485668,"t.19"
"CMR",-0.00880232055984732,0.00110847669015163,"t.19"
"COD",-0.0139698582553001,0.00123224324671249,"t.19"
"COG",-0.0256904456320224,0.00123224324671249,"t.19"
"COL",-0.00351052350477779,0.000984988839190222,"t.19"
"COM",0.0150341455772198,0.00123208860939758,"t.19"
"DOM",0.0385900172014047,0.00102138713628838,"t.19"
"ECU",-0.0012012332213813,0.00123261248692917,"t.19"
"EGY",0.0257620488216224,0.000983998280498394,"t.19"
"ERI",0.00807431892700541,0.00116514804291114,"t.19"
"ETH",0.00359605274537026,0.00110737064020637,"t.19"
"GAB",-0.0060891840876829,0.00123224324671249,"t.19"
"GHA",-0.00269185353396038,0.00101541711853322,"t.19"
"GIN",-0.00171412730438416,0.0011656976485668,"t.19"
"GTM",0.0161150011007728,0.00111111769644232,"t.19"
"GUY",-0.0100894932191188,0.00123261248692917,"t.19"
"HND",-0.00119333356561132,0.00123261248692917,"t.19"
"HTI",0.00500942197359165,0.00111111769644232,"t.19"
"IDN",0.00156109287911137,0.000982519932547269,"t.19"
"IND",-0.0153144269278397,0.00111028315894506,"t.19"
"JOR",-0.0188887386161472,0.00104046302548739,"t.19"
"KAZ",0.00285870515937063,0.00116659529832473,"t.19"
"KEN",-0.00933365775701916,0.0010129168829849,"t.19"
"KGZ",0.00361337521681487,0.0012324958098855,"t.19"
"KHM",-0.00770335935064398,0.00111028315894506,"t.19"
"LBR",0.0128470192376691,0.0011656976485668,"t.19"
"LKA",-0.00815790163536592,0.0012324958098855,"t.19"
"LSO",-0.0229875964851426,0.00116514804291114,"t.19"
"MAR",0.00137072679103791,0.00111955645582987,"t.19"
"MDG",0.0218593527131144,0.00105706347708799,"t.19"
"MDV",-0.00341422074249716,0.0012324958098855,"t.19"
"MEX",-0.00411563003195271,0.00123261248692917,"t.19"
"MLI",0.013761855876374,0.00105883258580045,"t.19"
"MOZ",0.00313854690293749,0.00116514804291114,"t.19"
"MRT",0.0012274451248474,0.00123224324671249,"t.19"
"MWI",0.0258953769023933,0.00105706347708799,"t.19"
"NAM",0.0183565099419366,0.00110737064020637,"t.19"
"NER",-0.00200403018950732,0.00110847669015163,"t.19"
"NGA",-0.0136181118197653,0.00110847669015163,"t.19"
"NIC",-0.00387142781044035,0.00116700998712818,"t.19"
"NPL",0.0131028684861157,0.00106172200295101,"t.19"
"PAK",-0.00242735874128657,0.00116659529832473,"t.19"
"PER",-0.000241577673294946,0.00102138713628838,"t.19"
"PHL",0.00800977090961575,0.00111028315894506,"t.19"
"PRY",0.00367254734974366,0.00123261248692917,"t.19"
"RWA",-0.0274791991713935,0.0010129168829849,"t.19"
"SDN",0.000490317819281155,0.00123208860939758,"t.19"
"SEN",0.0255434717197779,0.00101541711853322,"t.19"
"SLE",0.00424471357247919,0.00123224324671249,"t.19"
"STP",-0.0127686554581883,0.00123224324671249,"t.19"
"SWZ",-0.0256412900723702,0.00123208860939758,"t.19"
"TCD",-0.00954244058815831,0.0011656976485668,"t.19"
"TGO",0.00356681058334089,0.0011656976485668,"t.19"
"THA",-0.00433268025332858,0.0012324958098855,"t.19"
"TTO",-0.00337899782387903,0.00123261248692917,"t.19"
"TUN",0.00988567616547874,0.0012337923134808,"t.19"
"TUR",-0.0130938738440574,0.00111955645582987,"t.19"
"TZA",0.003852111744226,0.0010129168829849,"t.19"
"UGA",-0.00963903681156716,0.00105706347708799,"t.19"
"UZB",0.00190486312323874,0.0012324958098855,"t.19"
"VNM",0.00680789069257073,0.00116659529832473,"t.19"
"YEM",0.0125741682274175,0.0012337923134808,"t.19"
"ZAF",0.0127565798146704,0.00123208860939758,"t.19"
"ZMB",-0.0239705178834685,0.00105706347708799,"t.19"
"ZWE",-0.0145248785937137,0.0010129168829849,"t.19"
"ARM",0.0115149495890333,0.00153016323888542,"t.20"
"AZE",0.000101092566726784,0.00176941121204499,"t.20"
"BDI",-0.00129283328387582,0.00176860197542925,"t.20"
"BEN",0.0103622988759698,0.0015267234581543,"t.20"
"BFA",0.0165620667881389,0.0015267234581543,"t.20"
"BGD",-0.0218924976518092,0.00136466610689795,"t.20"
"BOL",-0.0162053657320024,0.00136824302249288,"t.20"
"BRA",-0.00199043924834542,0.00163879095433421,"t.20"
"BWA",0.0359688465893189,0.00176860197542925,"t.20"
"CAF",-0.0142932900870161,0.00176888508665122,"t.20"
"CIV",-0.00346731248249432,0.00163612982907458,"t.20"
"CMR",-0.000509852546034703,0.0015267234581543,"t.20"
"COD",-0.0196948630010838,0.00176888508665122,"t.20"
"COG",-0.0285015031966877,0.00176888508665122,"t.20"
"COL",-0.0100334635062151,0.00130446476158905,"t.20"
"COM",0.021481614146801,0.00176860197542925,"t.20"
"DOM",0.0452833615043452,0.00136824302249288,"t.20"
"ECU",-0.00957681800227071,0.00176967063957276,"t.20"
"EGY",0.0171523156259992,0.00129960951383957,"t.20"
"ERI",0.00831856539272909,0.00163517076647877,"t.20"
"ETH",-0.00149899710299296,0.00152487249156413,"t.20"
"GAB",0.00164890636324869,0.00176888508665122,"t.20"
"GHA",0.0134220387227515,0.00135741203427876,"t.20"
"GIN",0.00219386422199311,0.00163612982907458,"t.20"
"GTM",0.0176813362162954,0.0015318593627025,"t.20"
"GUY",-0.0217672035944369,0.00176967063957276,"t.20"
"HND",-0.00107880800043475,0.00176967063957276,"t.20"
"HTI",0.00641068050588117,0.0015318593627025,"t.20"
"IDN",0.00233650914508953,0.00129991792119248,"t.20"
"IND",-0.0193736102054867,0.00153016323888542,"t.20"
"JOR",-0.0386880078279324,0.0014008071337536,"t.20"
"KAZ",0.00226894811659389,0.0016379121222043,"t.20"
"KEN",-0.0182652623156476,0.00135350857440431,"t.20"
"KGZ",0.00250175180573913,0.00176941121204499,"t.20"
"KHM",-0.00660159302862072,0.00153016323888542,"t.20"
"LBR",0.0204634622762009,0.00163612982907458,"t.20"
"LKA",-0.0108838430440265,0.00176941121204499,"t.20"
"LSO",-0.0265756028194786,0.00163517076647877,"t.20"
"MAR",-0.0156158995414007,0.00154730081308777,"t.20"
"MDG",0.0239580044824116,0.0014322765660181,"t.20"
"MDV",-0.00298579710039115,0.00176941121204499,"t.20"
"MEX",-0.00765504105867073,0.00176967063957276,"t.20"
"MLI",0.0264978673348055,0.00143513017438453,"t.20"
"MOZ",0.000550478771710773,0.00163517076647877,"t.20"
"MRT",0.00587952356909273,0.00176888508665122,"t.20"
"MWI",0.0258951297872634,0.0014322765660181,"t.20"
"NAM",0.0335551081535521,0.00152487249156413,"t.20"
"NER",0.00489556329670818,0.0015267234581543,"t.20"
"NGA",-0.016223207586292,0.0015267234581543,"t.20"
"NIC",0.00314104306264342,0.00163879095433421,"t.20"
"NPL",0.0209535191488685,0.00144043323448575,"t.20"
"PAK",0.000822030328371046,0.0016379121222043,"t.20"
"PER",-0.00612714664832951,0.00136824302249288,"t.20"
"PHL",0.0128390264146996,0.00153016323888542,"t.20"
"PRY",-0.00015021177023919,0.00176967063957276,"t.20"
"RWA",-0.0523656076624187,0.00135350857440431,"t.20"
"SDN",0.000135106247862038,0.00176860197542925,"t.20"
"SEN",0.0426631492687144,0.00135741203427876,"t.20"
"SLE",0.0129439553255173,0.00176888508665122,"t.20"
"STP",-0.00281338764495961,0.00176888508665122,"t.20"
"SWZ",-0.0275722791619658,0.00176860197542925,"t.20"
"TCD",-0.0155682593495014,0.00163612982907458,"t.20"
"TGO",0.0103404676993923,0.00163612982907458,"t.20"
"THA",-0.00363955542173097,0.00176941121204499,"t.20"
"TTO",-0.0072516974372205,0.00176967063957276,"t.20"
"TUN",0.00781520008004756,0.00177203245847908,"t.20"
"TUR",-0.0241963234191118,0.00154730081308777,"t.20"
"TZA",0.00482729150897767,0.00135350857440431,"t.20"
"UGA",-0.0199270470995482,0.0014322765660181,"t.20"
"UZB",0.00239265594974002,0.00176941121204499,"t.20"
"VNM",0.00937240660534309,0.0016379121222043,"t.20"
"YEM",0.0143167454874342,0.00177203245847908,"t.20"
"ZAF",0.0239218116922852,0.00176860197542925,"t.20"
"ZMB",-0.0399207768002411,0.0014322765660181,"t.20"
"ZWE",-0.00918528828937129,0.00135350857440431,"t.20"
"ARM",0.0309372030355982,0.00222210567192388,"t.21"
"AZE",0.00783499703427931,0.00281606602013088,"t.21"
"BDI",-0.000504536677269943,0.00281581885517395,"t.21"
"BEN",0.00644227525548288,0.00222096331478927,"t.21"
"BFA",0.0250617003582023,0.00222096331478927,"t.21"
"BGD",-0.0515899576270112,0.00184781183642401,"t.21"
"BOL",0.0103093956547235,0.0018490985742121,"t.21"
"BRA",0.0409540993843042,0.00281619060299433,"t.21"
"CAF",-0.0256513082507892,0.00281585874195776,"t.21"
"CIV",-0.00565527922389978,0.00248047145792029,"t.21"
"CMR",-0.00242545309686952,0.00222096331478927,"t.21"
"COD",-0.0344048708767646,0.00281585874195776,"t.21"
"COG",-0.0476895368513323,0.00281585874195776,"t.21"
"COL",-0.0152182780686828,0.00170977709092679,"t.21"
"DOM",0.0807715644029358,0.0018490985742121,"t.21"
"ECU",-0.0128016051699439,0.00281619060299433,"t.21"
"EGY",0.0559814712323461,0.00159982197334843,"t.21"
"ERI",0.0209152582613088,0.0024803484651895,"t.21"
"ETH",0.0104900324463768,0.00222074348965585,"t.21"
"GAB",-0.0122021631974419,0.00281585874195776,"t.21"
"GHA",-0.00776281956864911,0.00184567099096085,"t.21"
"GIN",-0.0076394845115294,0.00248047145792029,"t.21"
"GTM",0.057864219429203,0.00222279227640696,"t.21"
"GUY",-0.039666726028644,0.00281619060299433,"t.21"
"HND",0.000443474998801853,0.00281619060299433,"t.21"
"HTI",0.0297846872549387,0.00222279227640696,"t.21"
"IDN",-0.00522494129435301,0.00170821556683488,"t.21"
"IND",-0.0376837582614242,0.00222210567192388,"t.21"
"JOR",-0.0475542752229355,0.00185447013196658,"t.21"
"KAZ",-0.00928007336162896,0.00248111060969215,"t.21"
"KEN",-0.0197380480282471,0.00184525902553838,"t.21"
"KGZ",0.000393197007502176,0.00281606602013088,"t.21"
"KHM",-0.0203318091944306,0.00222210567192388,"t.21"
"LBR",0.0134771745374136,0.00248047145792029,"t.21"
"LKA",-0.0227694788998612,0.00281606602013088,"t.21"
"LSO",-0.0446925993530039,0.0024803484651895,"t.21"
"MAR",0.000810969531005965,0.00222565854463154,"t.21"
"MDG",0.0401908463299725,0.00201391093377125,"t.21"
"MDV",-0.00718013071987293,0.00281606602013088,"t.21"
"MEX",-0.00305821706143404,0.00281619060299433,"t.21"
"MLI",0.036123980066276,0.00201422884118323,"t.21"
"MOZ",0.0117504284819887,0.0024803484651895,"t.21"
"MRT",0.00636577018587947,0.00281585874195776,"t.21"
"MWI",0.0577250101510072,0.00201391093377125,"t.21"
"NAM",0.0472105297421341,0.00222074348965585,"t.21"
"NER",-0.00589666623540164,0.00222096331478927,"t.21"
"NGA",-0.0489174136188229,0.00222096331478927,"t.21"
"NIC",0.0221639616381203,0.00248149476667653,"t.21"
"NPL",0.0198382018698309,0.00201588089886458,"t.21"
"PAK",-0.0207766243737268,0.00248111060969215,"t.21"
"PER",0.0132719666039064,0.0018490985742121,"t.21"
"PHL",0.00761076385842369,0.00222210567192388,"t.21"
"PRY",-0.00541408125582772,0.00281619060299433,"t.21"
"RWA",-0.0606205586678007,0.00184525902553838,"t.21"
"SDN",0.00241729825295884,0.00281581885517395,"t.21"
"SEN",0.0537180355003524,0.00184567099096085,"t.21"
"SLE",0.0097765685508316,0.00281585874195776,"t.21"
"STP",-0.0262488444201074,0.00281585874195776,"t.21"
"SWZ",-0.0412740852850106,0.00281581885517395,"t.21"
"TCD",-0.0292934434994492,0.00248047145792029,"t.21"
"TGO",0.0144661858555073,0.00248047145792029,"t.21"
"THA",-0.00627146494065251,0.00281606602013088,"t.21"
"TTO",-0.016421735505736,0.00281619060299433,"t.21"
"TUN",0.0237733652441562,0.00281671068101832,"t.21"
"TUR",-0.0139113674254575,0.00222565854463154,"t.21"
"TZA",0.0179885239218184,0.00184525902553838,"t.21"
"UGA",-0.0248221038776798,0.00201391093377125,"t.21"
"UZB",-0.00446613323010598,0.00281606602013088,"t.21"
"VNM",0.0105266315825279,0.00248111060969215,"t.21"
"YEM",0.0273505430138386,0.00281671068101832,"t.21"
"ZAF",0.0401149375903512,0.00281581885517395,"t.21"
"ZMB",-0.0526621868781411,0.00201391093377125,"t.21"
"ZWE",-0.0171332085043289,0.00184525902553838,"t.21"
"ARM",0.0404519077982389,0.00225515963031509,"t.22"
"AZE",0.01243316942803,0.00297377063925411,"t.22"
"BDI",0.00180099426147833,0.00297377063925411,"t.22"
"BEN",0.0203984908323636,0.00225515963031509,"t.22"
"BFA",0.0394294079298454,0.00225515963031509,"t.22"
"BGD",-0.0534123412510028,0.00181626065083059,"t.22"
"BOL",0.000991954508461876,0.00181626065083059,"t.22"
"BRA",0.0328068829072488,0.00297377063925411,"t.22"
"CAF",-0.0326390143372618,0.00297377063925411,"t.22"
"CIV",0.00710339004980231,0.0025650858396376,"t.22"
"CMR",0.00512000714539898,0.00225515963031509,"t.22"
"COD",-0.0328007548688038,0.00297377063925411,"t.22"
"COG",-0.0404638825065216,0.00297377063925411,"t.22"
"COL",-0.0130707403305184,0.0016551938100786,"t.22"
"DOM",0.0784594453708505,0.00181626065083059,"t.22"
"ECU",-0.0374915137695594,0.00297377063925411,"t.22"
"EGY",-0.00411985461889615,0.00152036695971795,"t.22"
"ERI",0.0153311868774343,0.0025650858396376,"t.22"
"ETH",0.00861453239926044,0.00225515963031509,"t.22"
"GAB",0.000896477485576777,0.00297377063925411,"t.22"
"GHA",0.010819742499356,0.00181626065083059,"t.22"
"GIN",-0.00305207911817759,0.0025650858396376,"t.22"
"GTM",0.0236336582664703,0.0025650858396376,"t.22"
"GUY",-0.0469480453689777,0.00297377063925411,"t.22"
"HND",0.00368197316593924,0.00297377063925411,"t.22"
"HTI",0.0241067526007382,0.00225515963031509,"t.22"
"IDN",-0.00509139184896889,0.0016551938100786,"t.22"
"IND",-0.036365767391813,0.00225515963031509,"t.22"
"JOR",-0.067096438422048,0.00181626065083059,"t.22"
"KAZ",-0.0169924988949756,0.0025650858396376,"t.22"
"KEN",-0.0142220662130787,0.00181626065083059,"t.22"
"KGZ",-0.00492327860849786,0.00297377063925411,"t.22"
"KHM",-0.0179812957816659,0.00225515963031509,"t.22"
"LBR",0.0152121771448375,0.0025650858396376,"t.22"
"LKA",-0.0208255507048749,0.00297377063925411,"t.22"
"LSO",-0.0319578051931726,0.0025650858396376,"t.22"
"MAR",-0.0421621395093973,0.00225515963031509,"t.22"
"MDG",0.0525579184758566,0.00201205349241439,"t.22"
"MDV",-0.00275485247045347,0.00297377063925411,"t.22"
"MEX",-0.0083550441232373,0.00297377063925411,"t.22"
"MLI",0.0579244504257823,0.00201205349241439,"t.22"
"MOZ",0.026183270102793,0.0025650858396376,"t.22"
"MRT",0.0167182673738706,0.00297377063925411,"t.22"
"MWI",0.064984658780693,0.00201205349241439,"t.22"
"NAM",0.051871062328152,0.00225515963031509,"t.22"
"NER",-0.00229066938896894,0.00225515963031509,"t.22"
"NGA",-0.048682976052473,0.00225515963031509,"t.22"
"NIC",0.034117677519749,0.0025650858396376,"t.22"
"NPL",0.02608631945866,0.00201205349241439,"t.22"
"PAK",-0.0225766327490267,0.0025650858396376,"t.22"
"PER",0.0159224039482778,0.00181626065083059,"t.22"
"PHL",0.00854094497462166,0.00225515963031509,"t.22"
"PRY",-0.00358379556316342,0.00297377063925411,"t.22"
"RWA",-0.0570914105054269,0.00181626065083059,"t.22"
"SDN",9.00197327168955e-05,0.00297377063925411,"t.22"
"SEN",0.0766005525836819,0.00181626065083059,"t.22"
"SLE",0.0238162385791871,0.00297377063925411,"t.22"
"STP",-0.0423632127434876,0.00297377063925411,"t.22"
"SWZ",-0.0289674914233321,0.00297377063925411,"t.22"
"TCD",-0.028704569343291,0.0025650858396376,"t.22"
"TGO",0.0331840079845426,0.0025650858396376,"t.22"
"THA",-0.00258169490675745,0.00297377063925411,"t.22"
"TTO",-0.0225842481829351,0.00297377063925411,"t.22"
"TUN",0.0102321044085166,0.00297377063925411,"t.22"
"TUR",-0.0609621730466199,0.00225515963031509,"t.22"
"TZA",0.0247330887600012,0.00181626065083059,"t.22"
"UGA",-0.0288582187132462,0.00201205349241439,"t.22"
"UZB",0.00291127105313985,0.00297377063925411,"t.22"
"VNM",0.0162354080831618,0.0025650858396376,"t.22"
"YEM",0.00496466665384058,0.00297377063925411,"t.22"
"ZAF",0.0570268903739053,0.00297377063925411,"t.22"
"ZMB",-0.0553219156541938,0.00201205349241439,"t.22"
"ZWE",-0.00869800866762704,0.00181626065083059,"t.22"
"ARM",0.0324905382746913,0.00275143843141375,"t.23"
"AZE",0.0206136941394427,0.00371674799437415,"t.23"
"BEN",0.0172957302845736,0.00273560124613911,"t.23"
"BFA",0.0472156609856247,0.00273560124613911,"t.23"
"BGD",-0.0616541688367268,0.00223953910335038,"t.23"
"BOL",0.015008272302578,0.00225351183662389,"t.23"
"BRA",0.0343678672888255,0.00371854497562468,"t.23"
"CAF",-0.0463272462851722,0.00371331601967077,"t.23"
"CIV",0.0114402080295918,0.00313726636031947,"t.23"
"CMR",-0.00518272553885818,0.00273560124613911,"t.23"
"COD",-0.0412724731334805,0.00371331601967077,"t.23"
"COG",-0.0405318640075743,0.00371331601967077,"t.23"
"COL",-0.0293067696900377,0.00208083985748634,"t.23"
"DOM",0.0940176891015844,0.00225351183662389,"t.23"
"EGY",0.045927703148955,0.00203799024563833,"t.23"
"ERI",0.0279279365113791,0.00313572157896499,"t.23"
"ETH",0.00758290830385419,0.00273304235749539,"t.23"
"GAB",-0.0121574292616767,0.00371331601967077,"t.23"
"GHA",-0.0184028055844843,0.00221285320046873,"t.23"
"GIN",-0.00519837244592147,0.00313726636031947,"t.23"
"GTM",0.0263296230739896,0.00315183317297879,"t.23"
"GUY",-0.070285998072491,0.00371854497562468,"t.23"
"HND",0.00186145064656309,0.00371854497562468,"t.23"
"HTI",0.00420185638885165,0.00315183317297879,"t.23"
"IDN",-0.00800410554347445,0.0020645263390182,"t.23"
"IND",-0.0422196902904485,0.00275143843141375,"t.23"
"JOR",-0.0680664134842781,0.0023270695807701,"t.23"
"KAZ",-0.0414377524711874,0.00371674799437415,"t.23"
"KEN",-0.0203075057041086,0.00220854143340615,"t.23"
"KHM",-0.0131423552642634,0.00275143843141375,"t.23"
"LBR",0.028154730732412,0.00313726636031947,"t.23"
"LKA",-0.0370753867754444,0.00371674799437415,"t.23"
"LSO",-0.0328119693232308,0.00313572157896499,"t.23"
"MAR",-0.0154974067209664,0.00280338482401745,"t.23"
"MDG",0.0515093917026367,0.00243625954729665,"t.23"
"MDV",-0.00224319190451678,0.00371674799437415,"t.23"
"MEX",-0.000926572759931813,0.00371854497562468,"t.23"
"MLI",0.0401046543050854,0.00273560124613911,"t.23"
"MOZ",0.0313572248676755,0.00313572157896499,"t.23"
"MRT",0.0189134509230873,0.00371331601967077,"t.23"
"MWI",0.0868548341109381,0.00243625954729665,"t.23"
"NAM",0.068620517744467,0.00273304235749539,"t.23"
"NER",-0.00357709724966971,0.00273560124613911,"t.23"
"NGA",-0.0755788310455202,0.00273560124613911,"t.23"
"NIC",0.0498670883461048,0.00315183317297879,"t.23"
"NPL",0.0352521005686749,0.0024613374321197,"t.23"
"PAK",-0.0424687790897551,0.00314682714702265,"t.23"
"PER",0.0250843685644867,0.00225351183662389,"t.23"
"PHL",-0.00438529382434632,0.00275143843141375,"t.23"
"PRY",-0.0201109595497606,0.00371854497562468,"t.23"
"RWA",-0.0632870733487855,0.00220854143340615,"t.23"
"SDN",-0.0050180331844551,0.00371276149934776,"t.23"
"SEN",0.0772728259348741,0.00221285320046873,"t.23"
"SLE",0.0286497342477958,0.00371331601967077,"t.23"
"SWZ",-0.0241808752793364,0.00371276149934776,"t.23"
"TCD",-0.0380435091732143,0.00313726636031947,"t.23"
"TGO",-0.0111719312556696,0.00371331601967077,"t.23"
"THA",0.00806125663235188,0.00371674799437415,"t.23"
"TTO",-0.0460450028586274,0.00371854497562468,"t.23"
"TUN",0.0338215990213427,0.00372800496347921,"t.23"
"TUR",-0.036405530672557,0.00280338482401745,"t.23"
"TZA",0.030438226709188,0.00220854143340615,"t.23"
"UGA",-0.041864832412691,0.00243625954729665,"t.23"
"VNM",0.0165513171431465,0.00314682714702265,"t.23"
"YEM",0.0127521603418761,0.00372800496347921,"t.23"
"ZAF",0.078512417170971,0.00371276149934776,"t.23"
"ZMB",-0.0741737688827892,0.00243625954729665,"t.23"
"ZWE",-0.00969531662207336,0.00220854143340615,"t.23"
"ARM",0.0338081859610974,0.00314685965382891,"t.24"
"AZE",0.0309261810557114,0.00453524018369296,"t.24"
"BEN",0.0357974924673925,0.00312871803452854,"t.24"
"BFA",0.0644031217228531,0.00312871803452854,"t.24"
"BGD",-0.0690752135606562,0.00247901725455257,"t.24"
"BOL",-0.00484965585144575,0.00249106166270876,"t.24"
"BRA",0.0380234360289489,0.00453716226241139,"t.24"
"CAF",-0.0604295436555031,0.00453071266723346,"t.24"
"CIV",0.0367944889759619,0.00368219142915126,"t.24"
"CMR",0.0204535299752591,0.00368219142915126,"t.24"
"COD",-0.0389398230447082,0.00453071266723346,"t.24"
"COG",-0.0204796876094365,0.00453071266723346,"t.24"
"COL",-0.0319921248376305,0.00227402588173261,"t.24"
"DOM",0.121205349339518,0.00249106166270876,"t.24"
"EGY",0.0388693899574949,0.00219978457263174,"t.24"
"ERI",0.0336765683217816,0.00452995012844654,"t.24"
"ETH",-0.000442842065079475,0.00312566256504594,"t.24"
"GAB",-0.0176964642535405,0.00453071266723346,"t.24"
"GHA",0.0241632048971262,0.00273937270871074,"t.24"
"GIN",-0.00194636696592184,0.00368219142915126,"t.24"
"GTM",0.0143698588326083,0.00369871964418402,"t.24"
"GUY",-0.10606303515938,0.00453716226241139,"t.24"
"HND",0.00790257216162854,0.00453716226241139,"t.24"
"HTI",-0.00526515024880909,0.00369871964418402,"t.24"
"IDN",-0.00733442253768147,0.00226031804150872,"t.24"
"IND",-0.0490436836490117,0.00314685965382891,"t.24"
"JOR",-0.0728819014441779,0.00256906466239058,"t.24"
"KAZ",-0.0707951282311691,0.00453524018369296,"t.24"
"KEN",-0.017014209650745,0.00244586794388927,"t.24"
"KHM",-0.00969356904179202,0.00314685965382891,"t.24"
"LBR",-0.0345917309068516,0.00453071266723346,"t.24"
"LKA",-0.0419026079057265,0.00453524018369296,"t.24"
"LSO",-0.0227917265230882,0.003680237290218,"t.24"
"MAR",-0.0278909092910344,0.00320443982247874,"t.24"
"MDG",0.06406620093958,0.00273537990490323,"t.24"
"MDV",0.00522429410790593,0.00453524018369296,"t.24"
"MEX",-0.00884837161775608,0.00453716226241139,"t.24"
"MLI",0.0531326698690719,0.00312871803452854,"t.24"
"MOZ",0.0157385462874763,0.003680237290218,"t.24"
"MRT",0.0420935427088732,0.00453071266723346,"t.24"
"MWI",0.0881979868199586,0.00273537990490323,"t.24"
"NAM",0.0660405608681385,0.00312566256504594,"t.24"
"NER",-0.0276895926979586,0.00312871803452854,"t.24"
"NGA",-0.102030050809384,0.00312871803452854,"t.24"
"NIC",0.0705209834713827,0.00369871964418402,"t.24"
"NPL",0.0459673241954372,0.0027630796797768,"t.24"
"PAK",-0.0624233391671154,0.00369379398148866,"t.24"
"PER",0.0217469280158861,0.00249106166270876,"t.24"
"PHL",-0.00725675249056965,0.00314685965382891,"t.24"
"PRY",-0.0320455320750297,0.00453716226241139,"t.24"
"RWA",-0.0547380890151483,0.00273537990490323,"t.24"
"SDN",-0.0060143595723384,0.00452995012844654,"t.24"
"SEN",0.10449426805123,0.00273937270871074,"t.24"
"SLE",0.0444955112110926,0.00453071266723346,"t.24"
"SWZ",-0.00656613319278661,0.00452995012844654,"t.24"
"TCD",-0.0389218327804509,0.00368219142915126,"t.24"
"TGO",-0.00423708429478558,0.00453071266723346,"t.24"
"THA",0.0176241519008575,0.00453524018369296,"t.24"
"TTO",-0.0600125087821768,0.00453716226241139,"t.24"
"TUN",0.0308462578292156,0.00454961018876177,"t.24"
"TUR",-0.0525536290857057,0.00320443982247874,"t.24"
"TZA",0.0394797463776081,0.00244586794388927,"t.24"
"UGA",-0.055983023558852,0.00273537990490323,"t.24"
"VNM",-0.017232850001851,0.00453524018369296,"t.24"
"YEM",0.0276680704652326,0.00454961018876177,"t.24"
"ZAF",0.10198885410229,0.00452995012844654,"t.24"
"ZMB",-0.0884692326413672,0.00273537990490323,"t.24"
"ZWE",-0.00357709870194808,0.00244586794388927,"t.24"
