sex_id,cause_age_end,cause_age_start,cause_id,yld_only,model_version_id,model_version_type_id,is_best,age_start,age_end,decomp_step_id
2,,,300.0,,,,,,,
1,,,300.0,,,,,,,
2,235.0,4.0,346.0,,618887.0,4.0,1.0,4.0,235.0,7.0
1,235.0,4.0,346.0,,618878.0,4.0,1.0,4.0,235.0,7.0
2,5.0,2.0,381.0,,628832.0,3.0,1.0,2.0,5.0,4.0
1,5.0,2.0,381.0,,628829.0,3.0,1.0,2.0,5.0,4.0
2,5.0,2.0,382.0,,629807.0,3.0,1.0,2.0,5.0,4.0
1,5.0,2.0,382.0,,629810.0,3.0,1.0,2.0,5.0,4.0
2,5.0,2.0,383.0,,629831.0,3.0,1.0,2.0,5.0,4.0
1,5.0,2.0,383.0,,629828.0,3.0,1.0,2.0,5.0,4.0
2,5.0,2.0,384.0,,629624.0,3.0,1.0,2.0,5.0,4.0
1,5.0,2.0,384.0,,629813.0,3.0,1.0,2.0,5.0,4.0
2,235.0,4.0,402.0,,626768.0,3.0,1.0,4.0,235.0,4.0
1,235.0,4.0,402.0,,628751.0,3.0,1.0,4.0,235.0,4.0
2,235.0,4.0,404.0,,628760.0,3.0,1.0,4.0,235.0,4.0
1,235.0,4.0,404.0,,629489.0,3.0,1.0,4.0,235.0,4.0
2,235.0,2.0,477.0,,627629.0,3.0,1.0,2.0,235.0,4.0
1,235.0,2.0,477.0,,627635.0,3.0,1.0,2.0,235.0,4.0
2,235.0,2.0,489.0,,627533.0,3.0,1.0,2.0,235.0,4.0
1,235.0,2.0,489.0,,628181.0,3.0,1.0,2.0,235.0,4.0
2,235.0,7.0,560.0,,628787.0,3.0,1.0,8.0,235.0,4.0
1,235.0,7.0,560.0,,628733.0,3.0,1.0,8.0,235.0,4.0
2,235.0,2.0,614.0,,631424.0,4.0,1.0,2.0,235.0,4.0
1,235.0,2.0,614.0,,631397.0,4.0,1.0,2.0,235.0,4.0
2,,,615.0,,,,,,,
1,235.0,2.0,615.0,,631403.0,4.0,1.0,2.0,235.0,4.0
2,,,616.0,,,,,,,
1,235.0,2.0,616.0,,631400.0,4.0,1.0,2.0,235.0,4.0
2,18.0,2.0,642.0,,629138.0,3.0,1.0,2.0,18.0,4.0
1,18.0,2.0,642.0,,630017.0,3.0,1.0,2.0,18.0,4.0
2,18.0,2.0,643.0,,624380.0,3.0,1.0,2.0,18.0,4.0
1,18.0,2.0,643.0,,624383.0,3.0,1.0,2.0,18.0,4.0
2,5.0,2.0,644.0,,628325.0,3.0,1.0,2.0,5.0,4.0
1,5.0,2.0,644.0,,628340.0,3.0,1.0,2.0,5.0,4.0
2,18.0,2.0,645.0,,630815.0,3.0,1.0,2.0,18.0,4.0
1,18.0,2.0,645.0,,628508.0,3.0,1.0,2.0,18.0,4.0
2,18.0,2.0,648.0,,622238.0,3.0,1.0,2.0,18.0,4.0
1,18.0,2.0,648.0,,622244.0,3.0,1.0,2.0,18.0,4.0
2,18.0,2.0,649.0,,622256.0,3.0,1.0,2.0,18.0,4.0
1,18.0,2.0,649.0,,627437.0,3.0,1.0,2.0,18.0,4.0
2,18.0,2.0,650.0,,627140.0,3.0,1.0,2.0,18.0,4.0
1,18.0,2.0,650.0,,627143.0,3.0,1.0,2.0,18.0,4.0
2,18.0,2.0,651.0,,628337.0,3.0,1.0,2.0,18.0,4.0
1,18.0,2.0,651.0,,628334.0,3.0,1.0,2.0,18.0,4.0
2,18.0,2.0,652.0,,629141.0,3.0,1.0,2.0,18.0,4.0
1,18.0,2.0,652.0,,627461.0,3.0,1.0,2.0,18.0,4.0
2,235.0,2.0,847.0,,630035.0,3.0,1.0,2.0,235.0,4.0
1,235.0,2.0,847.0,,628451.0,3.0,1.0,2.0,235.0,4.0
2,235.0,2.0,935.0,,628256.0,4.0,1.0,2.0,235.0,7.0
1,235.0,2.0,935.0,,628253.0,4.0,1.0,2.0,235.0,7.0
2,235.0,4.0,297.0,,630911.0,3.0,1.0,4.0,235.0,4.0
1,235.0,4.0,297.0,,630914.0,3.0,1.0,4.0,235.0,4.0
2,,,298.0,,,,,,,
1,,,298.0,,,,,,,
2,5.0,2.0,302.0,,630905.0,3.0,1.0,2.0,5.0,4.0
2,235.0,6.0,302.0,,630812.0,3.0,1.0,6.0,235.0,4.0
1,5.0,2.0,302.0,,630902.0,3.0,1.0,2.0,5.0,4.0
1,235.0,6.0,302.0,,628424.0,3.0,1.0,6.0,235.0,4.0
2,235.0,4.0,319.0,,627539.0,4.0,1.0,2.0,235.0,4.0
1,235.0,4.0,319.0,,627452.0,4.0,1.0,2.0,235.0,4.0
2,235.0,4.0,320.0,,627638.0,4.0,1.0,2.0,235.0,4.0
1,235.0,4.0,320.0,,627602.0,4.0,1.0,2.0,235.0,4.0
2,235.0,4.0,321.0,,623609.0,4.0,1.0,2.0,235.0,4.0
1,235.0,4.0,321.0,,623576.0,4.0,1.0,2.0,235.0,4.0
2,5.0,2.0,322.0,,627767.0,3.0,1.0,2.0,5.0,4.0
2,235.0,6.0,322.0,,630926.0,3.0,1.0,6.0,235.0,4.0
1,5.0,2.0,322.0,,627764.0,3.0,1.0,2.0,5.0,4.0
1,235.0,6.0,322.0,,630923.0,3.0,1.0,6.0,235.0,4.0
2,235.0,2.0,328.0,,626093.0,3.0,1.0,2.0,235.0,4.0
1,235.0,2.0,328.0,,627770.0,3.0,1.0,2.0,235.0,4.0
2,235.0,2.0,329.0,,626741.0,3.0,1.0,2.0,235.0,4.0
1,235.0,2.0,329.0,,624617.0,3.0,1.0,2.0,235.0,4.0
2,5.0,2.0,332.0,,630974.0,3.0,1.0,2.0,5.0,4.0
2,235.0,6.0,332.0,,630971.0,3.0,1.0,6.0,235.0,4.0
1,5.0,2.0,332.0,,630977.0,3.0,1.0,2.0,5.0,4.0
1,235.0,6.0,332.0,,629474.0,3.0,1.0,6.0,235.0,4.0
2,235.0,2.0,337.0,,630980.0,3.0,1.0,2.0,235.0,4.0
1,235.0,2.0,337.0,,630983.0,3.0,1.0,2.0,235.0,4.0
2,16.0,4.0,338.0,,629354.0,4.0,1.0,4.0,16.0,4.0
1,16.0,4.0,338.0,,629006.0,4.0,1.0,4.0,16.0,4.0
2,16.0,4.0,339.0,,630191.0,4.0,1.0,4.0,16.0,4.0
1,16.0,4.0,339.0,,630167.0,4.0,1.0,4.0,16.0,4.0
2,4.0,2.0,340.0,,630803.0,3.0,1.0,2.0,4.0,4.0
2,235.0,5.0,340.0,,630800.0,3.0,1.0,5.0,235.0,4.0
1,4.0,2.0,340.0,,630797.0,3.0,1.0,2.0,4.0,4.0
1,235.0,5.0,340.0,,630794.0,3.0,1.0,5.0,235.0,4.0
2,16.0,4.0,341.0,,631418.0,4.0,1.0,4.0,16.0,4.0
1,16.0,4.0,341.0,,631406.0,4.0,1.0,4.0,16.0,4.0
2,235.0,2.0,342.0,,630236.0,4.0,1.0,4.0,235.0,4.0
1,235.0,2.0,342.0,,630164.0,4.0,1.0,4.0,235.0,4.0
2,235.0,2.0,345.0,,628898.0,4.0,1.0,2.0,235.0,4.0
1,235.0,2.0,345.0,,628700.0,4.0,1.0,2.0,235.0,4.0
2,235.0,4.0,347.0,,604685.0,4.0,1.0,2.0,235.0,7.0
1,235.0,4.0,347.0,,604682.0,4.0,1.0,2.0,235.0,7.0
2,235.0,4.0,348.0,,627341.0,4.0,1.0,2.0,235.0,7.0
1,235.0,4.0,348.0,,627332.0,4.0,1.0,2.0,235.0,7.0
2,235.0,5.0,350.0,,623540.0,4.0,1.0,2.0,235.0,7.0
1,235.0,5.0,350.0,,623495.0,4.0,1.0,2.0,235.0,7.0
2,235.0,4.0,351.0,,625256.0,4.0,1.0,2.0,235.0,4.0
1,235.0,4.0,351.0,,625208.0,4.0,1.0,2.0,235.0,4.0
2,235.0,5.0,352.0,,624257.0,4.0,1.0,2.0,235.0,7.0
1,235.0,5.0,352.0,,624173.0,4.0,1.0,2.0,235.0,7.0
2,235.0,5.0,353.0,,627206.0,4.0,1.0,2.0,235.0,7.0
1,235.0,5.0,353.0,,627125.0,4.0,1.0,2.0,235.0,7.0
2,235.0,3.0,357.0,,627644.0,4.0,1.0,3.0,235.0,7.0
1,235.0,3.0,357.0,,627641.0,4.0,1.0,3.0,235.0,7.0
2,235.0,3.0,358.0,,623543.0,4.0,1.0,2.0,235.0,4.0
1,235.0,3.0,358.0,,623522.0,4.0,1.0,2.0,235.0,4.0
2,235.0,4.0,359.0,,626870.0,3.0,1.0,4.0,235.0,7.0
1,235.0,4.0,359.0,,624764.0,3.0,1.0,4.0,235.0,7.0
2,235.0,4.0,360.0,,624824.0,4.0,1.0,2.0,235.0,4.0
1,235.0,4.0,360.0,,624785.0,4.0,1.0,2.0,235.0,4.0
2,235.0,4.0,361.0,,625109.0,4.0,1.0,2.0,235.0,4.0
1,235.0,4.0,361.0,,624866.0,4.0,1.0,2.0,235.0,4.0
2,235.0,2.0,365.0,,628367.0,3.0,1.0,2.0,235.0,7.0
1,235.0,2.0,365.0,,627797.0,3.0,1.0,2.0,235.0,7.0
2,15.0,7.0,366.0,,630755.0,4.0,1.0,7.0,15.0,4.0
2,15.0,7.0,367.0,,630788.0,4.0,1.0,7.0,15.0,4.0
2,15.0,7.0,368.0,,630779.0,4.0,1.0,7.0,15.0,4.0
2,15.0,7.0,369.0,,630785.0,4.0,1.0,7.0,15.0,4.0
2,15.0,7.0,370.0,,630791.0,4.0,1.0,7.0,15.0,4.0
2,15.0,7.0,374.0,,630764.0,4.0,1.0,7.0,15.0,4.0
2,15.0,7.0,375.0,,630773.0,4.0,1.0,7.0,15.0,4.0
2,15.0,7.0,376.0,,630770.0,4.0,1.0,7.0,15.0,4.0
2,15.0,7.0,379.0,,630767.0,4.0,1.0,7.0,15.0,4.0
2,5.0,2.0,380.0,,629621.0,3.0,1.0,2.0,5.0,4.0
1,5.0,2.0,380.0,,630029.0,3.0,1.0,2.0,5.0,4.0
2,5.0,2.0,385.0,,629906.0,3.0,1.0,2.0,5.0,4.0
1,5.0,2.0,385.0,,629915.0,3.0,1.0,2.0,5.0,4.0
2,235.0,4.0,386.0,,630356.0,3.0,1.0,4.0,235.0,4.0
1,235.0,4.0,386.0,,629798.0,3.0,1.0,4.0,235.0,4.0
2,5.0,4.0,387.0,,630509.0,3.0,1.0,4.0,5.0,4.0
2,235.0,6.0,387.0,,631046.0,3.0,1.0,6.0,235.0,4.0
1,5.0,4.0,387.0,,630506.0,3.0,1.0,4.0,5.0,4.0
1,235.0,6.0,387.0,,631043.0,3.0,1.0,6.0,235.0,4.0
2,235.0,4.0,391.0,,628874.0,3.0,1.0,4.0,235.0,4.0
1,235.0,4.0,391.0,,628877.0,3.0,1.0,4.0,235.0,4.0
2,235.0,2.0,393.0,,624254.0,3.0,1.0,7.0,235.0,4.0
2,235.0,2.0,393.0,,627944.0,4.0,1.0,2.0,6.0,4.0
1,235.0,2.0,393.0,,624251.0,3.0,1.0,7.0,235.0,4.0
1,235.0,2.0,393.0,,627899.0,4.0,1.0,2.0,6.0,4.0
2,6.0,2.0,394.0,,627959.0,4.0,1.0,2.0,6.0,4.0
2,235.0,7.0,394.0,,630089.0,4.0,1.0,7.0,235.0,4.0
1,6.0,2.0,394.0,,627917.0,4.0,1.0,2.0,6.0,4.0
1,235.0,7.0,394.0,,630023.0,4.0,1.0,7.0,235.0,4.0
2,235.0,7.0,395.0,,630098.0,4.0,1.0,7.0,235.0,4.0
1,235.0,7.0,395.0,,630056.0,4.0,1.0,7.0,235.0,4.0
2,235.0,7.0,396.0,,630101.0,4.0,1.0,7.0,235.0,4.0
1,235.0,7.0,396.0,,630086.0,4.0,1.0,7.0,235.0,4.0
2,,,398.0,,,,,,,
1,,,398.0,,,,,,,
2,235.0,7.0,399.0,,630095.0,4.0,1.0,7.0,235.0,4.0
1,235.0,7.0,399.0,,630050.0,4.0,1.0,7.0,235.0,4.0
2,235.0,4.0,400.0,,628727.0,3.0,1.0,4.0,235.0,4.0
1,235.0,4.0,400.0,,630476.0,3.0,1.0,4.0,235.0,4.0
2,235.0,4.0,401.0,,627464.0,3.0,1.0,4.0,235.0,4.0
1,235.0,4.0,401.0,,626762.0,3.0,1.0,4.0,235.0,4.0
2,235.0,4.0,403.0,,628757.0,3.0,1.0,4.0,235.0,4.0
1,235.0,4.0,403.0,,628754.0,3.0,1.0,4.0,235.0,4.0
2,235.0,2.0,408.0,,630869.0,3.0,1.0,2.0,235.0,4.0
1,235.0,2.0,408.0,,630872.0,3.0,1.0,2.0,235.0,4.0
2,,,411.0,,,,,,,
1,235.0,9.0,411.0,,630362.0,3.0,1.0,9.0,235.0,4.0
2,,,414.0,,,,,,,
1,,,414.0,,,,,,,
2,,,417.0,,,,,,,
1,,,417.0,,,,,,,
2,,,418.0,,,,,,,
1,,,418.0,,,,,,,
2,,,419.0,,,,,,,
1,,,419.0,,,,,,,
2,,,420.0,,,,,,,
1,,,420.0,,,,,,,
2,,,421.0,,,,,,,
1,,,421.0,,,,,,,
2,235.0,9.0,423.0,,628448.0,3.0,1.0,9.0,235.0,4.0
1,,,423.0,,,,,,,
2,235.0,7.0,426.0,,628460.0,3.0,1.0,7.0,235.0,4.0
1,,,426.0,,,,,,,
2,235.0,8.0,429.0,,630026.0,3.0,1.0,8.0,235.0,4.0
1,235.0,8.0,429.0,,627665.0,3.0,1.0,8.0,235.0,4.0
2,235.0,8.0,432.0,,627152.0,3.0,1.0,8.0,235.0,4.0
2,235.0,9.0,435.0,,624464.0,3.0,1.0,9.0,235.0,4.0
1,235.0,9.0,438.0,,624476.0,3.0,1.0,9.0,235.0,4.0
2,,,441.0,,,,,,,
1,,,441.0,,,,,,,
2,,,444.0,,,,,,,
1,235.0,6.0,444.0,,630395.0,3.0,1.0,6.0,235.0,4.0
2,,,447.0,,,,,,,
1,,,447.0,,,,,,,
2,235.0,9.0,450.0,,627719.0,3.0,1.0,9.0,235.0,4.0
1,235.0,9.0,450.0,,627545.0,3.0,1.0,9.0,235.0,4.0
2,235.0,9.0,453.0,,627662.0,3.0,1.0,9.0,235.0,4.0
1,235.0,9.0,453.0,,624311.0,3.0,1.0,9.0,235.0,4.0
2,,,456.0,,,,,,,
1,,,456.0,,,,,,,
2,235.0,2.0,459.0,,630371.0,3.0,1.0,2.0,235.0,4.0
1,235.0,2.0,459.0,,624371.0,3.0,1.0,2.0,235.0,4.0
2,235.0,6.0,465.0,,630377.0,3.0,1.0,6.0,235.0,4.0
1,,,468.0,,,,,,,
2,235.0,2.0,471.0,,628445.0,3.0,1.0,2.0,235.0,4.0
1,235.0,2.0,471.0,,628442.0,3.0,1.0,2.0,235.0,4.0
2,235.0,8.0,474.0,,630359.0,3.0,1.0,8.0,235.0,4.0
1,,,474.0,,,,,,,
2,235.0,6.0,480.0,,624470.0,3.0,1.0,6.0,235.0,4.0
1,235.0,6.0,480.0,,624467.0,3.0,1.0,6.0,235.0,4.0
2,,,483.0,,,,,,,
1,235.0,9.0,483.0,,630044.0,3.0,1.0,9.0,235.0,4.0
2,235.0,5.0,484.0,,627677.0,3.0,1.0,5.0,235.0,4.0
1,235.0,5.0,484.0,,627668.0,3.0,1.0,5.0,235.0,4.0
2,235.0,5.0,485.0,,630038.0,3.0,1.0,5.0,235.0,4.0
1,235.0,5.0,485.0,,628463.0,3.0,1.0,5.0,235.0,4.0
2,235.0,9.0,486.0,,624440.0,3.0,1.0,9.0,235.0,4.0
1,235.0,9.0,486.0,,624434.0,3.0,1.0,9.0,235.0,4.0
2,235.0,2.0,487.0,,630032.0,3.0,1.0,2.0,235.0,4.0
1,235.0,2.0,487.0,,627689.0,3.0,1.0,2.0,235.0,4.0
2,235.0,2.0,490.0,,627710.0,3.0,1.0,2.0,235.0,4.0
1,235.0,2.0,490.0,,627716.0,3.0,1.0,2.0,235.0,4.0
2,235.0,2.0,491.0,,630002.0,3.0,1.0,2.0,235.0,4.0
1,235.0,2.0,491.0,,630071.0,3.0,1.0,2.0,235.0,4.0
2,235.0,5.0,492.0,,627374.0,3.0,1.0,5.0,235.0,4.0
1,235.0,5.0,492.0,,628100.0,3.0,1.0,5.0,235.0,4.0
2,235.0,8.0,493.0,,628103.0,3.0,1.0,8.0,235.0,4.0
1,235.0,8.0,493.0,,630806.0,3.0,1.0,8.0,235.0,4.0
2,235.0,2.0,494.0,,630077.0,3.0,1.0,2.0,235.0,4.0
1,235.0,2.0,494.0,,629735.0,3.0,1.0,2.0,235.0,4.0
2,235.0,2.0,495.0,,629756.0,3.0,1.0,2.0,235.0,4.0
1,235.0,2.0,495.0,,630809.0,3.0,1.0,2.0,235.0,4.0
2,235.0,2.0,496.0,,630020.0,3.0,1.0,2.0,235.0,4.0
1,235.0,2.0,496.0,,629357.0,3.0,1.0,2.0,235.0,4.0
2,235.0,2.0,497.0,,627137.0,3.0,1.0,2.0,235.0,4.0
1,235.0,2.0,497.0,,628193.0,3.0,1.0,2.0,235.0,4.0
2,235.0,8.0,498.0,,626783.0,3.0,1.0,8.0,235.0,4.0
1,235.0,8.0,498.0,,626780.0,3.0,1.0,8.0,235.0,4.0
2,235.0,2.0,499.0,,626789.0,3.0,1.0,2.0,235.0,4.0
1,235.0,2.0,499.0,,626786.0,3.0,1.0,2.0,235.0,4.0
2,235.0,11.0,500.0,,626795.0,3.0,1.0,11.0,235.0,4.0
1,235.0,11.0,500.0,,626792.0,3.0,1.0,11.0,235.0,4.0
2,235.0,8.0,501.0,,622922.0,3.0,1.0,8.0,235.0,4.0
1,235.0,8.0,501.0,,622919.0,3.0,1.0,8.0,235.0,4.0
2,235.0,13.0,502.0,,626801.0,3.0,1.0,13.0,235.0,4.0
1,235.0,13.0,502.0,,626798.0,3.0,1.0,13.0,235.0,4.0
2,235.0,2.0,503.0,,626807.0,3.0,1.0,2.0,235.0,4.0
1,235.0,2.0,503.0,,626804.0,3.0,1.0,2.0,235.0,4.0
2,235.0,8.0,504.0,,627386.0,3.0,1.0,8.0,235.0,4.0
1,235.0,8.0,504.0,,627746.0,3.0,1.0,8.0,235.0,4.0
2,235.0,2.0,507.0,,629996.0,3.0,1.0,2.0,235.0,4.0
1,235.0,2.0,507.0,,627368.0,3.0,1.0,2.0,235.0,4.0
2,235.0,2.0,508.0,,626810.0,3.0,1.0,5.0,235.0,4.0
1,235.0,2.0,508.0,,627353.0,3.0,1.0,5.0,235.0,4.0
2,235.0,4.0,509.0,,626813.0,3.0,1.0,5.0,235.0,4.0
1,235.0,4.0,509.0,,629765.0,3.0,1.0,5.0,235.0,4.0
2,235.0,8.0,510.0,,626816.0,3.0,1.0,8.0,235.0,4.0
1,235.0,8.0,510.0,,629762.0,3.0,1.0,8.0,235.0,4.0
2,235.0,8.0,511.0,,622721.0,3.0,1.0,8.0,235.0,4.0
1,235.0,8.0,511.0,,622718.0,3.0,1.0,8.0,235.0,4.0
2,235.0,8.0,512.0,,620960.0,3.0,1.0,8.0,235.0,4.0
1,235.0,8.0,512.0,,620957.0,3.0,1.0,8.0,235.0,4.0
2,235.0,8.0,513.0,,622727.0,3.0,1.0,8.0,235.0,4.0
1,235.0,8.0,513.0,,622724.0,3.0,1.0,8.0,235.0,4.0
2,235.0,8.0,514.0,,620963.0,3.0,1.0,8.0,235.0,4.0
1,235.0,8.0,514.0,,621623.0,3.0,1.0,8.0,235.0,4.0
2,235.0,5.0,515.0,,621617.0,3.0,1.0,5.0,235.0,4.0
1,235.0,5.0,515.0,,621614.0,3.0,1.0,5.0,235.0,4.0
2,235.0,5.0,516.0,,628922.0,3.0,1.0,5.0,235.0,4.0
1,235.0,5.0,516.0,,626819.0,3.0,1.0,5.0,235.0,4.0
2,235.0,2.0,520.0,,626825.0,3.0,1.0,5.0,235.0,4.0
1,235.0,2.0,520.0,,626822.0,3.0,1.0,5.0,235.0,4.0
2,235.0,5.0,521.0,,630083.0,3.0,1.0,5.0,235.0,4.0
1,235.0,5.0,521.0,,630092.0,3.0,1.0,5.0,235.0,4.0
2,235.0,5.0,522.0,,630668.0,4.0,1.0,5.0,235.0,4.0
1,235.0,5.0,522.0,,630653.0,4.0,1.0,5.0,235.0,4.0
2,235.0,5.0,523.0,,630683.0,4.0,1.0,5.0,235.0,4.0
1,235.0,5.0,523.0,,630665.0,4.0,1.0,5.0,235.0,4.0
2,235.0,8.0,524.0,,630674.0,4.0,1.0,5.0,235.0,4.0
1,235.0,8.0,524.0,,630659.0,4.0,1.0,5.0,235.0,4.0
2,235.0,5.0,525.0,,630671.0,4.0,1.0,5.0,235.0,4.0
1,235.0,5.0,525.0,,630656.0,4.0,1.0,5.0,235.0,4.0
2,235.0,2.0,526.0,,629990.0,3.0,1.0,2.0,235.0,4.0
1,235.0,2.0,526.0,,629975.0,3.0,1.0,2.0,235.0,4.0
2,235.0,5.0,527.0,,630749.0,3.0,1.0,5.0,235.0,4.0
1,235.0,5.0,527.0,,629960.0,3.0,1.0,5.0,235.0,4.0
2,235.0,5.0,528.0,,630752.0,3.0,1.0,5.0,235.0,4.0
1,235.0,5.0,528.0,,629861.0,3.0,1.0,5.0,235.0,4.0
2,235.0,5.0,529.0,,628613.0,3.0,1.0,5.0,235.0,4.0
1,235.0,5.0,529.0,,628130.0,3.0,1.0,5.0,235.0,4.0
2,235.0,2.0,530.0,,630341.0,3.0,1.0,2.0,235.0,4.0
1,235.0,2.0,530.0,,630344.0,3.0,1.0,2.0,235.0,4.0
2,235.0,2.0,531.0,,629918.0,3.0,1.0,2.0,235.0,4.0
1,235.0,2.0,531.0,,628607.0,3.0,1.0,2.0,235.0,4.0
2,235.0,5.0,532.0,,628148.0,3.0,1.0,5.0,235.0,4.0
1,235.0,5.0,532.0,,628145.0,3.0,1.0,5.0,235.0,4.0
2,235.0,5.0,533.0,,629738.0,3.0,1.0,5.0,235.0,4.0
1,235.0,5.0,533.0,,628622.0,3.0,1.0,5.0,235.0,4.0
2,235.0,5.0,534.0,,629429.0,3.0,1.0,5.0,235.0,4.0
1,235.0,5.0,534.0,,629921.0,3.0,1.0,5.0,235.0,4.0
2,235.0,5.0,535.0,,628625.0,3.0,1.0,5.0,235.0,4.0
1,235.0,5.0,535.0,,628139.0,3.0,1.0,5.0,235.0,4.0
2,235.0,5.0,541.0,,630416.0,3.0,1.0,5.0,235.0,4.0
1,235.0,5.0,541.0,,630419.0,3.0,1.0,5.0,235.0,4.0
2,235.0,13.0,543.0,,623570.0,4.0,1.0,13.0,235.0,4.0
1,235.0,13.0,543.0,,623564.0,4.0,1.0,13.0,235.0,4.0
2,235.0,9.0,544.0,,628895.0,3.0,1.0,9.0,235.0,4.0
1,235.0,9.0,544.0,,627350.0,3.0,1.0,9.0,235.0,4.0
2,235.0,4.0,545.0,,627617.0,3.0,1.0,4.0,235.0,4.0
1,235.0,4.0,545.0,,629897.0,3.0,1.0,4.0,235.0,4.0
2,235.0,6.0,546.0,,631130.0,3.0,1.0,6.0,235.0,4.0
1,235.0,6.0,546.0,,631127.0,3.0,1.0,6.0,235.0,4.0
2,,,554.0,,,,,,,
1,,,554.0,,,,,,,
2,235.0,4.0,557.0,,631175.0,3.0,1.0,4.0,235.0,4.0
1,,,557.0,,,,,,,
2,235.0,2.0,561.0,,628961.0,3.0,1.0,8.0,235.0,4.0
1,235.0,2.0,561.0,,628598.0,3.0,1.0,8.0,235.0,4.0
2,235.0,2.0,562.0,,628964.0,3.0,1.0,8.0,235.0,4.0
1,235.0,2.0,562.0,,628604.0,3.0,1.0,8.0,235.0,4.0
2,235.0,7.0,563.0,,628799.0,3.0,1.0,8.0,235.0,4.0
1,235.0,7.0,563.0,,628802.0,3.0,1.0,8.0,235.0,4.0
2,235.0,7.0,564.0,,628808.0,3.0,1.0,8.0,235.0,4.0
1,235.0,7.0,564.0,,628805.0,3.0,1.0,8.0,235.0,4.0
2,235.0,7.0,566.0,,628811.0,3.0,1.0,8.0,235.0,4.0
1,235.0,7.0,566.0,,628973.0,3.0,1.0,8.0,235.0,4.0
2,14.0,6.0,572.0,,620456.0,3.0,1.0,6.0,14.0,4.0
1,14.0,6.0,572.0,,627209.0,3.0,1.0,6.0,14.0,4.0
2,14.0,6.0,573.0,,627215.0,3.0,1.0,6.0,14.0,4.0
1,14.0,6.0,573.0,,627329.0,3.0,1.0,6.0,14.0,4.0
2,14.0,6.0,574.0,,627221.0,3.0,1.0,6.0,14.0,4.0
1,14.0,6.0,574.0,,627224.0,3.0,1.0,6.0,14.0,4.0
2,7.0,2.0,587.0,,628580.0,3.0,1.0,2.0,7.0,4.0
2,235.0,8.0,587.0,,628583.0,3.0,1.0,8.0,235.0,4.0
1,7.0,2.0,587.0,,628127.0,3.0,1.0,2.0,7.0,4.0
1,235.0,8.0,587.0,,629276.0,3.0,1.0,8.0,235.0,4.0
2,235.0,4.0,588.0,,629924.0,3.0,1.0,4.0,235.0,4.0
1,235.0,4.0,588.0,,628643.0,3.0,1.0,4.0,235.0,4.0
2,235.0,4.0,589.0,,629984.0,3.0,1.0,4.0,235.0,4.0
1,235.0,4.0,589.0,,629987.0,3.0,1.0,4.0,235.0,4.0
2,235.0,8.0,591.0,,631091.0,4.0,1.0,4.0,235.0,4.0
1,235.0,8.0,591.0,,631073.0,4.0,1.0,4.0,235.0,4.0
2,235.0,4.0,592.0,,631082.0,4.0,1.0,4.0,235.0,4.0
1,235.0,4.0,592.0,,631076.0,4.0,1.0,4.0,235.0,4.0
2,235.0,4.0,593.0,,631103.0,4.0,1.0,4.0,235.0,4.0
1,235.0,4.0,593.0,,631079.0,4.0,1.0,4.0,235.0,4.0
2,235.0,2.0,594.0,,630353.0,3.0,1.0,2.0,235.0,4.0
1,235.0,2.0,594.0,,629978.0,3.0,1.0,2.0,235.0,4.0
2,235.0,2.0,595.0,,630347.0,3.0,1.0,2.0,235.0,4.0
1,235.0,2.0,595.0,,629750.0,3.0,1.0,2.0,235.0,4.0
2,235.0,5.0,596.0,,629993.0,3.0,1.0,5.0,235.0,4.0
1,235.0,5.0,596.0,,629882.0,3.0,1.0,5.0,235.0,4.0
2,235.0,2.0,602.0,,630893.0,3.0,1.0,2.0,235.0,4.0
1,235.0,2.0,602.0,,628250.0,3.0,1.0,2.0,235.0,4.0
2,235.0,7.0,603.0,,630449.0,3.0,1.0,7.0,235.0,4.0
2,235.0,7.0,604.0,,630929.0,3.0,1.0,7.0,235.0,4.0
2,15.0,7.0,607.0,,628268.0,3.0,1.0,7.0,15.0,4.0
2,235.0,7.0,608.0,,628277.0,3.0,1.0,7.0,235.0,4.0
2,235.0,7.0,612.0,,628283.0,3.0,1.0,7.0,235.0,4.0
2,235.0,2.0,613.0,,626879.0,3.0,1.0,2.0,235.0,4.0
1,235.0,2.0,613.0,,630338.0,3.0,1.0,2.0,235.0,4.0
2,235.0,2.0,618.0,,631415.0,4.0,1.0,2.0,235.0,4.0
1,235.0,2.0,618.0,,631391.0,4.0,1.0,2.0,235.0,4.0
2,235.0,2.0,619.0,,630080.0,3.0,1.0,2.0,235.0,4.0
1,235.0,2.0,619.0,,629981.0,3.0,1.0,2.0,235.0,4.0
2,235.0,6.0,626.0,,629543.0,3.0,1.0,6.0,235.0,4.0
1,235.0,6.0,626.0,,628988.0,3.0,1.0,6.0,235.0,4.0
2,235.0,6.0,627.0,,626495.0,3.0,1.0,6.0,235.0,4.0
1,235.0,6.0,627.0,,627809.0,3.0,1.0,6.0,235.0,4.0
2,235.0,6.0,639.0,,627359.0,3.0,1.0,6.0,235.0,4.0
1,235.0,6.0,639.0,,627782.0,3.0,1.0,6.0,235.0,4.0
2,18.0,2.0,641.0,,630818.0,3.0,1.0,2.0,18.0,4.0
1,18.0,2.0,641.0,,630821.0,3.0,1.0,2.0,18.0,4.0
2,235.0,4.0,653.0,,631031.0,3.0,1.0,4.0,235.0,4.0
1,235.0,4.0,653.0,,631028.0,3.0,1.0,4.0,235.0,4.0
2,235.0,2.0,656.0,,629633.0,3.0,1.0,2.0,235.0,4.0
1,235.0,2.0,656.0,,629636.0,3.0,1.0,2.0,235.0,4.0
2,235.0,2.0,657.0,,631037.0,3.0,1.0,2.0,235.0,4.0
1,235.0,2.0,657.0,,631034.0,3.0,1.0,2.0,235.0,4.0
2,235.0,5.0,665.0,,630851.0,3.0,1.0,5.0,235.0,4.0
1,235.0,5.0,665.0,,630854.0,3.0,1.0,5.0,235.0,4.0
2,235.0,2.0,668.0,,630857.0,3.0,1.0,4.0,235.0,4.0
1,235.0,2.0,668.0,,630860.0,3.0,1.0,4.0,235.0,4.0
2,4.0,3.0,686.0,,626930.0,3.0,1.0,3.0,4.0,4.0
1,4.0,3.0,686.0,,625916.0,3.0,1.0,3.0,4.0,4.0
2,235.0,2.0,688.0,,626933.0,3.0,1.0,2.0,235.0,4.0
1,235.0,2.0,688.0,,622424.0,3.0,1.0,2.0,235.0,4.0
2,235.0,2.0,689.0,,628934.0,3.0,1.0,2.0,235.0,4.0
1,235.0,2.0,689.0,,630380.0,3.0,1.0,2.0,235.0,4.0
2,235.0,2.0,690.0,,629372.0,3.0,1.0,2.0,235.0,4.0
1,235.0,2.0,690.0,,626936.0,3.0,1.0,2.0,235.0,4.0
2,235.0,5.0,691.0,,630389.0,3.0,1.0,5.0,235.0,4.0
1,235.0,5.0,691.0,,630386.0,3.0,1.0,5.0,235.0,4.0
2,235.0,2.0,692.0,,628523.0,3.0,1.0,2.0,235.0,4.0
1,235.0,2.0,692.0,,628520.0,3.0,1.0,2.0,235.0,4.0
2,235.0,2.0,693.0,,626948.0,3.0,1.0,2.0,235.0,4.0
1,235.0,2.0,693.0,,628526.0,3.0,1.0,2.0,235.0,4.0
2,235.0,2.0,694.0,,626954.0,3.0,1.0,2.0,235.0,4.0
1,235.0,2.0,694.0,,626951.0,3.0,1.0,2.0,235.0,4.0
2,235.0,2.0,695.0,,626960.0,3.0,1.0,2.0,235.0,4.0
1,235.0,2.0,695.0,,628529.0,3.0,1.0,2.0,235.0,4.0
2,235.0,2.0,697.0,,628532.0,3.0,1.0,2.0,235.0,4.0
1,235.0,2.0,697.0,,628535.0,3.0,1.0,2.0,235.0,4.0
2,235.0,2.0,698.0,,628541.0,3.0,1.0,2.0,235.0,4.0
1,235.0,2.0,698.0,,628538.0,3.0,1.0,2.0,235.0,4.0
2,235.0,2.0,699.0,,626978.0,3.0,1.0,2.0,235.0,4.0
1,235.0,2.0,699.0,,626975.0,3.0,1.0,2.0,235.0,4.0
2,235.0,2.0,700.0,,626984.0,3.0,1.0,2.0,235.0,4.0
1,235.0,2.0,700.0,,628997.0,3.0,1.0,2.0,235.0,4.0
2,235.0,2.0,701.0,,628544.0,3.0,1.0,2.0,235.0,4.0
1,235.0,2.0,701.0,,624722.0,3.0,1.0,2.0,235.0,4.0
2,235.0,2.0,703.0,,624719.0,3.0,1.0,2.0,235.0,4.0
1,235.0,2.0,703.0,,626354.0,3.0,1.0,2.0,235.0,4.0
2,235.0,2.0,704.0,,628547.0,3.0,1.0,2.0,235.0,4.0
1,235.0,2.0,704.0,,628550.0,3.0,1.0,2.0,235.0,4.0
2,235.0,2.0,705.0,,626999.0,3.0,1.0,2.0,235.0,4.0
1,235.0,2.0,705.0,,626996.0,3.0,1.0,2.0,235.0,4.0
2,235.0,2.0,707.0,,629834.0,3.0,1.0,2.0,235.0,4.0
1,235.0,2.0,707.0,,628553.0,3.0,1.0,2.0,235.0,4.0
2,235.0,2.0,708.0,,624725.0,3.0,1.0,2.0,235.0,4.0
1,235.0,2.0,708.0,,627008.0,3.0,1.0,2.0,235.0,4.0
2,235.0,2.0,709.0,,629837.0,3.0,1.0,2.0,235.0,4.0
1,235.0,2.0,709.0,,630527.0,3.0,1.0,2.0,235.0,4.0
2,235.0,2.0,710.0,,628562.0,3.0,1.0,2.0,235.0,4.0
1,235.0,2.0,710.0,,628559.0,3.0,1.0,2.0,235.0,4.0
2,235.0,2.0,711.0,,627023.0,3.0,1.0,2.0,235.0,4.0
1,235.0,2.0,711.0,,630524.0,3.0,1.0,2.0,235.0,4.0
2,235.0,2.0,712.0,,627029.0,3.0,1.0,2.0,235.0,4.0
1,235.0,2.0,712.0,,627026.0,3.0,1.0,2.0,235.0,4.0
2,235.0,2.0,713.0,,627035.0,3.0,1.0,2.0,235.0,4.0
1,235.0,2.0,713.0,,628565.0,3.0,1.0,2.0,235.0,4.0
2,235.0,2.0,715.0,,627041.0,3.0,1.0,2.0,235.0,4.0
1,235.0,2.0,715.0,,628568.0,3.0,1.0,2.0,235.0,4.0
2,235.0,2.0,716.0,,628574.0,3.0,1.0,2.0,235.0,4.0
1,235.0,2.0,716.0,,628571.0,3.0,1.0,2.0,235.0,4.0
2,235.0,7.0,718.0,,628577.0,3.0,1.0,7.0,235.0,4.0
1,235.0,7.0,718.0,,627047.0,3.0,1.0,7.0,235.0,4.0
2,235.0,7.0,721.0,,627056.0,3.0,1.0,7.0,235.0,4.0
1,235.0,7.0,721.0,,627053.0,3.0,1.0,7.0,235.0,4.0
2,235.0,7.0,723.0,,627062.0,3.0,1.0,7.0,235.0,4.0
1,235.0,7.0,723.0,,627059.0,3.0,1.0,7.0,235.0,4.0
2,235.0,2.0,724.0,,629390.0,3.0,1.0,2.0,235.0,4.0
1,235.0,2.0,724.0,,629387.0,3.0,1.0,2.0,235.0,4.0
2,235.0,2.0,725.0,,629849.0,3.0,1.0,2.0,235.0,4.0
1,235.0,2.0,725.0,,629393.0,3.0,1.0,2.0,235.0,4.0
2,235.0,2.0,726.0,,629396.0,3.0,1.0,2.0,235.0,4.0
1,235.0,2.0,726.0,,629852.0,3.0,1.0,2.0,235.0,4.0
2,235.0,2.0,727.0,,629879.0,3.0,1.0,2.0,235.0,4.0
1,235.0,2.0,727.0,,630455.0,3.0,1.0,2.0,235.0,4.0
2,,,729.0,,,,,,,
1,,,729.0,,,,,,,
2,15.0,7.0,741.0,,630776.0,4.0,1.0,7.0,15.0,4.0
2,235.0,2.0,842.0,,629843.0,3.0,1.0,2.0,235.0,4.0
1,235.0,2.0,842.0,,629840.0,3.0,1.0,2.0,235.0,4.0
2,235.0,2.0,843.0,,612905.0,4.0,1.0,2.0,235.0,7.0
1,235.0,2.0,843.0,,612848.0,4.0,1.0,2.0,235.0,7.0
2,235.0,2.0,845.0,,628163.0,3.0,1.0,2.0,235.0,4.0
1,235.0,2.0,845.0,,627692.0,3.0,1.0,2.0,235.0,4.0
2,235.0,9.0,846.0,,627701.0,3.0,1.0,9.0,235.0,4.0
1,235.0,9.0,846.0,,627698.0,3.0,1.0,9.0,235.0,4.0
2,235.0,2.0,848.0,,628172.0,3.0,1.0,2.0,235.0,4.0
1,235.0,2.0,848.0,,628454.0,3.0,1.0,2.0,235.0,4.0
2,235.0,9.0,849.0,,624530.0,3.0,1.0,9.0,235.0,4.0
1,235.0,9.0,849.0,,622427.0,3.0,1.0,9.0,235.0,4.0
2,235.0,2.0,854.0,,627089.0,3.0,1.0,4.0,235.0,4.0
1,235.0,2.0,854.0,,627086.0,3.0,1.0,4.0,235.0,4.0
2,235.0,4.0,934.0,,630965.0,4.0,1.0,4.0,235.0,4.0
1,235.0,4.0,934.0,,630944.0,4.0,1.0,4.0,235.0,4.0
2,235.0,8.0,938.0,,628766.0,3.0,1.0,8.0,235.0,4.0
1,235.0,8.0,938.0,,628763.0,3.0,1.0,8.0,235.0,4.0
2,235.0,2.0,942.0,,627098.0,3.0,1.0,2.0,235.0,4.0
1,235.0,2.0,942.0,,627803.0,3.0,1.0,2.0,235.0,4.0
2,235.0,2.0,943.0,,628457.0,3.0,1.0,2.0,235.0,4.0
1,235.0,2.0,943.0,,624365.0,3.0,1.0,2.0,235.0,4.0
2,235.0,2.0,944.0,,628928.0,3.0,1.0,2.0,235.0,4.0
1,235.0,2.0,944.0,,627101.0,3.0,1.0,2.0,235.0,4.0
2,,,945.0,,,,,,,
1,,,945.0,,,,,,,
2,235.0,4.0,946.0,,631007.0,4.0,1.0,4.0,235.0,4.0
1,235.0,4.0,946.0,,630995.0,4.0,1.0,4.0,235.0,4.0
2,235.0,4.0,947.0,,630992.0,4.0,1.0,4.0,235.0,4.0
1,235.0,4.0,947.0,,630986.0,4.0,1.0,4.0,235.0,4.0
2,,,948.0,,,,,,,
1,,,948.0,,,,,,,
2,,,949.0,,,,,,,
1,,,949.0,,,,,,,
2,,,950.0,,,,,,,
1,,,950.0,,,,,,,
2,235.0,3.0,959.0,,623621.0,4.0,1.0,3.0,235.0,4.0
1,235.0,3.0,959.0,,623618.0,4.0,1.0,3.0,235.0,4.0
2,235.0,2.0,964.0,,627623.0,3.0,1.0,2.0,235.0,4.0
1,235.0,2.0,964.0,,620486.0,3.0,1.0,2.0,235.0,4.0
2,235.0,8.0,968.0,,627389.0,3.0,1.0,8.0,235.0,4.0
1,235.0,8.0,968.0,,627104.0,3.0,1.0,8.0,235.0,4.0
2,235.0,8.0,969.0,,627110.0,3.0,1.0,8.0,235.0,4.0
1,235.0,8.0,969.0,,627107.0,3.0,1.0,8.0,235.0,4.0
2,235.0,8.0,970.0,,627116.0,3.0,1.0,8.0,235.0,4.0
1,235.0,8.0,970.0,,627113.0,3.0,1.0,8.0,235.0,4.0
2,235.0,8.0,971.0,,630686.0,4.0,1.0,5.0,235.0,4.0
1,235.0,8.0,971.0,,630680.0,4.0,1.0,5.0,235.0,4.0
2,235.0,2.0,975.0,,629321.0,3.0,1.0,2.0,235.0,4.0
1,235.0,2.0,975.0,,629318.0,3.0,1.0,2.0,235.0,4.0
2,235.0,8.0,976.0,,629324.0,3.0,1.0,8.0,235.0,4.0
1,235.0,8.0,976.0,,628085.0,3.0,1.0,8.0,235.0,4.0
2,235.0,2.0,980.0,,629972.0,3.0,1.0,2.0,235.0,4.0
1,235.0,2.0,980.0,,629969.0,3.0,1.0,2.0,235.0,4.0
2,235.0,5.0,992.0,,630896.0,3.0,1.0,5.0,235.0,4.0
1,235.0,5.0,992.0,,631334.0,3.0,1.0,5.0,235.0,4.0
2,15.0,7.0,995.0,,630782.0,4.0,1.0,7.0,15.0,4.0
2,,,996.0,,,,,,,
1,,,996.0,,,,,,,
2,235.0,4.0,997.0,,631097.0,4.0,1.0,4.0,235.0,4.0
1,235.0,4.0,997.0,,631085.0,4.0,1.0,4.0,235.0,4.0
2,235.0,8.0,998.0,,631100.0,4.0,1.0,4.0,235.0,4.0
1,235.0,8.0,998.0,,631088.0,4.0,1.0,4.0,235.0,4.0
2,235.0,2.0,1004.0,,624668.0,3.0,1.0,2.0,235.0,7.0
1,235.0,2.0,1004.0,,624671.0,3.0,1.0,2.0,235.0,7.0
2,7.0,2.0,1005.0,,628493.0,3.0,1.0,2.0,7.0,7.0
1,7.0,2.0,1005.0,,627884.0,3.0,1.0,2.0,7.0,7.0
2,235.0,5.0,1006.0,,628502.0,3.0,1.0,5.0,235.0,7.0
1,235.0,5.0,1006.0,,628499.0,3.0,1.0,5.0,235.0,7.0
2,235.0,5.0,1007.0,,628466.0,3.0,1.0,5.0,235.0,7.0
1,,,1007.0,,,,,,,
2,8.0,2.0,1009.0,,628481.0,3.0,1.0,2.0,8.0,7.0
1,8.0,2.0,1009.0,,628478.0,3.0,1.0,2.0,8.0,7.0
2,,,1010.0,,,,,,,
1,235.0,5.0,1010.0,,628517.0,3.0,1.0,5.0,235.0,7.0
2,,,1011.0,,,,,,,
1,,,1011.0,,,,,,,
2,,,1012.0,,,,,,,
1,,,1012.0,,,,,,,
2,,,1013.0,,,,,,,
1,,,1013.0,,,,,,,
1,,,462.0,,624452.0,3.0,1.0,9.0,235.0,4.0
2,,,462.0,,624458.0,3.0,1.0,9.0,235.0,4.0
2,,,1008.0,,628187.0,3.0,1.0,2.0,235.0,7.0
