mid_point,pred_lo,pred_hi,ve_lower,ve_upper
0,-1.03335684669118,13.0762095317697,0.262433827187007,0.999997905533364
0.1,-0.97969428277646,12.9131896600481,0.272952448849975,0.999997534687849
0.2,-0.922926467451864,12.7513091562307,0.2843619818254,0.999997101485098
0.3,-0.86465998268858,12.5905680203177,0.29636666207817,0.99999659604111
0.4,-0.80696195142543,12.4309662523089,0.308538262997274,0.999996007010044
0.5,-0.749832373662414,12.2725038522045,0.320857826861366,0.999995321385462
0.6,-0.693271249399531,12.1151808200044,0.33330576305023,0.999994524277326
0.7,-0.637278578636782,11.9589971557086,0.345861979223732,0.999993598662193
0.8,-0.581854361374165,11.8039528593171,0.358506016847781,0.999992525103868
0.9,-0.526976983523512,11.65004793083,0.371222234187668,0.999991281441553
1,-0.474601906494894,11.4972823702471,0.383527614026212,0.999989842442293
1.1,-0.425399910701356,11.3456561775685,0.395225323719409,0.999988179414331
1.2,-0.376718570937395,11.1951693527943,0.406918581013664,0.999986259777712
1.3,-0.328557887203011,11.0458218959244,0.418591552732376,0.999984046588261
1.4,-0.280917859498205,10.8976138069587,0.430228764955466,0.999981498010833
1.5,-0.233798487822977,10.7505450858974,0.441815177169146,0.999978566737482
1.6,-0.187534463852302,10.6046157327404,0.453253307350798,0.999975199345988
1.7,-0.141262894670481,10.4598257474877,0.464742887086196,0.999971335593953
1.8,-0.093877988766091,10.3161751301393,0.476547724171368,0.999966907643478
1.9,-0.0411992456747938,10.1736638806953,0.489701645223363,0.999961839211256
2,0.0109394903572081,10.0322919991555,0.502734845315553,0.999956044638725
2.1,0.0626873335858093,9.89205948552002,0.515666703276445,0.999949427876827
2.2,0.11355687815324,9.75296633978888,0.528358751854776,0.999941881379801
2.3,0.162115717953117,9.61501256196203,0.540440398711232,0.999933284902363
2.4,0.21341929348827,9.4781981520395,0.553153225344504,0.999923504194658
2.5,0.263327344153052,9.34252311002128,0.565454050068362,0.99991238958937
2.6,0.311939621748785,9.20798743590738,0.577358630057938,0.999899774475523
2.7,0.36149681123737,9.07459112969778,0.589402721498683,0.999885473653683
2.8,0.410650748666686,8.94233419139249,0.601243905901681,0.999869281567522
2.9,0.454327238919071,8.81121662099151,0.611667579835916,0.999850970407103
3,0.500291384433635,8.68123841849483,0.622527805181613,0.9998302880797
3.1,0.545756973111975,8.55239958390247,0.63315061723122,0.99980695604454
3.2,0.590612285445627,8.42470011721442,0.643505620071819,0.999780667008597
3.3,0.631161951643341,8.29814001843068,0.652752884495875,0.999751082481389
3.4,0.665304309686813,8.17271928755125,0.660450919532651,0.999717830187756
3.5,0.703818417160021,8.04843792457613,0.669033820038864,0.999680501338747
3.6,0.743420468478155,7.92529592950532,0.677743365241222,0.999638647762084
3.7,0.782487685465793,7.80329330233881,0.686216019293996,0.999591778895188
3.8,0.818022335664628,7.68243004307662,0.693816375675466,0.999539358645467
3.9,0.856814950578898,7.56270615171874,0.701994776989363,0.999480802124484
4,0.895396103337308,7.44412162826516,0.710002482382275,0.99941547226473
4.1,0.932722110838588,7.3266764727159,0.717627216289556,0.999342676330084
4.2,0.96889908361969,7.21659302536204,0.724900007427076,0.999266238897528
4.3,1.00639595037497,7.10853509549967,0.73231423885368,0.999182576186137
4.4,1.0311570958437,7.00153455167482,0.737140161493822,0.999090344517817
4.5,1.04627493842899,6.90139084206632,0.740058943801873,0.998994627058999
4.6,1.06897044594334,6.79812082706606,0.744401073813575,0.998885373686445
4.7,1.0887934981884,6.68791247432007,0.748154461372913,0.998755669419135
4.8,1.1042356263381,6.58576349649265,0.751052892845582,0.998622027990187
4.9,1.11941653013015,6.48463528332162,0.753880472741128,0.998475609828679
5,1.14405104550466,6.38388461282181,0.758422639221179,0.998314295564038
5.1,1.15782953092812,6.28419167634277,0.760938105626549,0.998137909509353
5.2,1.17180232562998,6.18555647388451,0.763470640033697,0.997945275108242
5.3,1.18310769884302,6.08797900544703,0.765506116134746,0.997735149269417
5.4,1.19459136527546,5.99145927103033,0.767561220365688,0.997506221289441
5.5,1.21053441640189,5.89599727063441,0.770393494211942,0.997257112077076
5.6,1.21660536652919,5.79277159887997,0.771465605330316,0.996959752878623
5.7,1.22624284681549,5.6888914848859,0.773160308152856,0.996628067023895
5.8,1.23633726723189,5.58618523367966,0.774925819188361,0.996264701432703
5.9,1.24505071883891,5.48465284526128,0.776441941225443,0.995867175607122
6,1.24505217530694,5.38429431963074,0.776442194038848,0.995432877413708
6.1,1.24518659816352,5.28510965678805,0.776465526252698,0.994959063204089
6.2,1.24994448397317,5.18709885673321,0.77729025093675,0.994442858914245
6.3,1.25640354343895,5.093179797817,0.778406376575316,0.993898981191046
6.4,1.26004030023877,5.01208057617841,0.779033045163481,0.993386984684741
6.5,1.2637606679835,4.93186439243809,0.779672806471697,0.992838612598778
6.6,1.26961228472246,4.85253124659602,0.78067637022597,0.992251914546675
6.7,1.27075187363921,4.77408113865222,0.780871429111901,0.991624893736506
6.8,1.27071321102231,4.69633611080686,0.780864813431728,0.990953916331369
6.9,1.27067504729077,4.61937516439275,0.780858282976464,0.990237295693455
7,1.27064369044801,4.54330119218475,0.780852917189395,0.989473750972864
7.1,1.27064369144158,4.46811419418287,0.780852917359417,0.988661121103187
7.2,1.27064369243523,4.38892593806701,0.780852917529451,0.987738163591045
7.3,1.27067033264301,4.30262387635146,0.780857476211354,0.986647693353844
7.4,1.27073732196983,4.23613136014878,0.780868939147527,0.985742770961328
7.5,1.2675503905827,4.16538702422982,0.780323126807351,0.984713595950393
7.6,1.26519537942933,4.08616819210627,0.779919166787775,0.983474193231186
7.7,1.26742799366722,4.00802604027868,0.780302144937404,0.982155004560083
7.8,1.26970878791029,3.93102122911531,0.780692893129045,0.980754053086714
7.9,1.27064369939279,3.85515375861618,0.780852918720041,0.979268544196147
8,1.27064370038702,3.78042362878128,0.780852918890176,0.977695801125543
8.1,1.27064370138132,3.70634963349204,0.780852919060323,0.976022029245256
8.2,1.2706437023757,3.63338721827842,0.780852919230482,0.974253860627231
8.3,1.27064370337015,3.56157405479329,0.780852919400654,0.972389869041512
8.4,1.27064370436467,3.49091014303666,0.780852919570838,0.970428025811584
8.5,1.26859634153988,3.41517565536591,0.780502370045292,0.968175460446088
8.6,1.26429252997509,3.33545012226337,0.779764157794304,0.965625136695436
8.7,1.26006105139432,3.25707439096768,0.779036617258328,0.962926490530661
8.8,1.25642281484305,3.18229072005718,0.778409700679844,0.96016237984859
8.9,1.25631802574979,3.13089294647443,0.778391625287364,0.958149214120788
9,1.25623657563727,3.08028860466922,0.778377574978884,0.956072307032931
9.1,1.25623657662042,3.03032407095311,0.778377575148484,0.953925418532157
9.2,1.25626916028774,2.96943389722984,0.778383195973192,0.951173992754333
9.3,1.25630271329991,2.91514139910198,0.778388983907549,0.948589874845788
9.4,1.25633358215098,2.87596254782455,0.778394308725438,0.946645307442431
9.5,1.25636176684096,2.81395458224703,0.778399170450732,0.943425261713413
9.6,1.25638726736983,2.7686296249595,0.778403569105231,0.940956898580511
9.7,1.25641008373761,2.724743721532,0.778407504708654,0.93847102163876
9.8,1.25643021594429,2.69801654248957,0.778410977278649,0.936909503150483
9.9,1.25687060479424,2.63944440800544,0.778486929460886,0.933357414171469
10,1.257446358314,2.59133252492778,0.778586199374278,0.930301668228988
10.1,1.25791742955098,2.55711028913673,0.778667396560076,0.92804974037369
10.2,1.25828381850519,2.52326534742113,0.778730535227429,0.925756798161858
10.3,1.25854552517664,2.49780153814538,0.778775626428378,0.923987555849127
10.4,1.25870254956531,2.48631706826456,0.778802678057498,0.923177011393587
10.5,1.25875489167121,2.44865206577527,0.778811694851645,0.920462823096901
10.6,1.25870255149433,2.4124211763909,0.778802678389809,0.91776958951282
10.7,1.2578809045529,2.38822174103904,0.778661101614127,0.915924731637923
10.8,1.25629872367911,2.36040857289635,0.778388295698897,0.91375800825295
10.9,1.25629067079221,2.32266720837486,0.77838690657314,0.91073700933707
11,1.25628656780567,2.3022927214129,0.778386198804158,0.909066743260099
11.1,1.25628155282228,2.28903821847883,0.778385333712677,0.907965110836682
11.2,1.25350535975095,2.2665967619942,0.777906065854347,0.906072554906851
11.3,1.24969391564381,2.25955444517646,0.777246872010255,0.905471501626682
11.4,1.24939158967567,2.22379791640131,0.777194524666799,0.902366308979247
11.5,1.2490536958304,2.20425454204356,0.777136008408602,0.900630920086925
11.6,1.248680234108,2.19327041152439,0.777071319774748,0.89964356177502
11.7,1.24843427401098,2.18407527335008,0.77702870883854,0.898810322409975
11.8,1.24842287474356,2.16704078194481,0.777026733851148,0.897250470668492
11.9,1.24726543849227,2.15606350601754,0.776826136560272,0.896234030737241
12,1.24669719645995,2.14970347547861,0.776727606482449,0.895641064534472
12.1,1.2450441138305,2.14275721242925,0.77644079472696,0.894990023600897
12.2,1.24283513393151,2.13180444947822,0.776057124787433,0.89395618910822
12.3,1.23913110741753,2.12464143673927,0.775412734726528,0.893275227390956
12.4,1.23693992293811,2.11684602295196,0.775030914445883,0.892529773174491
12.5,1.23200168925051,2.11202182745518,0.77416872467033,0.892066157500675
12.6,1.22357216127732,2.10867593411991,0.772691572443912,0.89174357821574
12.7,1.220911658844,2.09628219352544,0.772223944655532,0.890541302202287
12.8,1.22068081148133,2.0901946332524,0.772183337409239,0.889946489802788
12.9,1.22067412716841,2.08445201950919,0.772182161527966,0.889382787492564
13,1.22067412816703,2.07694583631884,0.77218216170364,0.888642160135476
13.1,1.21290188226002,2.07105612050676,0.770812000892001,0.888057994467793
13.2,1.21009331900427,2.06529687235078,0.770315460352707,0.887484181047741
13.3,1.19763912574066,2.04905689427903,0.768104530867891,0.885852288442774
13.4,1.19297616542138,2.04322318600267,0.767272926427426,0.885261066327653
13.5,1.19003890238868,2.03086034749748,0.766748021817619,0.883999330997802
13.6,1.18361161409175,2.03024501062621,0.765596560095854,0.883936216666292
13.7,1.18339234310927,2.02447546196952,0.765557207769794,0.883342989031624
13.8,1.18328465695763,2.01484887377508,0.765537879774505,0.882347320288422
13.9,1.18319496292525,2.00094454345168,0.76552178024199,0.880896213317135
14,1.18310259142923,1.98549001161433,0.765505199319518,0.879265184887436
14.1,1.18155757120542,1.97968537745961,0.765227743630835,0.878647619167691
14.2,1.18036566504894,1.96866684677789,0.765013544942821,0.877467847292306
14.3,1.18002833383452,1.96787713054889,0.764952898224372,0.877382913249851
14.4,1.1770529827349,1.95081939281984,0.764417508542897,0.875535960774544
14.5,1.17291803352997,1.94706119000157,0.763672058931669,0.875125840771648
14.6,1.17277023347334,1.94248820680439,0.763645383374628,0.87462524453516
14.7,1.17277023447273,1.94017194583555,0.76364538355501,0.874371032319532
14.8,1.17277023547187,1.93844137689548,0.763645383735346,0.874180812481196
14.9,1.17178328909083,1.93481538840672,0.763467202336885,0.873781453246943
15,1.17162769719974,1.93021548155733,0.763439103618246,0.873273268507943
15.1,1.16785882566991,1.92509635498682,0.762757770360348,0.872705666431375
15.2,1.16250007125391,1.92234160737932,0.761786693976586,0.872399325851047
15.3,1.15589419994689,1.91486852304115,0.760585869272105,0.871565113796792
15.4,1.15586511614815,1.90728010653591,0.760580573217497,0.870713273509288
15.5,1.14779768561238,1.90413631233522,0.759108425360821,0.870358958706581
15.6,1.1459046918418,1.89782096906073,0.758762097407096,0.86964470350813
15.7,1.14399458785009,1.89064040936602,0.75841229502641,0.868828532384479
15.8,1.14182588457403,1.88659138989673,0.758014715864708,0.86836639427783
15.9,1.13535290706002,1.88348885142639,0.756825405772604,0.868011349410623
16,1.13465822915864,1.87690829073549,0.756697533949164,0.867255602577498
16.1,1.13128952772608,1.86716313145267,0.756076798350131,0.866129686761719
16.2,1.12323630235152,1.85860052529289,0.754588523748846,0.865133744472566
16.3,1.11432829827369,1.85447858285402,0.752935159140347,0.864652082909806
16.4,1.11379646643092,1.84557834510076,0.752836212449317,0.863607113706472
16.5,1.10714419176761,1.83694046697284,0.75159631724172,0.862586459874606
16.6,1.10061043896562,1.82869372139791,0.750374465996356,0.86160603832818
16.7,1.08855240089607,1.82056030893736,0.748109031256763,0.860633346084565
16.8,1.08305083308347,1.81172801442674,0.747070890886452,0.859570590775096
16.9,1.07387354250423,1.80227387809962,0.745332858309838,0.858425507424392
17,1.06606631979364,1.78824345368379,0.743848119122129,0.856711783763931
17.1,1.0563974716435,1.77941417058795,0.742001495762781,0.855624512771532
17.2,1.04948468797018,1.76953062411424,0.740675932851204,0.85439928987877
17.3,1.04084688237058,1.75405170498001,0.739013379552354,0.852463111973387
17.4,1.03908069536468,1.74425714037601,0.738672586690175,0.851226994515067
17.5,1.02423696719001,1.73449887502596,0.735797087242792,0.849986971537899
17.6,1.0097136468681,1.73022124733204,0.732964105730724,0.849440718025203
17.7,1.00111540804293,1.71939249006311,0.73127782463386,0.848050568677516
17.8,0.981955110543332,1.70904390592894,0.727495980708571,0.846712233316731
17.9,0.968244126701982,1.70322896592633,0.72476937669007,0.845955986058922
18,0.950152905621232,1.6913781607436,0.721145927538778,0.844405315452255
18.1,0.940828353668567,1.68341637039287,0.71926695062546,0.843356385083638
18.2,0.92081812094504,1.68102756405204,0.715208774151314,0.843040549592959
18.3,0.904529479932784,1.67577212391275,0.711879422023309,0.842343878659282
18.4,0.887500612839856,1.6704846391039,0.70837411763294,0.841640425432129
18.5,0.86731128238732,1.6670122043578,0.704185923970242,0.841177063778848
18.6,0.852008498756998,1.6613376519359,0.700988301124275,0.840417485199694
18.7,0.833096817116208,1.65036826469981,0.697009337066668,0.838940816237921
18.8,0.818381769441576,1.64295919547987,0.693892726746505,0.837937193559749
18.9,0.791273633431297,1.64159361886498,0.688104738933923,0.83775166477888
19,0.772269077881599,1.63829086745445,0.684011536323263,0.837302241286199
19.1,0.751198950588042,1.63631214374915,0.679439888364672,0.837032505358878
19.2,0.718909822867334,1.63554334113573,0.672366907472516,0.83692760651841
19.3,0.687379887308715,1.6330350907332,0.665383816404371,0.836584991671535
19.4,0.658282210247051,1.6330063872029,0.658874405310656,0.836581067558399
19.5,0.638530957607118,1.62492869585286,0.654421306113998,0.835473736057181
19.6,0.603983877634372,1.62425768421733,0.646567224854622,0.835381479796851
19.7,0.578352605235994,1.6242576852148,0.640688252794102,0.835381479934023
19.8,0.538847697077102,1.62425768621227,0.631544322017219,0.835381480071195
19.9,0.514153074199521,1.62164827407848,0.625779546238419,0.835022321524877
20,0.488821607082202,1.62164827507728,0.619828793822829,0.835022321662472
20.1,0.458774102033485,1.62164827607608,0.61272331880656,0.835022321800067
20.2,0.431289373073889,1.62164827707488,0.606181516748938,0.835022321937662
20.3,0.399898898632802,1.62164827807369,0.598663369180232,0.835022322075257
20.4,0.364456269000989,1.62164827907249,0.590118741477904,0.835022322212852
20.5,0.33639136223556,1.62164828007129,0.583313676232129,0.835022322350447
20.6,0.310410367318941,1.62164828107009,0.576985423977984,0.835022322488042
20.7,0.284520043553059,1.62164828206889,0.570654022710791,0.835022322625637
20.8,0.254603599199368,1.62164828306769,0.563309277310396,0.835022322763232
20.9,0.221825142536631,1.62163730859174,0.555229998725824,0.835020810913392
21,0.185485425238518,1.62162001504804,0.546238862198839,0.835018428522742
21.1,0.148169941056937,1.62160272150433,0.536974863469602,0.835016046104486
21.2,0.110854456875356,1.62158542796063,0.527685268669266,0.835013663658625
21.3,0.0842926705404532,1.6210585610883,0.521060698976413,0.834941066586415
21.4,0.0521792917621571,1.62035405432963,0.513041864007925,0.834843952440626
21.5,0.0318452640197448,1.61967252775239,0.507960643261787,0.834749962432812
21.6,-0.000506621964998571,1.61898237733504,0.499873344511459,0.83465473938925
21.7,-0.0298490172464917,1.61786886296759,0.492538299688908,0.834501010226543
21.8,-0.0553171677288785,1.61763652060517,0.486174233445841,0.834468919144047
21.9,-0.0903795887660003,1.61763652160245,0.477420470733823,0.834468919281803
22,-0.131623954558037,1.61763652259974,0.467141436850202,0.834468919419558
22.1,-0.16388075228712,1.61763652359702,0.459121260690017,0.834468919557314
22.2,-0.192564786923363,1.61763652459431,0.452007014807917,0.834468919695069
22.3,-0.221248821559605,1.61763652559159,0.444912328062502,0.834468919832825
22.4,-0.249932856195847,1.61763652658887,0.437840025561836,0.83446891997058
22.5,-0.280932835637077,1.61763652758616,0.430225093828806,0.834468920108335
22.6,-0.31730961173095,1.61763652858344,0.421331555651283,0.834468920246091
22.7,-0.353686387824824,1.61763652958073,0.41248876799891,0.834468920383846
22.8,-0.390063163918696,1.61763653057801,0.403702095368167,0.834468920521601
22.9,-0.426439940012569,1.6176365315753,0.394976760663484,0.834468920659357
23,-0.460310875791913,1.61763653257258,0.386912078073254,0.834468920797112
23.1,-0.493247148530414,1.61763653356986,0.379128921330872,0.834468920934868
23.2,-0.526183421268916,1.61763653456715,0.371407483464154,0.834468921072623
23.3,-0.559119694007416,1.61763653556443,0.363751169995475,0.834468921210379
23.4,-0.592518796480777,1.61763653656172,0.356057134357109,0.834468921348134
23.5,-0.628639317933406,1.617636537559,0.347819132317279,0.834468921485889
23.6,-0.664759839386035,1.61763653855628,0.339671191592907,0.834468921623645
23.7,-0.700880360838665,1.61763653955357,0.331617069409676,0.8344689217614
23.8,-0.737000882291293,1.61763654055085,0.323660316054308,0.834468921899156
23.9,-0.773121403743922,1.61763654154814,0.315804271073612,0.834468922036911
24,-0.80924192519655,1.61763654254542,0.308052060365118,0.834468922174666
24.1,-0.84536244664918,1.61763654354271,0.300406594143644,0.834468922312422
24.2,-0.881454921935213,1.61763654453999,0.292876374084629,0.834468922450177
24.3,-0.91747294633418,1.61763654553727,0.285473078590634,0.834468922587933
24.4,-0.953490970733148,1.61763654653456,0.278183301782995,0.834468922725688
24.5,-0.989508995132115,1.61763654753184,0.2710090712138,0.834468922863444
24.6,-1.02552701953108,1.61763654852913,0.263952203223961,0.834468923001199
24.7,-1.06160805507032,1.61763654952641,0.257002273230917,0.834468923138954
24.8,-1.09778582789561,1.6176365505237,0.250154993410016,0.83446892327671
24.9,-1.13394218235265,1.61763655152098,0.243434319063312,0.834468923414465
25,-1.1700016803935,1.61681762314861,0.236854680534255,0.834355773410615
25.1,-1.2060236888721,1.61363069547175,0.2304053694614,0.833914850733459
25.2,-1.2391610264435,1.61044376779489,0.22458205498309,0.833472988630658
25.3,-1.27136474080416,1.60725684011802,0.219023720479265,0.833030186347775
25.4,-1.30355966846967,1.6048046180854,0.213566540151866,0.832688825984921
25.5,-1.33575459613518,1.60480461907805,0.208209080624362,0.832688826123214
25.6,-1.36794952380069,1.60480462007069,0.202951333724203,0.832688826261508
25.7,-1.40014445146621,1.60480462106333,0.197793190175884,0.832688826399801
25.8,-1.43233937913172,1.60480462205598,0.192734443544741,0.832688826538094
25.9,-1.46453430679723,1.60480462304862,0.187774794257387,0.832688826676387
26,-1.49672923446274,1.60480462404126,0.18291385368038,0.832688826814681
26.1,-1.52892416212825,1.60480462503391,0.178151148239501,0.832688826952974
26.2,-1.56111908979377,1.60480462602655,0.173486123562917,0.832688827091267
26.3,-1.59331401745928,1.60480462701919,0.168918148632388,0.83268882722956
26.4,-1.62550894512479,1.60480462801184,0.164446519927633,0.832688827367854
26.5,-1.6577038727903,1.60480462900448,0.16007046554991,0.832688827506147
26.6,-1.68989880045582,1.60480462999713,0.155789149311871,0.83268882764444
26.7,-1.72209372812133,1.60480463098977,0.151601674781706,0.832688827782734
26.8,-1.75428865578684,1.60480463198241,0.147507089270587,0.832688827921027
26.9,-1.78648358345235,1.60480463297506,0.143504387753392,0.83268882805932
27,-1.81867851111786,1.6048046339677,0.139592516713642,0.832688828197613
27.1,-1.85087343878338,1.60480463496034,0.135770377904521,0.832688828335907
27.2,-1.88306836644889,1.60480463595299,0.132036832018765,0.8326888284742
27.3,-1.91657575973765,1.60480463694563,0.128243900407584,0.832688828612493
27.4,-1.95171985280381,1.60480463793827,0.124365946808872,0.832688828750787
27.5,-1.98686394586998,1.60480463893092,0.120589037096143,0.83268882888908
27.6,-2.02200803893615,1.60480463992356,0.116911514952432,0.832688829027373
27.7,-2.05715213200231,1.60480464091621,0.113331690567764,0.832688829165666
27.8,-2.09229622506848,1.60480464190885,0.109847845268117,0.83268882930396
27.9,-2.12744031813465,1.60480464290149,0.106458235942399,0.832688829442253
28,-2.16258441120081,1.60480464389414,0.103161099265587,0.832688829580546
28.1,-2.19772850426698,1.60480464488678,0.099954655717273,0.832688829718839
28.2,-2.23287259733315,1.60480464587942,0.096837113395917,0.832688829857132
28.3,-2.267993446781,1.60480464687207,0.0938086475184154,0.832688829995426
28.4,-2.30310096470629,1.60480464786471,0.0908664658797499,0.832688830133719
28.5,-2.33820848263158,1.60480464885736,0.0880075999750586,0.832688830272012
28.6,-2.37331600055687,1.60480464985,0.0852302481240218,0.832688830410306
28.7,-2.40842351848216,1.60480465084264,0.0825326123179989,0.832688830548599
28.8,-2.44353103640744,1.60480465183529,0.0799129008464658,0.832688830686892
28.9,-2.47863855433273,1.60480465282793,0.0773693307431495,0.832688830825186
29,-2.51374607225802,1.60480465382057,0.0749001300571434,0.832688830963479
29.1,-2.54885359018331,1.60480465481322,0.0725035399545816,0.832688831101772
29.2,-2.5839611081086,1.60480465580586,0.0701778166567067,0.832688831240065
29.3,-2.61906862603388,1.6048046567985,0.0679212332203459,0.832688831378359
29.4,-2.65417614395917,1.60480465779115,0.0657320811669571,0.832688831516652
29.5,-2.68716753766251,1.60480465878379,0.0637348303006218,0.832688831654945
29.6,-2.71979614568343,1.60480465977644,0.0618152875670011,0.832688831793238
29.7,-2.75242475370435,1.60480466076908,0.0599498551743189,0.832688831931532
29.8,-2.78505336172528,1.60480466176172,0.0581372284917874,0.832688832069825
29.9,-2.8176819697462,1.60480466275437,0.0563761210752833,0.832688832208118
30,-2.85031057776712,1.60480466374701,0.0546652652766972,0.832688832346411
30.1,-2.88293918578805,1.60480466473965,0.0530034127828444,0.832688832484705
30.2,-2.91556779380897,1.6048046657323,0.0513893350875474,0.832688832622998
30.3,-2.94819640182989,1.60480466672494,0.0498218239004251,0.832688832761291
30.4,-2.98082500985082,1.60480466771758,0.0482996914958462,0.832688832899585
30.5,-3.01345361787174,1.60480466871023,0.0468217710054197,0.832688833037878
30.6,-3.04608222589266,1.60480466970287,0.0453869166573013,0.832688833176171
30.7,-3.07871083391359,1.60480467069552,0.0439940039654976,0.832688833314464
30.8,-3.11133944193451,1.60480467168816,0.042641929872252,0.832688833452757
30.9,-3.14396804995543,1.6048046726808,0.0413296128464889,0.832688833591051
31,-3.17657322585136,1.60480467367345,0.0400568939514978,0.832688833729344
31.1,-3.209173174542,1.60480467466609,0.038821975549558,0.832688833867637
31.2,-3.24177312323264,1.60480467565873,0.0376236364262161,0.832688834005931
31.3,-3.27437307192327,1.60480467665138,0.0364608839375422,0.832688834144224
31.4,-3.30897957874784,1.60480467764402,0.0352644183349484,0.832688834282517
31.5,-3.34359141084522,1.60480467863666,0.034105649642311,0.83268883442081
31.6,-3.3782032429426,1.60480467962931,0.0329836556196343,0.832688834559104
31.7,-3.41281507503998,1.60480468062195,0.0318973535747516,0.832688834697397
31.8,-3.44742690713736,1.6048046816146,0.0308456872017667,0.83268883483569
31.9,-3.48203873923474,1.60477331322562,0.0298276263061944,0.832684464604502
32,-3.51665057133213,1.6047411006203,0.0288421665047378,0.832679976662507
32.1,-3.55126240342951,1.60470888801498,0.0278883289022684,0.832675488624321
32.2,-3.58587423552689,1.60467667540967,0.026965159748429,0.832671000489943
32.3,-3.62048606762427,1.60464446280435,0.0260717300761318,0.832666512259373
32.4,-3.65509789972165,1.60461225019903,0.025207135324091,0.832662023932609
32.5,-3.68970973181903,1.60458003759371,0.0243704949453895,0.832657535509651
32.6,-3.72432156391641,1.60454782498839,0.0235609520039584,0.832653046990499
32.7,-3.7589333960138,1.60451561238308,0.0227776727607182,0.832648558375151
32.8,-3.79354522811118,1.60448339977776,0.0220198462510175,0.832644069663606
32.9,-3.82815706020856,1.60351535549134,0.0212866838548909,0.832509131261459
33,-3.86276889230594,1.60250211021466,0.0205774188615509,0.832367799088614
33.1,-3.89738072440332,1.60250211120775,0.0198913060294258,0.832367799227182
33.2,-3.9319925565007,1.60250211220085,0.0192276211429595,0.83236779936575
33.3,-3.96660438859809,1.60250211319394,0.0185856605672951,0.832367799504318
33.4,-4.00121622069547,1.60250211418704,0.0179647408018797,0.832367799642886
33.5,-4.03582805279285,1.60250211518013,0.017364198033941,0.832367799781454
33.6,-4.07043988489023,1.60250211617322,0.0167833876927116,0.832367799920022
33.7,-4.10505171698761,1.60250211716632,0.0162216840052016,0.83236780005859
33.8,-4.13966354908499,1.60250211815941,0.0156784795542485,0.832367800197158
33.9,-4.17427538118237,1.60250211915251,0.0151531848395126,0.832367800335726
34,-4.20888721327975,1.6025021201456,0.0146452278420181,0.832367800474294
34.1,-4.24349904537714,1.60250212113869,0.0141540535927886,0.832367800612862
34.2,-4.27811087747452,1.60250212213179,0.0136791237460659,0.83236780075143
34.3,-4.3127227095719,1.60250212312488,0.0132199161575538,0.832367800889998
34.4,-4.34733454166928,1.60250212411798,0.012775924468079,0.832367801028566
34.5,-4.38194637376666,1.60250212511107,0.0123466576930185,0.832367801167134
34.6,-4.41655820586404,1.60250212610416,0.0119316398177986,0.832367801305702
34.7,-4.45117003796143,1.60250212709726,0.0115304093997362,0.83236780144427
34.8,-4.48578187005881,1.60250212809035,0.0111425191764516,0.832367801582839
34.9,-4.52039370215619,1.60250212908345,0.010767535681056,0.832367801721406
35,-4.55500553425357,1.60250213007654,0.0104050388642766,0.832367801859974
35.1,-4.58961736635095,1.60250213106963,0.0100546217236643,0.832367801998542
35.2,-4.62422919844833,1.60250213206273,0.00971588993999186,0.832367802137111
35.3,-4.65884103054572,1.60250213305582,0.00938846152093456,0.832367802275679
35.4,-4.6934528626431,1.60250213404892,0.00907196645209765,0.832367802414247
35.5,-4.72806469474048,1.60250213504201,0.0087660463554362,0.832367802552815
35.6,-4.76267652683786,1.6025021360351,0.00847035415509385,0.832367802691383
35.7,-4.79728835893524,1.6025021370282,0.00818455375066908,0.832367802829951
35.8,-4.83190019103262,1.60250213802129,0.00790831969790199,0.832367802968519
35.9,-4.86651202313,1.60250213901439,0.00764133689676033,0.832367803107087
36,-4.90112385522738,1.60250214000748,0.00738330028688961,0.832367803245655
36.1,-4.93573568732477,1.60250214100057,0.00713391455038126,0.832367803384223
36.2,-4.97034751942215,1.60250214199367,0.00689289382180094,0.832367803522791
36.3,-5.00495935151953,1.60250214298676,0.00665996140541009,0.832367803661359
36.4,-5.03957118361691,1.60250214397986,0.00643484949950491,0.832367803799927
36.5,-5.07418301571429,1.60250214497295,0.00621729892778894,0.832367803938495
36.6,-5.10879484781167,1.60250214596604,0.00600705887768911,0.832367804077063
36.7,-5.14340192101307,1.60250214695914,0.00580391410537179,0.832367804215631
36.8,-5.17800113550583,1.60250214795223,0.0056076442823684,0.832367804354199
36.9,-5.21260034999859,1.60250214894533,0.00541797550719469,0.832367804492767
37,-5.24719956449135,1.60250214993842,0.00523468817609447,0.832367804631335
37.1,-5.28179877898411,1.60250215093151,0.00505756983097372,0.832367804769903
37.2,-5.31639799347687,1.60250215192461,0.00488641493758099,0.832367804908471
37.3,-5.35099720796962,1.6025021529177,0.00472102466985155,0.832367805047039
37.4,-5.38559642246238,1.60250215391079,0.00456120670029433,0.832367805185607
37.5,-5.42019563695514,1.60250215490389,0.00440677499629908,0.832367805324175
37.6,-5.4547948514479,1.60250215589698,0.00425754962224069,0.832367805462743
37.7,-5.48939406594066,1.60250215689008,0.00411335654725596,0.832367805601311
37.8,-5.52399328043342,1.60250215788317,0.00397402745856862,0.832367805739879
37.9,-5.55759301024082,1.60250215887626,0.00384322416423787,0.832367805878447
38,-5.59114231445859,1.60250215986936,0.00371689686033971,0.832367806017015
38.1,-5.62469161867636,1.60250216086245,0.00359470696796415,0.832367806155583
38.2,-5.65824092289413,1.60250216185555,0.00347651994975521,0.832367806294151
38.3,-5.6917902271119,1.60250216284864,0.00336220558044461,0.83236780643272
38.4,-5.72533953132967,1.60250216384173,0.0032516378127095,0.832367806571287
38.5,-5.75888883554744,1.60250216483483,0.00314469464693769,0.832367806709856
38.6,-5.79243813976521,1.60250216582792,0.00304125800480411,0.832367806848424
38.7,-5.82598744398298,1.60250216682102,0.00294121360656372,0.832367806986992
38.8,-5.85953151160538,1.60250216781411,0.00284446570487476,0.83236780712556
38.9,-5.89306580421001,1.6025021688072,0.00275091825208159,0.832367807264128
39,-5.92660009681464,1.6025021698003,0.00266043913569268,0.832367807402696
39.1,-5.96013438941927,1.60250217079339,0.00257292824607392,0.832367807541264
39.2,-5.9936686820239,1.60250217178649,0.00248828870546105,0.832367807679832
39.3,-6.02760892125722,1.60250217277958,0.00240545243263716,0.8323678078184
39.4,-6.06228863530336,1.60250217377267,0.00232365246795625,0.832367807956968
39.5,-6.09696834934949,1.60250217476577,0.00224462793902479,0.832367808095536
39.6,-6.13164806339563,1.60250217575886,0.0021682850950913,0.832367808234104
39.7,-6.16632777744177,1.60250217675196,0.00209453332419685,0.832367808372672
39.8,-6.2010074914879,1.60250217774505,0.00202328504996229,0.83236780851124
39.9,-6.23568720553404,1.60250217873814,0.00195445563164325,0.832367808649808
40,-6.27036691958017,1.60250217973124,0.00188796326735818,0.832367808788376
40.1,-6.30504663362631,1.60250218072433,0.00182372890039662,0.832367808926944
40.2,-6.33972634767245,1.60250218171743,0.00176167612851711,0.832367809065512
40.3,-6.37440606171858,1.60250218271052,0.00170173111614633,0.83236780920408
40.4,-6.40908577576472,1.60250218370361,0.00164382250939313,0.832367809342648
40.5,-6.44376548981085,1.60250218469671,0.00158788135379333,0.832367809481216
40.6,-6.47844520385699,1.6025021856898,0.00153384101470307,0.832367809619784
40.7,-6.51312491790313,1.6025021866829,0.00148163710026089,0.832367809758352
40.8,-6.54780463194926,1.60250218767599,0.0014312073868403,0.83236780989692
40.9,-6.5824843459954,1.60250218866908,0.00138249174691723,0.832367810035488
41,-6.61716406004153,1.60250218966218,0.00133543207927813,0.832367810174056
41.1,-6.65184377408767,1.60250219065527,0.00128997224149686,0.832367810312624
41.2,-6.68652348813381,1.60250219164837,0.00124605798461045,0.832367810451192
41.3,-6.72072304214805,1.60250219264146,0.00120421427089783,0.83236781058976
41.4,-6.7547661735089,1.60250219363455,0.00116395591122709,0.832367810728328
41.5,-6.78880930486975,1.60250219462765,0.00112504192188039,0.832367810866897
41.6,-6.82285243623059,1.60250219562074,0.00108742750921306,0.832367811005464
41.7,-6.85689556759144,1.60250219661383,0.00105106936552439,0.832367811144032
41.8,-6.89093869895229,1.60250219760693,0.00101592562019552,0.8323678112826
41.9,-6.92498183031313,1.60250219860002,0.000981955792405677,0.832367811421169
42,-6.95902496167398,1.60250219959312,0.000949120745377553,0.832367811559736
42.1,-6.99306809303482,1.60250220058621,0.000917382642104215,0.832367811698305
42.2,-7.02711122439567,1.6025022015793,0.000886704902511169,0.832367811836873
42.3,-7.06115435575652,1.6025022025724,0.000857052162008626,0.832367811975441
42.4,-7.09519748711736,1.60250220356549,0.00082839023139025,0.832367812114009
42.5,-7.12924061847821,1.60250220455859,0.000800686058036044,0.832367812252577
42.6,-7.16328374983906,1.60250220555168,0.000773907688378136,0.832367812391145
42.7,-7.1973268811999,1.60250220654477,0.000748024231589627,0.832367812529713
42.8,-7.23137001256075,1.60250220753787,0.000723005824457628,0.832367812668281
42.9,-7.2654131439216,1.60250220853096,0.000698823597402985,0.832367812806849
43,-7.29945627528244,1.60250220952406,0.000675449641610144,0.832367812945417
43.1,-7.33349940664329,1.60250221051715,0.000652856977231814,0.832367813083985
43.2,-7.36754253800413,1.60250221151024,0.000631019522634119,0.832367813222553
43.3,-7.40158566936498,1.60250221250334,0.000609912064648937,0.832367813361121
43.4,-7.43562880072583,1.60250221349643,0.000589510229801189,0.832367813499689
43.5,-7.46967193208667,1.60250221448953,0.000569790456479805,0.832367813638257
43.6,-7.50371506344752,1.60250221548262,0.000550729968022038,0.832367813776825
43.7,-7.53775819480836,1.60250221647571,0.000532306746681758,0.832367813915393
43.8,-7.57180132616921,1.60250221746881,0.000514499508453221,0.832367814053961
43.9,-7.60584445753006,1.6025022184619,0.000497287678722744,0.832367814192529
44,-7.6398875888909,1.602502219455,0.000480651368721522,0.832367814331097
44.1,-7.67393072025175,1.60250222044809,0.000464571352753693,0.832367814469665
44.2,-7.7079738516126,1.60250222144118,0.000449029046174534,0.832367814608233
44.3,-7.74201698297344,1.60250222243428,0.000434006484094481,0.832367814746801
44.4,-7.77606011433429,1.60250222342737,0.000419486300785417,0.832367814885369
44.5,-7.81010324569513,1.60250222442047,0.000405451709766404,0.832367815023937
44.6,-7.84414637705598,1.60250222541356,0.000391886484546767,0.832367815162505
44.7,-7.87818950841683,1.60250222640665,0.000378774940005149,0.832367815301073
44.8,-7.91223263977767,1.60250222739975,0.000366101914383772,0.832367815439641
44.9,-7.94627577113852,1.60250222839284,0.000353852751877885,0.832367815578209
45,-7.98031890249937,1.60250222938594,0.000342013285800937,0.832367815716777
45.1,-8.01436203386021,1.60250223037903,0.000330569822306676,0.832367815855345
45.2,-8.04840516522106,1.60250223137212,0.000319509124649979,0.832367815993913
45.3,-8.08244829658191,1.60250223236522,0.000308818397968739,0.832367816132481
45.4,-8.11649142794275,1.60250223335831,0.000298485274569797,0.832367816271049
45.5,-8.1505345593036,1.60250223435141,0.000288497799702361,0.832367816409617
45.6,-8.18457769066444,1.6025022353445,0.000278844417802935,0.832367816548185
45.7,-8.21862082202529,1.60250223633759,0.000269513959196291,0.832367816686753
45.8,-8.25266395338614,1.60250223733069,0.000260495627237488,0.832367816825321
45.9,-8.28670708474698,1.60250223832378,0.000251778985880455,0.83236781696389
46,-8.32075021610783,1.60250223931688,0.000243353947659114,0.832367817102458
46.1,-8.35479334746868,1.60250224030997,0.000235210762067449,0.832367817241026
46.2,-8.38883647882952,1.60250224130306,0.000227340004325418,0.832367817379594
46.3,-8.42287961019037,1.60250224229616,0.000219732564517957,0.832367817518162
46.4,-8.45692274155122,1.60250224328925,0.00021237963709482,0.83236781765673
46.5,-8.49096587291206,1.60250224428235,0.000205272710719316,0.832367817795298
46.6,-8.52500900427291,1.60250224527544,0.000198403558454466,0.832367817933866
46.7,-8.55905213563375,1.60250224626853,0.00019176422827542,0.832367818072434
46.8,-8.5930952669946,1.60250224726163,0.000185347033897367,0.832367818211002
46.9,-8.62713839835545,1.60250224825472,0.000179144545908508,0.83236781834957
47,-8.66118152971629,1.60250224924781,0.000173149583198017,0.832367818488138
47.1,-8.69522466107714,1.60250225024091,0.000167355204669227,0.832367818626706
47.2,-8.72926779243799,1.602502251234,0.000161754701228605,0.832367818765274
47.3,-8.76331092379883,1.6025022522271,0.000156341588041401,0.832367818903842
47.4,-8.79735405515968,1.60250225322019,0.000151109597045122,0.83236781904241
47.5,-8.83139718652052,1.60250225421328,0.000146052669712303,0.832367819180978
47.6,-8.86544031788137,1.60250225520638,0.000141164950054318,0.832367819319546
47.7,-8.89948344924222,1.60250225619947,0.000136440777858236,0.832367819458114
47.8,-8.93352658060306,1.60250225719257,0.000131874682148994,0.832367819596682
47.9,-8.96756971196391,1.60250225818566,0.000127461374869421,0.83236781973525
48,-9.00161284332476,1.60250225917875,0.00012319574477088,0.832367819873818
48.1,-9.0356559746856,1.60250226017185,0.000119072851507542,0.832367820012386
48.2,-9.06969910604645,1.60250226116494,0.000115087919927526,0.832367820150954
48.3,-9.10374223740729,1.60250226215804,0.00011123633455438,0.832367820289522
48.4,-9.13778536876814,1.60250226315113,0.000107513634252567,0.83236782042809
48.5,-9.17182850012898,1.60250226414422,0.000103915507070856,0.832367820566658
48.6,-9.20587163148983,1.60250226513732,0.000100437785257693,0.832367820705226
48.7,-9.23991476285068,1.60250226613041,9.70764404428527e-05,0.832367820843794
48.8,-9.27395789421153,1.60250226712351,9.38275789798188e-05,0.832367820982362
48.9,-9.30800102557237,1.6025022681166,9.06874374435753e-05,0.83236782112093
49,-9.34204415693322,1.60250226910969,8.76523782786177e-05,0.832367821259498
49.1,-9.37608728829406,1.60250227010279,8.47188855921994e-05,0.832367821398066
49.2,-9.41013041965491,1.60250227109588,8.18835610879726e-05,0.832367821536634
49.3,-9.44417355101576,1.60250227208898,7.91431201353587e-05,0.832367821675202
49.4,-9.47821668237661,1.60250227308207,7.64943879701232e-05,0.83236782181377
49.5,-9.51225981373745,1.60250227407516,7.39342960217911e-05,0.832367821952338
49.6,-9.5463029450983,1.60250227506826,7.14598783636764e-05,0.832367822090906
49.7,-9.58034607645914,1.60250227606135,6.90682682814463e-05,0.832367822229474
49.8,-9.61438920781999,1.60250227705445,6.6756694956264e-05,0.832367822368042
49.9,-9.64843233918084,1.60250227804754,6.45224802587013e-05,0.83236782250661
50,-9.68247547054168,1.60250227904063,6.23630356497236e-05,0.832367822645178
50.1,-9.71650481500832,1.60250228003373,6.0276690157712e-05,0.832367822783746
50.2,-9.75052660642758,1.60250228102682,5.82605789749813e-05,0.832367822922315
50.3,-9.78454839784682,1.60250228201992,5.63118980938398e-05,0.832367823060882
50.4,-9.81878725801012,1.60250228301301,5.44165797309609e-05,0.83236782319945
50.5,-9.85338152796795,1.6025022840061,5.25663647744866e-05,0.832367823338018
50.6,-9.88797579792577,1.6025022849992,5.07790556742958e-05,0.832367823476587
50.7,-9.92257006788359,1.60250228599229,4.90525138941988e-05,0.832367823615154
50.8,-9.95716433784142,1.60250228698539,4.7384673585023e-05,0.832367823753723
50.9,-9.99175860779924,1.60250228797848,4.57735391149975e-05,0.832367823892291
51,-10.0263528777571,1.60250228897157,4.42171826839824e-05,0.832367824030859
51.1,-10.0609471477149,1.60250228996467,4.27137420186977e-05,0.832367824169426
51.2,-10.0955414176727,1.60250229095776,4.126141814621e-05,0.832367824307995
51.3,-10.1301356876305,1.60250229195086,3.985847324302e-05,0.832367824446563
51.4,-10.1647299575884,1.60250229294395,3.85032285571891e-05,0.832367824585131
51.5,-10.1993242275462,1.60250229393704,3.71940624010264e-05,0.832367824723699
51.6,-10.233918497504,1.60250229493014,3.59294082119454e-05,0.832367824862267
51.7,-10.2685127674618,1.60250229592323,3.47077526791769e-05,0.832367825000835
51.8,-10.3031070374197,1.60250229691632,3.35276339341027e-05,0.832367825139403
51.9,-10.3377013073775,1.60250229790942,3.23876398020555e-05,0.832367825277971
52,-10.3722905371507,1.60250229890251,3.12865637982216e-05,0.832367825416539
52.1,-10.4068794748578,1.60250229989561,3.02229285468219e-05,0.832367825555107
52.2,-10.4414684125649,1.6025023008887,2.91954521694003e-05,0.832367825693675
52.3,-10.476057350272,1.60250230188179,2.82029054954189e-05,0.832367825832243
52.4,-10.5106462879791,1.60250230287489,2.72441011335634e-05,0.832367825970811
52.5,-10.5452352256861,1.60250230386798,2.63178920519915e-05,0.832367826109379
52.6,-10.5798241633932,1.60250230486108,2.54231702068082e-05,0.832367826247947
52.7,-10.6144131011003,1.60250230585417,2.45588652171281e-05,0.832367826386515
52.8,-10.6490020388074,1.60250230684726,2.37239430851453e-05,0.832367826525083
52.9,-10.6835909765145,1.60250230784036,2.29174049596836e-05,0.832367826663651
53,-10.7181799142216,1.60250230883345,2.21382859417501e-05,0.832367826802219
53.1,-10.7527688519287,1.60250230982655,2.13856539306666e-05,0.832367826940787
53.2,-10.7873577896358,1.60250231081964,2.06586085094016e-05,0.832367827079355
53.3,-10.8219467273429,1.60250231181273,1.99562798677721e-05,0.832367827217923
53.4,-10.85653566505,1.60250231280583,1.92778277622291e-05,0.832367827356491
53.5,-10.8911246027571,1.60250231379892,1.86224405109844e-05,0.832367827495059
53.6,-10.9257135404642,1.60250231479202,1.79893340232799e-05,0.832367827633627
53.7,-10.9603024781713,1.60250231578511,1.73777508616397e-05,0.832367827772195
53.8,-10.9948914158784,1.6025023167782,1.67869593359827e-05,0.832367827910763
53.9,-11.0294803535854,1.6025023177713,1.62162526285187e-05,0.832367828049331
54,-11.0640692912925,1.60250231876439,1.56649479483766e-05,0.832367828187899
54.1,-11.0986582289996,1.60250231975749,1.51323857149603e-05,0.832367828326467
54.2,-11.1332471667067,1.60250232075058,1.46179287690532e-05,0.832367828465035
54.3,-11.1678361044138,1.60250232174367,1.41209616107303e-05,0.832367828603603
54.4,-11.2024250421209,1.60250232273677,1.36408896631673e-05,0.832367828742171
54.5,-11.237013979828,1.60250232372986,1.31771385614663e-05,0.832367828880739
54.6,-11.2716029175351,1.60250232472296,1.27291534656494e-05,0.832367829019307
54.7,-11.3061918552422,1.60250232571605,1.22963983969991e-05,0.832367829157875
54.8,-11.3407807929493,1.60250232670914,1.18783555969516e-05,0.832367829296443
54.9,-11.3753697306564,1.60250232770224,1.14745249077774e-05,0.832367829435011
55,-11.4099586683635,1.60250232869533,1.10844231743099e-05,0.832367829573579
55.1,-11.4445476060706,1.60250232968843,1.07075836660051e-05,0.832367829712147
55.2,-11.4791365437776,1.60250233068152,1.03435555186438e-05,0.832367829850715
55.3,-11.5137254814847,1.60250233167461,9.99190319500682e-06,0.832367829989283
55.4,-11.5483144191918,1.60250233266771,9.65220596388117e-06,0.832367830127851
55.5,-11.5829033568989,1.6025023336608,9.32405739677176e-06,0.832367830266419
55.6,-11.617492294606,1.6025023346539,9.00706488171877e-06,0.832367830404987
55.7,-11.6520812323131,1.60250233564699,8.7008491536392e-06,0.832367830543555
55.8,-11.6866701700202,1.60250233664008,8.40504384063079e-06,0.832367830682123
55.9,-11.7212591077273,1.60250233763318,8.11929502569606e-06,0.832367830820691
56,-11.7558480454344,1.60250233862627,7.84326082336287e-06,0.832367830959259
56.1,-11.7904369831415,1.60250233961936,7.5766109706946e-06,0.832367831097827
56.2,-11.8250259208486,1.60250234061246,7.31902643220199e-06,0.832367831236395
56.3,-11.8596148585557,1.60250234160555,7.07019901818329e-06,0.832367831374963
56.4,-11.8942037962628,1.60250234259865,6.82983101603692e-06,0.832367831513531
56.5,-11.9287927339698,1.60250234359174,6.59763483410589e-06,0.832367831652099
56.6,-11.9633816716769,1.60250234458483,6.37333265762765e-06,0.832367831790667
56.7,-11.997372222845,1.60250234557793,6.16034125628798e-06,0.832367831929235
56.8,-12.0310264003273,1.60250234657102,5.95647105678674e-06,0.832367832067803
56.9,-12.0646805778097,1.60250234756412,5.75934769437424e-06,0.832367832206371
57,-12.098334755292,1.60250234855721,5.56874789318597e-06,0.83236783234494
57.1,-12.1319889327743,1.6025023495503,5.38445576615308e-06,0.832367832483507
57.2,-12.1656431102566,1.6025023505434,5.20626257049821e-06,0.832367832622076
57.3,-12.1992972877389,1.60250235153649,5.03396647132129e-06,0.832367832760644
57.4,-12.2329514652212,1.60250235252959,4.86737231300815e-06,0.832367832899212
57.5,-12.2666056427035,1.60250235352268,4.70629139820288e-06,0.83236783303778
57.6,-12.3002598201858,1.60250235451577,4.55054127409371e-06,0.832367833176348
57.7,-12.3339139976682,1.60250235550887,4.39994552577065e-06,0.832367833314916
57.8,-12.3675681751505,1.60250235650196,4.25433357642053e-06,0.832367833453484
57.9,-12.4012223526328,1.60250235749506,4.1135404941337e-06,0.832367833592052
58,-12.4348659719367,1.60250235848815,3.97744879932848e-06,0.83236783373062
58.1,-12.4685008827165,1.60250235948124,3.84589301415535e-06,0.832367833869188
58.2,-12.5021357934963,1.60250236047434,3.71868847550389e-06,0.832367834007756
58.3,-12.535770704276,1.60250236146743,3.59569126566056e-06,0.832367834146324
58.4,-12.5694056150558,1.60250236246053,3.47676222692948e-06,0.832367834284892
58.5,-12.6030405258355,1.60250236345362,3.3617668042013e-06,0.83236783442346
58.6,-12.6366754366153,1.60250236444671,3.25057489272864e-06,0.832367834562028
58.7,-12.6703103473951,1.60250236543981,3.1430606909358e-06,0.832367834700596
58.8,-12.7039452581748,1.6025023664329,3.03910255809648e-06,0.832367834839164
58.9,-12.7375801689546,1.602502367426,2.93858287671831e-06,0.832367834977732
59,-12.7712150797344,1.60250236841909,2.84138791947865e-06,0.8323678351163
59.1,-12.8048499905141,1.60250236941218,2.74740772056118e-06,0.832367835254868
59.2,-12.8384849012939,1.60250237040528,2.65653595124766e-06,0.832367835393436
59.3,-12.8721198120736,1.60250237139837,2.56866979962425e-06,0.832367835532004
59.4,-12.9057547228534,1.60250237239147,2.48370985426621e-06,0.832367835670572
59.5,-12.9393896336332,1.60250237338456,2.40155999176946e-06,0.83236783580914
59.6,-12.9730245444129,1.60250237437765,2.32212726800191e-06,0.832367835947708
59.7,-13.0066594551927,1.60250237537075,2.24532181295124e-06,0.832367836086276
59.8,-13.0402943659725,1.60250237636384,2.17105672905058e-06,0.832367836224844
59.9,-13.0739292767522,1.60250237735694,2.09924799286674e-06,0.832367836363412
60,-13.107564187532,1.60250237835003,2.02981436003998e-06,0.83236783650198
60.1,-13.1411990983117,1.60250237934312,1.96267727336772e-06,0.832367836640548
60.2,-13.1748340090915,1.60250238033622,1.89776077392827e-06,0.832367836779116
60.3,-13.2084689198713,1.60250238132931,1.83499141514394e-06,0.832367836917684
60.4,-13.242103830651,1.6025023823224,1.77429817968642e-06,0.832367837056252
60.5,-13.2757387414308,1.6025023833155,1.7156123991304e-06,0.83236783719482
60.6,-13.3093736522105,1.60250238430859,1.65886767626452e-06,0.832367837333388
60.7,-13.3430085629903,1.60250238530169,1.6039998099718e-06,0.832367837471956
60.8,-13.3766434737701,1.60250238629478,1.55094672259453e-06,0.832367837610524
60.9,-13.4102783845498,1.60250238728787,1.49964838970152e-06,0.832367837749092
61,-13.4439132953296,1.60250238828097,1.45004677217819e-06,0.83236783788766
61.1,-13.4775482061094,1.60250238927406,1.40208575056269e-06,0.832367838026228
61.2,-13.5111831168891,1.60250239026716,1.35571106155386e-06,0.832367838164796
61.3,-13.5448180276689,1.60250239126025,1.31087023661907e-06,0.832367838303364
61.4,-13.5784529384486,1.60250239225334,1.2675125426325e-06,0.832367838441932
61.5,-13.6120878492284,1.60250239324644,1.22558892447689e-06,0.8323678385805
61.6,-13.6457227600082,1.60250239423953,1.18505194954357e-06,0.832367838719068
61.7,-13.6793576707879,1.60250239523263,1.1458557540682e-06,0.832367838857636
61.8,-13.7129925815677,1.60250239622572,1.10795599124131e-06,0.832367838996204
61.9,-13.7466274923475,1.60250239721881,1.07130978103517e-06,0.832367839134772
62,-13.7802624031272,1.60250239821191,1.03587566169001e-06,0.83236783927334
62.1,-13.813897313907,1.602502399205,1.00161354280484e-06,0.832367839411908
62.2,-13.8475322246867,1.6025024001981,9.68484659979762e-07,0.832367839550476
62.3,-13.8811671354665,1.60250240119119,9.36451530958481e-07,0.832367839689044
62.4,-13.9148020462463,1.60250240218428,9.05477913221336e-07,0.832367839827612
62.5,-13.948436957026,1.60250240317738,8.75528762980968e-07,0.83236783996618
62.6,-13.9820718678058,1.60250240417047,8.46570195534162e-07,0.832367840104748
62.7,-14.0157067785855,1.60250240516357,8.18569446925042e-07,0.832367840243316
62.8,-14.0493416893653,1.60250240615666,7.91494836876246e-07,0.832367840381884
62.9,-14.0829766001451,1.60250240714975,7.65315732946137e-07,0.832367840520452
63,-14.1166115109248,1.60250240814285,7.40002515871502e-07,0.83236784065902
63.1,-14.1502464217046,1.60250240913594,7.15526546056528e-07,0.832367840797588
63.2,-14.1838813324844,1.60250241012904,6.91860131170167e-07,0.832367840936156
63.3,-14.2175162432641,1.60250241112213,6.68976494815177e-07,0.832367841074724
63.4,-14.2511511540439,1.60250241211522,6.46849746233461e-07,0.832367841213292
63.5,-14.2847860648236,1.60250241310832,6.25454851013373e-07,0.83236784135186
63.6,-14.3184209756034,1.60250241410141,6.04767602765885e-07,0.832367841490428
63.7,-14.3520558863832,1.60250241509451,5.84764595737573e-07,0.832367841628996
63.8,-14.3856907971629,1.6025024160876,5.65423198329398e-07,0.832367841767564
63.9,-14.4193257079427,1.60250241708069,5.46721527491376e-07,0.832367841906132
64,-14.4529606187225,1.60250241807379,5.2863842396413e-07,0.8323678420447
64.1,-14.4865955295022,1.60250241906688,5.11153428339329e-07,0.832367842183268
64.2,-14.520230440282,1.60250242005998,4.94246757911939e-07,0.832367842321836
64.3,-14.5538653510617,1.60250242105307,4.77899284298051e-07,0.832367842460404
64.4,-14.5875002618415,1.60250242204616,4.6209251179305e-07,0.832367842598972
64.5,-14.6211351726213,1.60250242303926,4.46808556445552e-07,0.83236784273754
64.6,-14.654770083401,1.60250242403235,4.32030125823469e-07,0.832367842876108
64.7,-14.6884049941808,1.60250242502545,4.1774049944935e-07,0.832367843014676
64.8,-14.7220399049606,1.60250242601854,4.0392350988278e-07,0.832367843153244
64.9,-14.7556748157403,1.60250242701163,3.90563524428501e-07,0.832367843291812
65,-14.7893097265201,1.60250242800473,3.77645427449557e-07,0.83236784343038
65.1,-14.8229446372998,1.60250242899782,3.65154603265391e-07,0.832367843568948
65.2,-14.8565795480796,1.60250242999091,3.53076919615631e-07,0.832367843707516
65.3,-14.8902144588594,1.60250243098401,3.41398711670791e-07,0.832367843846084
65.4,-14.9238493696391,1.6025024319771,3.30106766571822e-07,0.832367843984652
65.5,-14.9574842804189,1.6025024329702,3.19188308481036e-07,0.83236784412322
65.6,-14.9911191911987,1.60250243396329,3.08630984127448e-07,0.832367844261788
65.7,-15.0247541019784,1.60250243495638,2.98422848830242e-07,0.832367844400356
65.8,-15.0583890127582,1.60250243594948,2.88552352984473e-07,0.832367844538924
65.9,-15.0920239235379,1.60250243694257,2.7900832899379e-07,0.832367844677492
66,-15.1259696506694,1.60250243793567,2.69696139659197e-07,0.83236784481606
66.1,-15.1599914420886,1.60250243892876,2.60674925318494e-07,0.832367844954628
66.2,-15.1940132335079,1.60250243992185,2.51955466456306e-07,0.832367845093196
66.3,-15.2280350249271,1.60250244091495,2.43527669495396e-07,0.832367845231764
66.4,-15.2620568163464,1.60250244190804,2.35381778483559e-07,0.832367845370332
66.5,-15.2960786077656,1.60250244290114,2.27508363800256e-07,0.8323678455089
66.6,-15.3301003991849,1.60250244389423,2.19898311241e-07,0.832367845647468
66.7,-15.3641221906041,1.60250244488732,2.12542811466875e-07,0.832367845786036
66.8,-15.3981439820234,1.60250244588042,2.05433349806946e-07,0.832367845924604
66.9,-15.4321657734426,1.60250244687351,1.9856169640178e-07,0.832367846063172
67,-15.4661875648619,1.60250244786661,1.91919896676667e-07,0.83236784620174
67.1,-15.5002093562811,1.6025024488597,1.85500262133482e-07,0.832367846340308
67.2,-15.5342311477004,1.60250244985279,1.79295361450584e-07,0.832367846478876
67.3,-15.5682529391196,1.60250245084589,1.73298011880389e-07,0.832367846617444
67.4,-15.6022747305389,1.60250245183898,1.67501270934708e-07,0.832367846756012
67.5,-15.6362965219581,1.60250245283208,1.61898428348199e-07,0.83236784689458
67.6,-15.6703183133774,1.60250245382517,1.5648299831063e-07,0.832367847033148
67.7,-15.7043401047966,1.60250245481826,1.51248711958986e-07,0.832367847171716
67.8,-15.7383618962159,1.60250245581136,1.46189510120685e-07,0.832367847310284
67.9,-15.7723836876352,1.60250245680445,1.41299536299551e-07,0.832367847448852
68,-15.8064054790544,1.60250245779755,1.36573129896394e-07,0.83236784758742
68.1,-15.8404272704737,1.60250245879064,1.32004819656352e-07,0.832367847725988
68.2,-15.8744490618929,1.60250245978373,1.27589317335426e-07,0.832367847864556
68.3,-15.9084708533122,1.60250246077683,1.23321511578857e-07,0.832367848003124
68.4,-15.9424926447314,1.60250246176992,1.19196462004271e-07,0.832367848141692
68.5,-15.9765144361507,1.60250246276302,1.15209393482744e-07,0.83236784828026
68.6,-16.0105362275699,1.60250246375611,1.11355690611152e-07,0.832367848418828
68.7,-16.0445580189892,1.6025024647492,1.07630892369426e-07,0.832367848557396
68.8,-16.0785798104084,1.6025024657423,1.04030686956519e-07,0.832367848695964
68.9,-16.1126016018277,1.60250246673539,1.00550906799098e-07,0.832367848834532
69,-16.1466233932469,1.60250246772849,9.71875237272046e-08,0.8323678489731
69.1,-16.1806451846662,1.60250246872158,9.39366443112774e-08,0.832367849111668
69.2,-16.2146669760854,1.60250246971467,9.07945053551554e-08,0.832367849250236
69.3,-16.2486887675047,1.60250247070777,8.77574695398314e-08,0.832367849388804
69.4,-16.2827105589239,1.60250247170086,8.48220212129253e-08,0.832367849527372
69.5,-16.3167323503432,1.60250247269396,8.1984762318995e-08,0.83236784966594
69.6,-16.3507541417624,1.60250247368705,7.92424084659742e-08,0.832367849804508
69.7,-16.3847759331817,1.60250247468014,7.65917851231908e-08,0.832367849943076
69.8,-16.4187977246009,1.60250247567324,7.40298239465529e-08,0.832367850081644
69.9,-16.4528195160202,1.60250247666633,7.15535592266614e-08,0.832367850220212
70,-16.4868413074394,1.60250247765942,6.91601244557281e-08,0.83236785035878
70.1,-16.5208630988587,1.60250247865252,6.68467490093304e-08,0.832367850497348
70.2,-16.5548848902779,1.60250247964561,6.46107549391568e-08,0.832367850635916
70.3,-16.5889066816972,1.60250248063871,6.24495538730371e-08,0.832367850774485
70.4,-16.6229284731165,1.6025024816318,6.03606440186609e-08,0.832367850913052
70.5,-16.6569502645357,1.60250248262489,5.83416072675264e-08,0.83236785105162
70.6,-16.690972055955,1.60250248361799,5.63901063957521e-08,0.832367851190188
70.7,-16.7249938473742,1.60250248461108,5.45038823585276e-08,0.832367851328756
70.8,-16.7590156387935,1.60250248560418,5.26807516750592e-08,0.832367851467324
70.9,-16.7930374302127,1.60250248659727,5.09186039009896e-08,0.832367851605892
71,-16.827059221632,1.60250248759036,4.92153991853639e-08,0.83236785174446
71.1,-16.8610810130512,1.60250248858346,4.75691659093119e-08,0.832367851883028
71.2,-16.8951028044705,1.60250248957655,4.59779984037187e-08,0.832367852021596
71.3,-16.9291245958897,1.60250249056965,4.44400547432349e-08,0.832367852160164
71.4,-16.963146387309,1.60250249156274,4.29535546140781e-08,0.832367852298732
71.5,-16.9971681787282,1.60250249255583,4.15167772531538e-08,0.8323678524373
71.6,-17.0311899701475,1.60250249354893,4.01280594561135e-08,0.832367852575868
71.7,-17.0652117615667,1.60250249454202,3.87857936520414e-08,0.832367852714436
71.8,-17.099233552986,1.60250249553512,3.74884260425409e-08,0.832367852853004
71.9,-17.1332553444052,1.60250249652821,3.62344548030694e-08,0.832367852991572
72,-17.1672771358245,1.6025024975213,3.50224283444367e-08,0.83236785313014
72.1,-17.2012989272437,1.6025024985144,3.38509436324559e-08,0.832367853268708
72.2,-17.235320718663,1.60250249950749,3.27186445638009e-08,0.832367853407276
72.3,-17.2693425100822,1.60250250050059,3.16242203961901e-08,0.832367853545844
72.4,-17.3033643015015,1.60250250149368,3.05664042310807e-08,0.832367853684412
72.5,-17.3373860929207,1.60250250248677,2.95439715471162e-08,0.83236785382298
72.6,-17.37140788434,1.60250250347987,2.85557387826281e-08,0.832367853961548
72.7,-17.4054296757592,1.60250250447296,2.76005619655538e-08,0.832367854100116
72.8,-17.4394514671785,1.60250250546606,2.66773353891818e-08,0.832367854238684
72.9,-17.4734732585977,1.60250250645915,2.57849903321933e-08,0.832367854377252
73,-17.507495050017,1.60250250745224,2.49224938215187e-08,0.83236785451582
73.1,-17.5415168414363,1.60250250844534,2.40888474365729e-08,0.832367854654388
73.2,-17.5755386328555,1.60250250943843,2.32830861534927e-08,0.832367854792956
73.3,-17.6095604242748,1.60250251043153,2.25042772280296e-08,0.832367854931524
73.4,-17.643582215694,1.60250251142462,2.17515191158132e-08,0.832367855070092
73.5,-17.6776040071133,1.60250251241771,2.10239404287279e-08,0.83236785520866
73.6,-17.7116257985325,1.60250251341081,2.03206989262008e-08,0.832367855347228
73.7,-17.7456475899518,1.6025025144039,1.96409805402295e-08,0.832367855485796
73.8,-17.779669381371,1.602502515397,1.89839984330216e-08,0.832367855624364
73.9,-17.8136911727903,1.60250251639009,1.83489920861577e-08,0.832367855762932
74,-17.8477129642095,1.60250251738318,1.77352264202193e-08,0.8323678559015
74.1,-17.8817347556288,1.60250251837628,1.7141990943866e-08,0.832367856040068
74.2,-17.915756547048,1.60250251936937,1.65685989313759e-08,0.832367856178636
74.3,-17.9497783384673,1.60250252036246,1.60143866276956e-08,0.832367856317204
74.4,-17.9838001298865,1.60250252135556,1.54787124800818e-08,0.832367856455772
74.5,-18.0178219213058,1.60250252234865,1.49609563954449e-08,0.83236785659434
74.6,-18.0521554219513,1.60250252334175,1.44560122478388e-08,0.832367856732908
74.7,-18.0868044586245,1.60250252433484,1.39637036188574e-08,0.832367856871476
74.8,-18.1214534952976,1.60250252532793,1.34881608710019e-08,0.832367857010044
74.9,-18.1561025319708,1.60250252632103,1.30288130316222e-08,0.832367857148612
75,-18.1907515686439,1.60250252731412,1.25851085729009e-08,0.83236785728718
75.1,-18.2254006053171,1.60250252830722,1.21565147496471e-08,0.832367857425748
75.2,-18.2600496419902,1.60250252930031,1.17425169596426e-08,0.832367857564316
75.3,-18.2946986786633,1.6025025302934,1.1342618125771e-08,0.832367857702884
75.4,-18.3293477153365,1.6025025312865,1.09563380991899e-08,0.832367857841452
75.5,-18.3639967520096,1.60250253227959,1.0583213082828e-08,0.83236785798002
75.6,-18.3986457886828,1.60250253327269,1.02227950745149e-08,0.832367858118588
75.7,-18.4332948253559,1.60250253426578,9.8746513290762e-09,0.832367858257156
75.8,-18.4679438620291,1.60250253525887,9.53836383874658e-09,0.832367858395724
75.9,-18.5025928987022,1.60250253625197,9.2135288312785e-09,0.832367858534292
76,-18.5372419353754,1.60250253724506,8.89975628514256e-09,0.83236785867286
76.1,-18.5718909720485,1.60250253823816,8.59666946123804e-09,0.832367858811428
76.2,-18.6065400087216,1.60250253923125,8.3039044505516e-09,0.832367858949996
76.3,-18.6407953133833,1.60250254022434,8.02426852668407e-09,0.832367859088564
76.4,-18.6746588529189,1.60250254121744,7.75708776910322e-09,0.832367859227132
76.5,-18.7085223924545,1.60250254221053,7.49880321887749e-09,0.8323678593657
76.6,-18.74238593199,1.60250254320363,7.24911866266849e-09,0.832367859504268
76.7,-18.7762494715256,1.60250254419672,7.00774775003075e-09,0.832367859642836
76.8,-18.8101130110612,1.60250254518981,6.77441366501075e-09,0.832367859781404
76.9,-18.8439765505968,1.60250254618291,6.54884880868132e-09,0.832367859919972
77,-18.8778400901324,1.602502547176,6.3307944922458e-09,0.83236786005854
77.1,-18.911703629668,1.6025025481691,6.12000064036123e-09,0.832367860197108
77.2,-18.9455671692036,1.60250254916219,5.91622550433987e-09,0.832367860335676
77.3,-18.9794307087392,1.60250255015528,5.71923538489992e-09,0.832367860474244
77.4,-19.0132942482748,1.60250255114838,5.52880436414781e-09,0.832367860612812
77.5,-19.0471577878104,1.60250255214147,5.34471404648455e-09,0.83236786075138
77.6,-19.0810213273459,1.60250255313457,5.166753308139e-09,0.832367860889948
77.7,-19.1148848668815,1.60250255412766,4.99471805504091e-09,0.832367861028516
77.8,-19.1487484064171,1.60250255512075,4.8284109887558e-09,0.832367861167084
77.9,-19.1826119459527,1.60250255611385,4.66764138021358e-09,0.832367861305652
78,-19.2164754854883,1.60250255710694,4.51222485097099e-09,0.83236786144422
78.1,-19.2503390250239,1.60250255810004,4.36198316175766e-09,0.832367861582788
78.2,-19.2842025645595,1.60250255909313,4.21674400806238e-09,0.832367861721356
78.3,-19.3180661040951,1.60250256008622,4.07634082252604e-09,0.832367861859924
78.4,-19.3519296436307,1.60250256107932,3.94061258391403e-09,0.832367861998492
78.5,-19.3857931831663,1.60250256207241,3.80940363244913e-09,0.83236786213706
78.6,-19.4196567227018,1.60250256306551,3.68256349129341e-09,0.832367862275628
78.7,-19.4535202622374,1.6025025640586,3.55994669397401e-09,0.832367862414196
78.8,-19.487383801773,1.60250256505169,3.44141261755506e-09,0.832367862552764
78.9,-19.5212473413086,1.60250256604479,3.32682532136447e-09,0.832367862691332
79,-19.5551108808442,1.60250256703788,3.2160533910905e-09,0.8323678628299
79.1,-19.5889744203798,1.60250256803097,3.10896978806941e-09,0.832367862968468
79.2,-19.6228379599154,1.60250256902407,3.00545170359146e-09,0.832367863107036
79.3,-19.656701499451,1.60250257001716,2.9053804180576e-09,0.832367863245604
79.4,-19.6905650389866,1.60250257101026,2.80864116482636e-09,0.832367863384172
79.5,-19.7244285785222,1.60250257200335,2.71512299859362e-09,0.83236786352274
79.6,-19.7582921180577,1.60250257299644,2.62471866815527e-09,0.832367863661308
79.7,-19.7921556575933,1.60250257398954,2.53732449340617e-09,0.832367863799876
79.8,-19.8260191971289,1.60250257498263,2.45284024643485e-09,0.832367863938444
79.9,-19.8598827366645,1.60250257597573,2.37116903657722e-09,0.832367864077012
80,-19.8937462762001,1.60250257696882,2.29221719929756e-09,0.83236786421558
80.1,-19.9276098157357,1.60250257796191,2.21589418876954e-09,0.832367864354148
80.2,-19.9614733552713,1.60250257895501,2.14211247403382e-09,0.832367864492716
80.3,-19.9953368948069,1.6025025799481,2.07078743861321e-09,0.832367864631284
80.4,-20.0292004343425,1.6025025809412,2.0018372834705e-09,0.832367864769852
80.5,-20.063063973878,1.60250258193429,1.93518293319715e-09,0.83236786490842
80.6,-20.0969275134136,1.60250258292738,1.87074794532589e-09,0.832367865046988
80.7,-20.1307910529492,1.60250258392048,1.80845842266273e-09,0.832367865185556
80.8,-20.1646545924848,1.60250258491357,1.74824292853799e-09,0.832367865324124
80.9,-20.1985181320204,1.60250258590667,1.69003240487933e-09,0.832367865462692
81,-20.232381671556,1.60250258689976,1.63376009301251e-09,0.83236786560126
81.1,-20.2662452110916,1.60250258789285,1.57936145709928e-09,0.832367865739828
81.2,-20.3001087506272,1.60250258888595,1.5267741101246e-09,0.832367865878396
81.3,-20.3339722901628,1.60250258987904,1.47593774234807e-09,0.832367866016964
81.4,-20.3678358296984,1.60250259087214,1.42679405213786e-09,0.832367866155532
81.5,-20.401699369234,1.60250259186523,1.37928667910746e-09,0.8323678662941
81.6,-20.4355629087695,1.60250259285832,1.33336113947891e-09,0.832367866432668
81.7,-20.4694264483051,1.60250259385142,1.28896476359812e-09,0.832367866571236
81.8,-20.5032899878407,1.60250259484451,1.24604663553072e-09,0.832367866709804
81.9,-20.5371535273763,1.60250259583761,1.20455753466919e-09,0.832367866848372
82,-20.5710170669119,1.6025025968307,1.16444987928427e-09,0.83236786698694
82.1,-20.6048806064475,1.60250259782379,1.12567767195588e-09,0.832367867125508
82.2,-20.6387441459831,1.60250259881689,1.08819644682109e-09,0.832367867264076
82.3,-20.6727722720144,1.60250259980998,1.0517900938862e-09,0.832367867402644
82.4,-20.7068147344109,1.60250260080308,1.01658716600233e-09,0.832367867541212
82.5,-20.7408571968075,1.60250260179617,9.82562463828688e-10,0.83236786767978
82.6,-20.7748996592041,1.60250260278926,9.49676552695911e-10,0.832367867818348
82.7,-20.8089421216006,1.60250260378236,9.17891317794776e-10,0.832367867956916
82.8,-20.8429845839972,1.60250260477545,8.87169920001081e-10,0.832367868095484
82.9,-20.8770270463937,1.60250260576855,8.57476753179063e-10,0.832367868234052
83,-20.9110695087903,1.60250260676164,8.28777402913845e-10,0.83236786837262
83.1,-20.9451119711868,1.60250260775473,8.01038606625075e-10,0.832367868511188
83.2,-20.9791544335834,1.60250260874783,7.74228215015603e-10,0.832367868649756
83.3,-21.0131968959799,1.60250260974092,7.48315154810346e-10,0.832367868788324
83.4,-21.0472393583765,1.60250261073401,7.23269392742375e-10,0.832367868926892
83.5,-21.0812818207731,1.60250261172711,6.99061900744297e-10,0.83236786906546
83.6,-21.1153242831696,1.6025026127202,6.75664622304707e-10,0.832367869204028
83.7,-21.1493667455662,1.6025026137133,6.53050439950661e-10,0.832367869342596
83.8,-21.1834092079627,1.60250261470639,6.31193143818466e-10,0.832367869481164
83.9,-21.2174516703593,1.60250261569948,6.10067401276464e-10,0.832367869619731
84,-21.2514941327558,1.60250261669258,5.89648727564435e-10,0.8323678697583
84.1,-21.2855365951524,1.60250261768567,5.69913457415764e-10,0.832367869896867
84.2,-21.3195790575489,1.60250261867877,5.5083871762936e-10,0.832367870035436
84.3,-21.3536215199455,1.60250261967186,5.32402400559576e-10,0.832367870174004
84.4,-21.3876639823421,1.60250262066495,5.14583138493456e-10,0.832367870312572
84.5,-21.4217064447386,1.60250262165805,4.97360278885493e-10,0.832367870451139
84.6,-21.4557489071352,1.60250262265114,4.80713860421329e-10,0.832367870589707
84.7,-21.4897913695317,1.60250262364424,4.6462458988256e-10,0.832367870728275
84.8,-21.5238338319283,1.60250262463733,4.49073819785877e-10,0.832367870866843
84.9,-21.5578762943248,1.60250262563042,4.34043526770609e-10,0.832367871005411
85,-21.5919187567214,1.60250262662352,4.19516290709625e-10,0.832367871143979
85.1,-21.625961219118,1.60250262761661,4.05475274519387e-10,0.832367871282547
85.2,-21.6600036815145,1.60250262860971,3.91904204645762e-10,0.832367871421115
85.3,-21.6940461439111,1.6025026296028,3.78787352202936e-10,0.832367871559683
85.4,-21.7280886063076,1.60250263059589,3.66109514743631e-10,0.832367871698251
85.5,-21.7621310687042,1.60250263158899,3.53855998639442e-10,0.832367871836819
85.6,-21.7961735311007,1.60250263258208,3.42012602050908e-10,0.832367871975387
85.7,-21.8302159934973,1.60250263357518,3.30565598467573e-10,0.832367872113955
85.8,-21.8642584558938,1.60250263456827,3.19501720798922e-10,0.832367872252523
85.9,-21.8983009182904,1.60250263556136,3.08808145997831e-10,0.832367872391091
86,-21.932343380687,1.60250263655446,2.98472480198627e-10,0.832367872529659
86.1,-21.9663858430835,1.60250263754755,2.88482744352588e-10,0.832367872668227
86.2,-22.0004283054801,1.60250263854065,2.78827360344212e-10,0.832367872806795
86.3,-22.0344707678766,1.60250263953374,2.6949513757216e-10,0.832367872945363
86.4,-22.0685132302732,1.60250264052683,2.60475259979355e-10,0.832367873083931
86.5,-22.1025556926697,1.60250264151993,2.51757273517132e-10,0.832367873222499
86.6,-22.1365981550663,1.60250264251302,2.43331074029008e-10,0.832367873361067
86.7,-22.1706406174628,1.60250264350612,2.35186895539941e-10,0.832367873499635
86.8,-22.2046830798594,1.60250264449921,2.27315298937553e-10,0.832367873638203
86.9,-22.238725542256,1.6025026454923,2.19707161032194e-10,0.832367873776771
87,-22.2727680046525,1.6025026464854,2.12353663983149e-10,0.832367873915339
87.1,-22.3068104670491,1.60250264747849,2.05246285078752e-10,0.832367874053907
87.2,-22.3408529294456,1.60250264847159,1.98376786858556e-10,0.832367874192475
87.3,-22.3748953918422,1.60250264946468,1.917372075661e-10,0.832367874331043
87.4,-22.4089378542387,1.60250265045777,1.85319851921233e-10,0.832367874469611
87.5,-22.4429803166353,1.60250265145087,1.7911728220127e-10,0.832367874608179
87.6,-22.4770227790319,1.60250265244396,1.73122309620658e-10,0.832367874746747
87.7,-22.5110652414284,1.60250265343706,1.67327985999181e-10,0.832367874885315
87.8,-22.545107703825,1.60250265443015,1.6172759570899e-10,0.832367875023883
87.9,-22.5791501662215,1.60250265542324,1.56314647891202e-10,0.832367875162451
88,-22.6131926286181,1.60250265641634,1.51082868932971e-10,0.832367875301019
88.1,-22.6472350910146,1.60250265740943,1.46026195196374e-10,0.832367875439587
88.2,-22.6812775534112,1.60250265840253,1.41138765990647e-10,0.832367875578155
88.3,-22.7153200158077,1.60250265939562,1.36414916779628e-10,0.832367875716723
88.4,-22.7493624782043,1.60250266038871,1.31849172616567e-10,0.832367875855291
88.5,-22.7834049406009,1.60250266138181,1.27436241798644e-10,0.832367875993859
88.6,-22.8174474029974,1.6025026623749,1.23171009733887e-10,0.832367876132427
88.7,-22.851489865394,1.60250266336799,1.1904853301335e-10,0.832367876270995
88.8,-22.8855323277905,1.60250266436109,1.15064033681697e-10,0.832367876409563
88.9,-22.9195747901871,1.60250266535418,1.1121289369955e-10,0.832367876548131
89,-22.9536172525836,1.60250266634728,1.07490649591169e-10,0.832367876686699
89.1,-22.9876597149802,1.60250266734037,1.03892987271285e-10,0.832367876825267
89.2,-23.0217021773767,1.60250266833346,1.00415737045064e-10,0.832367876963835
89.3,-23.0557446397733,1.60250266932656,9.70548687754334e-11,0.832367877102403
89.4,-23.0897871021699,1.60250267031965,9.38064872121416e-11,0.832367877240971
89.5,-23.1238295645664,1.60250267131275,9.06668274771612e-11,0.832367877379539
89.6,-23.157872026963,1.60250267230584,8.76322507011899e-11,0.832367877518107
89.7,-23.1919144893595,1.60250267329893,8.46992398062006e-11,0.832367877656675
89.8,-23.2259569517561,1.60250267429203,8.18643954291375e-11,0.832367877795243
89.9,-23.2599994141526,1.60250267528512,7.91244319820564e-11,0.832367877933811
90,-23.2940418765492,1.60250267627822,7.64761738441199e-11,0.832367878072379
90.1,-23.3280843389458,1.60250267727131,7.39165516810509e-11,0.832367878210947
90.2,-23.3621268013423,1.6025026782644,7.14425988877733e-11,0.832367878349515
90.3,-23.3961692637389,1.6025026792575,6.9051448150107e-11,0.832367878488083
90.4,-23.4302117261354,1.60250268025059,6.67403281215541e-11,0.832367878626651
90.5,-23.464254188532,1.60250268124369,6.45065602112999e-11,0.832367878765219
90.6,-23.4982966509285,1.60250268223678,6.23475554797267e-11,0.832367878903787
90.7,-23.5323391133251,1.60250268322987,6.02608116378275e-11,0.832367879042355
90.8,-23.5663815757216,1.60250268422297,5.82439101470507e-11,0.832367879180922
90.9,-23.6004240381182,1.60250268521606,5.62945134162123e-11,0.832367879319491
91,-23.6344665005148,1.60250268620916,5.44103620922221e-11,0.832367879458058
91.1,-23.6685089629113,1.60250268720225,5.25892724414941e-11,0.832367879596626
91.2,-23.7025514253079,1.60250268819534,5.08291338189949e-11,0.832367879735194
91.3,-23.7365938877044,1.60250268918844,4.91279062220037e-11,0.832367879873763
91.4,-23.770636350101,1.60250269018153,4.74836179257478e-11,0.83236788001233
91.5,-23.8046788124975,1.60250269117463,4.58943631981702e-11,0.832367880150898
91.6,-23.8387212748941,1.60250269216772,4.43583000911838e-11,0.832367880289466
91.7,-23.8727637372906,1.60250269316081,4.28736483058529e-11,0.832367880428034
91.8,-23.9068061996872,1.60250269415391,4.14386871290227e-11,0.832367880566602
91.9,-23.9408486620838,1.602502695147,4.00517534390123e-11,0.83236788070517
92,-23.9748911244803,1.6025026961401,3.87112397780542e-11,0.832367880843738
92.1,-24.0089335868769,1.60250269713319,3.74155924892481e-11,0.832367880982306
92.2,-24.0429760492734,1.60250269812628,3.61633099158726e-11,0.832367881120874
92.3,-24.07701851167,1.60250269911938,3.4952940660961e-11,0.832367881259442
92.4,-24.1110609740665,1.60250270011247,3.37830819051328e-11,0.83236788139801
92.5,-24.1451034364631,1.60250270110557,3.2652377780722e-11,0.832367881536578
92.6,-24.1791458988596,1.60250270209866,3.1559517800327e-11,0.832367881675146
92.7,-24.2131883612562,1.60250270309175,3.05032353379534e-11,0.832367881813714
92.8,-24.2472308236528,1.60250270408485,2.94823061609926e-11,0.832367881952282
92.9,-24.2812732860493,1.60250270507794,2.84955470113352e-11,0.83236788209085
93,-24.3153157484459,1.60250270607103,2.75418142339734e-11,0.832367882229418
93.1,-24.3493582108424,1.60250270706413,2.66200024515035e-11,0.832367882367986
93.2,-24.383400673239,1.60250270805722,2.57290432829922e-11,0.832367882506554
93.3,-24.4174431356355,1.60250270905032,2.48679041057215e-11,0.832367882645122
93.4,-24.4514855980321,1.60250271004341,2.40355868583788e-11,0.83236788278369
93.5,-24.4855280604286,1.6025027110365,2.32311268843015e-11,0.832367882922258
93.6,-24.5195705228252,1.6025027120296,2.2453591813439e-11,0.832367883060826
93.7,-24.5536129852218,1.60250271302269,2.17020804817357e-11,0.832367883199394
93.8,-24.5876554476183,1.60250271401579,2.09757218866794e-11,0.832367883337962
93.9,-24.6216979100149,1.60250271500888,2.02736741778098e-11,0.83236788347653
94,-24.6557403724114,1.60250271600197,1.95951236810114e-11,0.832367883615098
94.1,-24.689782834808,1.60250271699507,1.89392839554652e-11,0.832367883753666
94.2,-24.7238252972045,1.60250271798816,1.8305394882163e-11,0.832367883892234
94.3,-24.7578677596011,1.60250271898126,1.76927217829276e-11,0.832367884030802
94.4,-24.7919102219977,1.60250271997435,1.7100554568921e-11,0.83236788416937
94.5,-24.8259526843942,1.60250272096744,1.65282069176499e-11,0.832367884307938
94.6,-24.8599951467908,1.60250272196054,1.59750154775174e-11,0.832367884446506
94.7,-24.8940376091873,1.60250272295363,1.54403390989979e-11,0.832367884585074
94.8,-24.9280800715839,1.60250272394673,1.49235580915435e-11,0.832367884723642
94.9,-24.9621225339804,1.60250272493982,1.44240735053627e-11,0.83236788486221
95,-24.996164996377,1.60250272593291,1.3941306437236e-11,0.832367885000778
95.1,-25.0302074587735,1.60250272692601,1.34746973595673e-11,0.832367885139346
95.2,-25.0642499211701,1.6025027279191,1.30237054718901e-11,0.832367885277914
95.3,-25.0982923835667,1.6025027289122,1.25878080740794e-11,0.832367885416482
95.4,-25.1323348459632,1.60250272990529,1.21664999605416e-11,0.83236788555505
95.5,-25.1663773083598,1.60250273089838,1.17592928346806e-11,0.832367885693618
95.6,-25.2004197707563,1.60250273189148,1.13657147429616e-11,0.832367885832186
95.7,-25.2344622331529,1.60250273288457,1.09853095279161e-11,0.832367885970754
95.8,-25.2685046955494,1.60250273387767,1.06176362994552e-11,0.832367886109321
95.9,-25.302547157946,1.60250273487076,1.02622689238774e-11,0.83236788624789
96,-25.3365896203425,1.60250273586385,9.918795529979e-12,0.832367886386457
96.1,-25.3706320827391,1.60250273685695,9.58681803169485e-12,0.832367886525025
96.2,-25.4046745451357,1.60250273785004,9.26595166671651e-12,0.832367886663593
96.3,-25.4387170075322,1.60250273884314,8.95582455055174e-12,0.832367886802161
96.4,-25.4727594699288,1.60250273983623,8.65607724551052e-12,0.832367886940729
96.5,-25.5068019323253,1.60250274082932,8.36636234411582e-12,0.832367887079297
96.6,-25.5408443947219,1.60250274182242,8.08634406645823e-12,0.832367887217865
96.7,-25.5748868571184,1.60250274281551,7.81569787102672e-12,0.832367887356433
96.8,-25.608929319515,1.60250274380861,7.55411007856429e-12,0.832367887495001
96.9,-25.6429717819116,1.6025027448017,7.30127750851378e-12,0.832367887633569
97,-25.6770142443081,1.60250274579479,7.0569071276309e-12,0.832367887772137
97.1,-25.7110567067047,1.60250274678789,6.82071571035849e-12,0.832367887910705
97.2,-25.7450991691012,1.60250274778098,6.59242951056791e-12,0.832367888049273
97.3,-25.7791416314978,1.60250274877407,6.3717839442867e-12,0.832367888187841
97.4,-25.8131840938943,1.60250274976717,6.15852328304559e-12,0.832367888326409
97.5,-25.8472265562909,1.60250275076026,5.95240035748897e-12,0.832367888464977
97.6,-25.8812690186874,1.60250275175336,5.7531762709051e-12,0.832367888603545
97.7,-25.915311481084,1.60250275274645,5.56062012234478e-12,0.832367888742113
97.8,-25.9493539434806,1.60250275373954,5.37450873900666e-12,0.832367888880681
97.9,-25.9833964058771,1.60250275473264,5.19462641757997e-12,0.832367889019249
98,-26.0174388682737,1.60250275572573,5.02076467424386e-12,0.832367889157817
98.1,-26.0514813306702,1.60250275671883,4.85272200303454e-12,0.832367889296385
98.2,-26.0855237930668,1.60250275771192,4.69030364229968e-12,0.832367889434953
98.3,-26.1195662554633,1.60250275870501,4.53332134896925e-12,0.832367889573521
98.4,-26.1536087178599,1.60250275969811,4.38159318038187e-12,0.832367889712089
98.5,-26.1876511802564,1.6025027606912,4.23494328341272e-12,0.832367889850657
98.6,-26.221693642653,1.6025027616843,4.09320169065973e-12,0.832367889989225
98.7,-26.2557361050496,1.60250276267739,3.95620412345129e-12,0.832367890127793
98.8,-26.2897785674461,1.60250276367048,3.8237918014468e-12,0.832367890266361
98.9,-26.3238210298427,1.60250276466358,3.6958112586103e-12,0.832367890404929
99,-26.3578634922392,1.60250276565667,3.572114165343e-12,0.832367890543497
99.1,-26.3919059546358,1.60250276664977,3.4525571565692e-12,0.832367890682065
99.2,-26.4259484170323,1.60250276764286,3.337001665576e-12,0.832367890820633
99.3,-26.4599908794289,1.60250276863595,3.22531376341423e-12,0.832367890959201
99.4,-26.4940333418254,1.60250276962905,3.11736400367474e-12,0.832367891097769
99.5,-26.528075804222,1.60250277062214,3.01302727245976e-12,0.832367891236337
99.6,-26.5621182666186,1.60250277161524,2.91218264337587e-12,0.832367891374905
99.7,-26.5961607290151,1.60250277260833,2.81471323738006e-12,0.832367891513472
99.8,-26.6302031914117,1.60250277360142,2.72050608731684e-12,0.83236789165204
99.9,-26.6642456538082,1.60250277459452,2.62945200698917e-12,0.832367891790609
100,-26.6982881162048,1.60250277558761,2.54144546461152e-12,0.832367891929176
100.1,-26.7323305786013,1.60250277658071,2.45638446049834e-12,0.832367892067745
100.2,-26.7663730409979,1.6025027775738,2.37417040884647e-12,0.832367892206312
100.3,-26.8004155033945,1.60250277856689,2.2947080234739e-12,0.83236789234488
100.4,-26.834457965791,1.60250277955999,2.21790520738313e-12,0.832367892483448
100.5,-26.8685004281876,1.60250278055308,2.14367294602051e-12,0.832367892622016
100.6,-26.9025428905841,1.60250278154618,2.07192520410833e-12,0.832367892760584
100.7,-26.9365853529807,1.60250278253927,2.00257882592986e-12,0.832367892899152
100.8,-26.9706278153772,1.60250278353236,1.9355534389517e-12,0.83236789303772
100.9,-27.0046702777738,1.60250278452546,1.87077136067201e-12,0.832367893176288
101,-27.0387127401703,1.60250278551855,1.80815750858633e-12,0.832367893314856
101.1,-27.0727552025669,1.60250278651165,1.74763931316687e-12,0.832367893453424
101.2,-27.1067976649635,1.60250278750474,1.68914663375442e-12,0.832367893591992
101.3,-27.14084012736,1.60250278849783,1.63261167726515e-12,0.83236789373056
101.4,-27.1748825897566,1.60250278949093,1.57796891961842e-12,0.832367893869128
101.5,-27.2089250521531,1.60250279048402,1.5251550297942e-12,0.832367894007696
101.6,-27.2429675145497,1.60250279147712,1.47410879643247e-12,0.832367894146264
101.7,-27.2770099769462,1.60250279247021,1.42477105688908e-12,0.832367894284832
101.8,-27.3110524393428,1.6025027934633,1.37708462866622e-12,0.8323678944234
101.9,-27.3450949017394,1.6025027944564,1.33099424313784e-12,0.832367894561968
102,-27.3791373641359,1.60250279544949,1.28644648149323e-12,0.832367894700536
102.1,-27.4131798265325,1.60250279644258,1.24338971282456e-12,0.832367894839104
102.2,-27.447222288929,1.60250279743568,1.20177403428663e-12,0.832367894977672
102.3,-27.4812647513256,1.60250279842877,1.16155121325933e-12,0.83236789511624
102.4,-27.5153072137221,1.60250279942187,1.1226746314461e-12,0.832367895254808
102.5,-27.5493496761187,1.60250280041496,1.08509923084316e-12,0.832367895393376
102.6,-27.5833921385152,1.60250280140805,1.04878146151727e-12,0.832367895531944
102.7,-27.6174346009118,1.60250280240115,1.01367923113134e-12,0.832367895670512
102.8,-27.6514770633084,1.60250280339424,9.79751856159308e-13,0.83236789580908
102.9,-27.6855195257049,1.60250280438734,9.46960014733936e-13,0.832367895947648
103,-27.7195619881015,1.60250280538043,9.15265701072666e-13,0.832367896086216
103.1,-27.753604450498,1.60250280637352,8.84632181428908e-13,0.832367896224784
103.2,-27.7876469128946,1.60250280736662,8.55023951517594e-13,0.832367896363351
103.3,-27.8216893752911,1.60250280835971,8.26406695365634e-13,0.832367896501919
103.4,-27.8557318376877,1.60250280935281,7.98747245539705e-13,0.832367896640487
103.5,-27.8897743000842,1.6025028103459,7.72013544705114e-13,0.832367896779055
103.6,-27.9238167624808,1.60250281133899,7.46174608471342e-13,0.832367896917623
103.7,-27.9578592248774,1.60250281233209,7.21200489481096e-13,0.832367897056191
103.8,-27.9919016872739,1.60250281332518,6.97062242701262e-13,0.832367897194759
103.9,-28.0259441496705,1.60250281431828,6.73731891875608e-13,0.832367897333327
104,-28.059986612067,1.60250281531137,6.51182397100252e-13,0.832367897471895
